year,sport_clean,old_adrv_sport_names,n_adrv_source_rows,testing_sport_match_same_year,sport_raw_sources,sport_category_sources,source_tables,total_samples_aaf_outcome,aaf_outcome_total,medical_reasons_count,no_case_to_answer_count,no_sanction_count,pending_count,analytical_adrv_count,non_analytical_adrv_count_sport_allocated,total_adrv_count_sport_allocated,aaf_to_analytical_adrv_rate,adrv_share_sport_allocated,analytical_adrv_share,non_analytical_adrv_share_sport_allocated,aaf_outcome_check,analytical_adrv_detail_count,analytical_detail_vs_aaf_outcome_diff,analytical_urine_ooc,analytical_urine_ic,analytical_urine_total,analytical_blood_ooc,analytical_blood_ic,analytical_blood_total,analytical_dbs_ooc,analytical_dbs_ic,analytical_dbs_total,source_file,source_year,source_report,has_aaf_outcome_data,has_non_analytical_adrv_data
2016,Athletics,Athletics,1,TRUE,Athletics,ASOIF | IPC | Other Sports - Non-Code Signatories | Sports for Athletes with an Impairment,ASOIF | IPC | Other Sports - Non-Code Signatories | Sports for Athletes with an Impairment,34025,399,44,11,133,42,169,47,216,0.42355889724310775,0.1372299872935197,0.12745098039215685,0.18951612903225806,0,NA,NA,NA,NA,NA,NA,NA,NA,NA,NA,NA,wada_adrv_2016_sport_totals.csv,2016,2016 WADA Anti-Doping Rule Violations (ADRVs) Report,TRUE,TRUE
2016,Bodybuilding,Bodybuilding,1,TRUE,Bodybuilding,AIMS | Other Sports - Non-Code Signatories,AIMS | Other Sports - Non-Code Signatories,1565,291,1,10,2,130,148,50,198,0.5085910652920962,0.12579415501905972,0.11161387631975868,0.20161290322580644,0,NA,NA,NA,NA,NA,NA,NA,NA,NA,NA,NA,wada_adrv_2016_sport_totals.csv,2016,2016 WADA Anti-Doping Rule Violations (ADRVs) Report,TRUE,TRUE
2016,Cycling,Cycling,1,TRUE,Cycling,ASOIF | Sports for Athletes with an Impairment,ASOIF | Sports for Athletes with an Impairment,24006,273,41,11,31,43,147,22,169,0.5384615384615384,0.10736975857687421,0.11085972850678733,0.08870967741935484,0,NA,NA,NA,NA,NA,NA,NA,NA,NA,NA,NA,wada_adrv_2016_sport_totals.csv,2016,2016 WADA Anti-Doping Rule Violations (ADRVs) Report,TRUE,TRUE
2016,Weightlifting,Weightlifting,1,TRUE,Weightlifting,ASOIF,ASOIF,8834,167,4,2,26,26,109,7,116,0.6526946107784432,0.07369758576874205,0.08220211161387632,0.028225806451612902,0,NA,NA,NA,NA,NA,NA,NA,NA,NA,NA,NA,wada_adrv_2016_sport_totals.csv,2016,2016 WADA Anti-Doping Rule Violations (ADRVs) Report,TRUE,TRUE
2016,Powerlifting,Powerlifting,1,TRUE,Powerlifting,AIMS | IPC | Other Sports - Non-Code Signatories,AIMS | IPC | Other Sports - Non-Code Signatories,3878,155,18,7,7,45,78,5,83,0.5032258064516129,0.05273189326556544,0.058823529411764705,0.020161290322580645,0,NA,NA,NA,NA,NA,NA,NA,NA,NA,NA,NA,wada_adrv_2016_sport_totals.csv,2016,2016 WADA Anti-Doping Rule Violations (ADRVs) Report,TRUE,TRUE
2016,Football,Football,1,TRUE,Football,ASOIF | Other Sports - Non-Code Signatories,ASOIF | Other Sports - Non-Code Signatories,33305,170,8,14,40,32,76,5,81,0.4470588235294118,0.05146124523506988,0.05731523378582202,0.020161290322580645,0,NA,NA,NA,NA,NA,NA,NA,NA,NA,NA,NA,wada_adrv_2016_sport_totals.csv,2016,2016 WADA Anti-Doping Rule Violations (ADRVs) Report,TRUE,TRUE
2016,Wrestling,Wrestling,1,TRUE,Wrestling,ASOIF,ASOIF,5069,135,5,3,52,14,61,3,64,0.45185185185185184,0.04066073697585769,0.04600301659125189,0.012096774193548387,0,NA,NA,NA,NA,NA,NA,NA,NA,NA,NA,NA,wada_adrv_2016_sport_totals.csv,2016,2016 WADA Anti-Doping Rule Violations (ADRVs) Report,TRUE,TRUE
2016,Rugby Union,Rugby Union,1,TRUE,Rugby Union,ASOIF | Other Sports - Non-Code Signatories | Sports for Athletes with an Impairment,ASOIF | Other Sports - Non-Code Signatories | Sports for Athletes with an Impairment,7579,82,16,7,2,6,51,6,57,0.6219512195121951,0.03621346886912325,0.038461538461538464,0.024193548387096774,0,NA,NA,NA,NA,NA,NA,NA,NA,NA,NA,NA,wada_adrv_2016_sport_totals.csv,2016,2016 WADA Anti-Doping Rule Violations (ADRVs) Report,TRUE,TRUE
2016,Boxing,Boxing,1,TRUE,Boxing,ASOIF | Other Sports - Non-Code Signatories,ASOIF | Other Sports - Non-Code Signatories,4999,107,2,7,19,45,34,2,36,0.3177570093457944,0.022871664548919948,0.02564102564102564,0.008064516129032258,0,NA,NA,NA,NA,NA,NA,NA,NA,NA,NA,NA,wada_adrv_2016_sport_totals.csv,2016,2016 WADA Anti-Doping Rule Violations (ADRVs) Report,TRUE,TRUE
2016,Aquatics,Aquatics,1,TRUE,Aquatics,ASOIF | IPC,ASOIF | IPC,16216,157,47,5,59,13,33,2,35,0.21019108280254778,0.022236340533672173,0.024886877828054297,0.008064516129032258,0,NA,NA,NA,NA,NA,NA,NA,NA,NA,NA,NA,wada_adrv_2016_sport_totals.csv,2016,2016 WADA Anti-Doping Rule Violations (ADRVs) Report,TRUE,TRUE
2016,Basketball,Basketball | Wheelchair Basketball,2,TRUE,Basketball | Wheelchair Basketball,ASOIF | Other Sports - Non-Code Signatories | Sports for Athletes with an Impairment,ASOIF | Other Sports - Non-Code Signatories | Sports for Athletes with an Impairment,5512,56,10,5,7,5,29,3,32,0.5178571428571429,0.020330368487928845,0.021870286576168928,0.012096774193548387,0,NA,NA,NA,NA,NA,NA,NA,NA,NA,NA,NA,wada_adrv_2016_sport_totals.csv,2016,2016 WADA Anti-Doping Rule Violations (ADRVs) Report,TRUE,TRUE
2016,Canoe / Kayak,Canoe / Kayak,1,TRUE,Canoe/Kayak,ASOIF | Sports for Athletes with an Impairment,ASOIF | Sports for Athletes with an Impairment,4339,73,5,1,33,5,29,3,32,0.3972602739726027,0.020330368487928845,0.021870286576168928,0.012096774193548387,0,NA,NA,NA,NA,NA,NA,NA,NA,NA,NA,NA,wada_adrv_2016_sport_totals.csv,2016,2016 WADA Anti-Doping Rule Violations (ADRVs) Report,TRUE,TRUE
2016,Australian Rules Football,Australian Rules Football,1,TRUE,Australian Rules Football,Other Sports - Non-Code Signatories,Other Sports - Non-Code Signatories,479,4,3,0,0,0,1,30,31,0.25,0.019695044472681066,7.541478129713424e-4,0.12096774193548387,0,NA,NA,NA,NA,NA,NA,NA,NA,NA,NA,NA,wada_adrv_2016_sport_totals.csv,2016,2016 WADA Anti-Doping Rule Violations (ADRVs) Report,TRUE,TRUE
2016,Judo,Judo,1,TRUE,Judo,ASOIF | Sports for Athletes with an Impairment,ASOIF | Sports for Athletes with an Impairment,4461,51,3,1,14,8,25,3,28,0.49019607843137253,0.017789072426937738,0.01885369532428356,0.012096774193548387,0,NA,NA,NA,NA,NA,NA,NA,NA,NA,NA,NA,wada_adrv_2016_sport_totals.csv,2016,2016 WADA Anti-Doping Rule Violations (ADRVs) Report,TRUE,TRUE
2016,Kickboxing,Kickboxing,1,TRUE,Kickboxing,AIMS,AIMS,517,33,4,1,2,2,24,2,26,0.7272727272727273,0.016518424396442185,0.01809954751131222,0.008064516129032258,0,NA,NA,NA,NA,NA,NA,NA,NA,NA,NA,NA,wada_adrv_2016_sport_totals.csv,2016,2016 WADA Anti-Doping Rule Violations (ADRVs) Report,TRUE,TRUE
2016,Rugby League,Rugby League,1,TRUE,Rugby League,Other Code Signatories,Other Code Signatories,1621,21,2,3,0,0,16,10,26,0.7619047619047619,0.016518424396442185,0.012066365007541479,0.04032258064516129,0,NA,NA,NA,NA,NA,NA,NA,NA,NA,NA,NA,wada_adrv_2016_sport_totals.csv,2016,2016 WADA Anti-Doping Rule Violations (ADRVs) Report,TRUE,TRUE
2016,Triathlon,Triathlon,1,TRUE,Triathlon,ASOIF | Other Code Signatories | Sports for Athletes with an Impairment,ASOIF | Other Code Signatories | Sports for Athletes with an Impairment,4691,46,13,0,8,5,20,3,23,0.43478260869565216,0.014612452350698857,0.015082956259426848,0.012096774193548387,0,NA,NA,NA,NA,NA,NA,NA,NA,NA,NA,NA,wada_adrv_2016_sport_totals.csv,2016,2016 WADA Anti-Doping Rule Violations (ADRVs) Report,TRUE,TRUE
2016,American Football,American Football,1,TRUE,American Football,ARISF | Other Sports - Non-Code Signatories,ARISF | Other Sports - Non-Code Signatories,1616,70,7,2,0,40,21,0,21,0.3,0.013341804320203304,0.01583710407239819,0,0,NA,NA,NA,NA,NA,NA,NA,NA,NA,NA,NA,wada_adrv_2016_sport_totals.csv,2016,2016 WADA Anti-Doping Rule Violations (ADRVs) Report,TRUE,FALSE
2016,Mixed Martial Arts,Mixed Martial Arts,1,TRUE,Mixed Martial Arts,Other Sports - Non-Code Signatories,Other Sports - Non-Code Signatories,2114,64,1,11,3,28,21,0,21,0.328125,0.013341804320203304,0.01583710407239819,0,0,NA,NA,NA,NA,NA,NA,NA,NA,NA,NA,NA,wada_adrv_2016_sport_totals.csv,2016,2016 WADA Anti-Doping Rule Violations (ADRVs) Report,TRUE,FALSE
2016,Taekwondo,Taekwondo,1,TRUE,Taekwondo,ASOIF | Other Code Signatories | Sports for Athletes with an Impairment,ASOIF | Other Code Signatories | Sports for Athletes with an Impairment,1805,27,0,1,1,6,19,0,19,0.7037037037037037,0.01207115628970775,0.014328808446455505,0,0,NA,NA,NA,NA,NA,NA,NA,NA,NA,NA,NA,wada_adrv_2016_sport_totals.csv,2016,2016 WADA Anti-Doping Rule Violations (ADRVs) Report,TRUE,FALSE
2016,Automobile Sports,Automobile Sports,1,TRUE,Automobile Sports,ARISF,ARISF,402,12,4,0,0,2,6,12,18,0.5,0.011435832274459974,0.004524886877828055,0.04838709677419355,0,NA,NA,NA,NA,NA,NA,NA,NA,NA,NA,NA,wada_adrv_2016_sport_totals.csv,2016,2016 WADA Anti-Doping Rule Violations (ADRVs) Report,TRUE,TRUE
2016,Handball,Handball,1,TRUE,Handball,ASOIF | Other Sports - Non-Code Signatories,ASOIF | Other Sports - Non-Code Signatories,3897,17,3,1,0,2,11,5,16,0.6470588235294118,0.010165184243964422,0.008295625942684766,0.020161290322580645,0,NA,NA,NA,NA,NA,NA,NA,NA,NA,NA,NA,wada_adrv_2016_sport_totals.csv,2016,2016 WADA Anti-Doping Rule Violations (ADRVs) Report,TRUE,TRUE
2016,Volleyball,Volleyball,1,TRUE,Volleyball,ASOIF,ASOIF,4199,31,2,1,9,4,15,1,16,0.4838709677419355,0.010165184243964422,0.011312217194570135,0.004032258064516129,0,NA,NA,NA,NA,NA,NA,NA,NA,NA,NA,NA,wada_adrv_2016_sport_totals.csv,2016,2016 WADA Anti-Doping Rule Violations (ADRVs) Report,TRUE,TRUE
2016,Muaythai,Muaythai,1,TRUE,Muaythai,AIMS,AIMS,364,20,1,0,0,6,13,0,13,0.65,0.008259212198221092,0.00980392156862745,0,0,NA,NA,NA,NA,NA,NA,NA,NA,NA,NA,NA,wada_adrv_2016_sport_totals.csv,2016,2016 WADA Anti-Doping Rule Violations (ADRVs) Report,TRUE,FALSE
2016,Ice Hockey,Ice Hockey,1,TRUE,Ice Hockey,AIOWF,AIOWF,3229,36,11,1,10,3,11,1,12,0.3055555555555556,0.007623888182973317,0.008295625942684766,0.004032258064516129,0,NA,NA,NA,NA,NA,NA,NA,NA,NA,NA,NA,wada_adrv_2016_sport_totals.csv,2016,2016 WADA Anti-Doping Rule Violations (ADRVs) Report,TRUE,TRUE
2016,Arm Wrestling,Arm Wrestling,1,TRUE,Arm Wrestling,Other Code Signatories | Sports for Athletes with an Impairment,Other Code Signatories | Sports for Athletes with an Impairment,203,20,0,0,0,11,9,0,9,0.45,0.005717916137229987,0.006787330316742082,0,0,NA,NA,NA,NA,NA,NA,NA,NA,NA,NA,NA,wada_adrv_2016_sport_totals.csv,2016,2016 WADA Anti-Doping Rule Violations (ADRVs) Report,TRUE,FALSE
2016,Kabaddi,Kabaddi,1,TRUE,Kabaddi,Other Sports - Non-Code Signatories,Other Sports - Non-Code Signatories,267,21,0,10,0,2,9,0,9,0.42857142857142855,0.005717916137229987,0.006787330316742082,0,0,NA,NA,NA,NA,NA,NA,NA,NA,NA,NA,NA,wada_adrv_2016_sport_totals.csv,2016,2016 WADA Anti-Doping Rule Violations (ADRVs) Report,TRUE,FALSE
2016,Motorcycling,Motorcycle Racing,1,TRUE,Motorcycle Racing,ARISF,ARISF,441,11,2,0,0,1,8,1,9,0.7272727272727273,0.005717916137229987,0.006033182503770739,0.004032258064516129,0,NA,NA,NA,NA,NA,NA,NA,NA,NA,NA,NA,wada_adrv_2016_sport_totals.csv,2016,2016 WADA Anti-Doping Rule Violations (ADRVs) Report,TRUE,TRUE
2016,Roller Sports,Roller Sports,1,TRUE,Roller Sports,ARISF,ARISF,823,5,0,0,0,0,5,4,9,1,0.005717916137229987,0.003770739064856712,0.016129032258064516,0,NA,NA,NA,NA,NA,NA,NA,NA,NA,NA,NA,wada_adrv_2016_sport_totals.csv,2016,2016 WADA Anti-Doping Rule Violations (ADRVs) Report,TRUE,TRUE
2016,Rowing,Rowing,1,TRUE,Rowing,ASOIF | Other Sports - Non-Code Signatories | Sports for Athletes with an Impairment,ASOIF | Other Sports - Non-Code Signatories | Sports for Athletes with an Impairment,5117,33,7,1,3,14,8,0,8,0.24242424242424243,0.005082592121982211,0.006033182503770739,0,0,NA,NA,NA,NA,NA,NA,NA,NA,NA,NA,NA,wada_adrv_2016_sport_totals.csv,2016,2016 WADA Anti-Doping Rule Violations (ADRVs) Report,TRUE,FALSE
2016,Tennis,Tennis,1,TRUE,Tennis,ASOIF | Sports for Athletes with an Impairment,ASOIF | Sports for Athletes with an Impairment,4828,35,4,1,21,2,7,1,8,0.2,0.005082592121982211,0.005279034690799397,0.004032258064516129,0,NA,NA,NA,NA,NA,NA,NA,NA,NA,NA,NA,wada_adrv_2016_sport_totals.csv,2016,2016 WADA Anti-Doping Rule Violations (ADRVs) Report,TRUE,TRUE
2016,Bridge,Bridge,1,TRUE,Bridge,ARISF,ARISF,59,13,0,0,0,6,7,0,7,0.5384615384615384,0.0044472681067344345,0.005279034690799397,0,0,NA,NA,NA,NA,NA,NA,NA,NA,NA,NA,NA,wada_adrv_2016_sport_totals.csv,2016,2016 WADA Anti-Doping Rule Violations (ADRVs) Report,TRUE,FALSE
2016,Skiing,Skiing,1,TRUE,Skiing,AIOWF | IPC,AIOWF | IPC,4930,15,4,1,6,0,4,3,7,0.26666666666666666,0.0044472681067344345,0.0030165912518853697,0.012096774193548387,0,NA,NA,NA,NA,NA,NA,NA,NA,NA,NA,NA,wada_adrv_2016_sport_totals.csv,2016,2016 WADA Anti-Doping Rule Violations (ADRVs) Report,TRUE,TRUE
2016,Baseball,Baseball,1,TRUE,Baseball,ARISF | Other Sports - Non-Code Signatories,ARISF | Other Sports - Non-Code Signatories,1593,64,5,4,0,50,5,1,6,0.078125,0.0038119440914866584,0.003770739064856712,0.004032258064516129,0,NA,NA,NA,NA,NA,NA,NA,NA,NA,NA,NA,wada_adrv_2016_sport_totals.csv,2016,2016 WADA Anti-Doping Rule Violations (ADRVs) Report,TRUE,TRUE
2016,Biathlon,Biathlon,1,TRUE,Biathlon,AIOWF,AIOWF,1688,16,0,1,9,1,5,1,6,0.3125,0.0038119440914866584,0.003770739064856712,0.004032258064516129,0,NA,NA,NA,NA,NA,NA,NA,NA,NA,NA,NA,wada_adrv_2016_sport_totals.csv,2016,2016 WADA Anti-Doping Rule Violations (ADRVs) Report,TRUE,TRUE
2016,Sambo,Sambo,1,TRUE,Sambo,AIMS,AIMS,273,16,0,0,6,4,6,0,6,0.375,0.0038119440914866584,0.004524886877828055,0,0,NA,NA,NA,NA,NA,NA,NA,NA,NA,NA,NA,wada_adrv_2016_sport_totals.csv,2016,2016 WADA Anti-Doping Rule Violations (ADRVs) Report,TRUE,FALSE
2016,Underwater Sports,Underwater Sports,1,TRUE,Underwater Sports,ARISF,ARISF,612,11,2,0,2,1,6,0,6,0.5454545454545454,0.0038119440914866584,0.004524886877828055,0,0,NA,NA,NA,NA,NA,NA,NA,NA,NA,NA,NA,wada_adrv_2016_sport_totals.csv,2016,2016 WADA Anti-Doping Rule Violations (ADRVs) Report,TRUE,FALSE
2016,Archery,Archery,1,TRUE,Archery,ASOIF | Sports for Athletes with an Impairment,ASOIF | Sports for Athletes with an Impairment,1110,14,8,2,0,0,4,1,5,0.2857142857142857,0.0031766200762388818,0.0030165912518853697,0.004032258064516129,0,NA,NA,NA,NA,NA,NA,NA,NA,NA,NA,NA,wada_adrv_2016_sport_totals.csv,2016,2016 WADA Anti-Doping Rule Violations (ADRVs) Report,TRUE,TRUE
2016,Gymnastics,Gymnastics,1,TRUE,Gymnastics,ASOIF,ASOIF,2123,18,10,0,3,1,4,1,5,0.2222222222222222,0.0031766200762388818,0.0030165912518853697,0.004032258064516129,0,NA,NA,NA,NA,NA,NA,NA,NA,NA,NA,NA,wada_adrv_2016_sport_totals.csv,2016,2016 WADA Anti-Doping Rule Violations (ADRVs) Report,TRUE,TRUE
2016,Equestrian,Equestrian,1,TRUE,Equestrian,ASOIF | Sports for Athletes with an Impairment,ASOIF | Sports for Athletes with an Impairment,736,6,2,0,1,1,2,2,4,0.3333333333333333,0.0025412960609911056,0.0015082956259426848,0.008064516129032258,0,NA,NA,NA,NA,NA,NA,NA,NA,NA,NA,NA,wada_adrv_2016_sport_totals.csv,2016,2016 WADA Anti-Doping Rule Violations (ADRVs) Report,TRUE,TRUE
2016,Skating,Skating,1,TRUE,Skating,AIOWF,AIOWF,3611,26,1,0,22,0,3,1,4,0.11538461538461539,0.0025412960609911056,0.0022624434389140274,0.004032258064516129,0,NA,NA,NA,NA,NA,NA,NA,NA,NA,NA,NA,wada_adrv_2016_sport_totals.csv,2016,2016 WADA Anti-Doping Rule Violations (ADRVs) Report,TRUE,TRUE
2016,Bobsleigh,Bobsleigh,1,TRUE,Bobsleigh,AIOWF | Sports for Athletes with an Impairment,AIOWF | Sports for Athletes with an Impairment,820,8,1,0,5,0,2,1,3,0.25,0.0019059720457433292,0.0015082956259426848,0.004032258064516129,0,NA,NA,NA,NA,NA,NA,NA,NA,NA,NA,NA,wada_adrv_2016_sport_totals.csv,2016,2016 WADA Anti-Doping Rule Violations (ADRVs) Report,TRUE,TRUE
2016,Dragon Boat,Dragon Boat,1,TRUE,Dragon Boat,AIMS,AIMS,45,3,0,0,0,0,3,0,3,1,0.0019059720457433292,0.0022624434389140274,0,0,NA,NA,NA,NA,NA,NA,NA,NA,NA,NA,NA,wada_adrv_2016_sport_totals.csv,2016,2016 WADA Anti-Doping Rule Violations (ADRVs) Report,TRUE,FALSE
2016,Fencing,Fencing,1,TRUE,Fencing,ASOIF | Sports for Athletes with an Impairment,ASOIF | Sports for Athletes with an Impairment,1812,11,4,1,1,2,3,0,3,0.2727272727272727,0.0019059720457433292,0.0022624434389140274,0,0,NA,NA,NA,NA,NA,NA,NA,NA,NA,NA,NA,wada_adrv_2016_sport_totals.csv,2016,2016 WADA Anti-Doping Rule Violations (ADRVs) Report,TRUE,FALSE
2016,Field Hockey,Field Hockey,1,TRUE,Field Hockey,ASOIF | Sports for Athletes with an Impairment,ASOIF | Sports for Athletes with an Impairment,1661,8,1,1,1,3,2,1,3,0.25,0.0019059720457433292,0.0015082956259426848,0.004032258064516129,0,NA,NA,NA,NA,NA,NA,NA,NA,NA,NA,NA,wada_adrv_2016_sport_totals.csv,2016,2016 WADA Anti-Doping Rule Violations (ADRVs) Report,TRUE,TRUE
2016,Jiu-Jitsu,Jiu-Jitsu,1,TRUE,Jiu-Jitsu | Ju-Jitsu,AIMS | Other Sports - Non-Code Signatories,AIMS | Other Sports - Non-Code Signatories,236,3,1,0,0,0,2,1,3,0.6666666666666666,0.0019059720457433292,0.0015082956259426848,0.004032258064516129,0,NA,NA,NA,NA,NA,NA,NA,NA,NA,NA,NA,wada_adrv_2016_sport_totals.csv,2016,2016 WADA Anti-Doping Rule Violations (ADRVs) Report,TRUE,TRUE
2016,Karate,Karate,1,TRUE,Karate,ARISF | Other Sports - Non-Code Signatories,ARISF | Other Sports - Non-Code Signatories,835,8,0,1,0,5,2,1,3,0.25,0.0019059720457433292,0.0015082956259426848,0.004032258064516129,0,NA,NA,NA,NA,NA,NA,NA,NA,NA,NA,NA,wada_adrv_2016_sport_totals.csv,2016,2016 WADA Anti-Doping Rule Violations (ADRVs) Report,TRUE,TRUE
2016,Powerboating,Powerboating,1,TRUE,Powerboating,ARISF,ARISF,175,4,0,0,0,1,3,0,3,0.75,0.0019059720457433292,0.0022624434389140274,0,0,NA,NA,NA,NA,NA,NA,NA,NA,NA,NA,NA,wada_adrv_2016_sport_totals.csv,2016,2016 WADA Anti-Doping Rule Violations (ADRVs) Report,TRUE,FALSE
2016,Squash,Squash,1,TRUE,Squash,ARISF,ARISF,237,4,1,0,0,0,3,0,3,0.75,0.0019059720457433292,0.0022624434389140274,0,0,NA,NA,NA,NA,NA,NA,NA,NA,NA,NA,NA,wada_adrv_2016_sport_totals.csv,2016,2016 WADA Anti-Doping Rule Violations (ADRVs) Report,TRUE,FALSE
2016,Ultimate Fighting,Ultimate Fighting,1,TRUE,Ultimate Fighting,Other Sports - Non-Code Signatories,Other Sports - Non-Code Signatories,29,2,0,0,1,0,1,2,3,0.5,0.0019059720457433292,7.541478129713424e-4,0.008064516129032258,0,NA,NA,NA,NA,NA,NA,NA,NA,NA,NA,NA,wada_adrv_2016_sport_totals.csv,2016,2016 WADA Anti-Doping Rule Violations (ADRVs) Report,TRUE,TRUE
2016,Badminton,Badminton,1,TRUE,Badminton,ASOIF | Other Sports - Non-Code Signatories,ASOIF | Other Sports - Non-Code Signatories,1296,7,2,1,2,0,2,0,2,0.2857142857142857,0.0012706480304955528,0.0015082956259426848,0,0,NA,NA,NA,NA,NA,NA,NA,NA,NA,NA,NA,wada_adrv_2016_sport_totals.csv,2016,2016 WADA Anti-Doping Rule Violations (ADRVs) Report,TRUE,FALSE
2016,Billiards,Billiards Sports,1,TRUE,Billiards Sports,ARISF,ARISF,195,6,1,0,0,3,2,0,2,0.3333333333333333,0.0012706480304955528,0.0015082956259426848,0,0,NA,NA,NA,NA,NA,NA,NA,NA,NA,NA,NA,wada_adrv_2016_sport_totals.csv,2016,2016 WADA Anti-Doping Rule Violations (ADRVs) Report,TRUE,FALSE
2016,Cricket,Cricket,1,TRUE,Cricket,ARISF,ARISF,1164,3,0,1,1,0,1,1,2,0.3333333333333333,0.0012706480304955528,7.541478129713424e-4,0.004032258064516129,0,NA,NA,NA,NA,NA,NA,NA,NA,NA,NA,NA,wada_adrv_2016_sport_totals.csv,2016,2016 WADA Anti-Doping Rule Violations (ADRVs) Report,TRUE,TRUE
2016,DanceSport,DanceSport,1,TRUE,DanceSport,ARISF,ARISF,344,2,0,0,0,0,2,0,2,1,0.0012706480304955528,0.0015082956259426848,0,0,NA,NA,NA,NA,NA,NA,NA,NA,NA,NA,NA,wada_adrv_2016_sport_totals.csv,2016,2016 WADA Anti-Doping Rule Violations (ADRVs) Report,TRUE,FALSE
2016,Kurash,Kurash,1,TRUE,Kurash,Other Code Signatories,Other Code Signatories,93,6,0,0,4,0,2,0,2,0.3333333333333333,0.0012706480304955528,0.0015082956259426848,0,0,NA,NA,NA,NA,NA,NA,NA,NA,NA,NA,NA,wada_adrv_2016_sport_totals.csv,2016,2016 WADA Anti-Doping Rule Violations (ADRVs) Report,TRUE,FALSE
2016,Military Sport Pentathlon,Military Sport Pentathlon,1,TRUE,Military Sport Pentathlon,Other Sports - Non-Code Signatories,Other Sports - Non-Code Signatories,27,2,0,0,0,0,2,0,2,1,0.0012706480304955528,0.0015082956259426848,0,0,NA,NA,NA,NA,NA,NA,NA,NA,NA,NA,NA,wada_adrv_2016_sport_totals.csv,2016,2016 WADA Anti-Doping Rule Violations (ADRVs) Report,TRUE,FALSE
2016,Modern Pentathlon,Modern Pentathlon,1,TRUE,Modern Pentathlon,ASOIF,ASOIF,639,7,0,2,2,1,2,0,2,0.2857142857142857,0.0012706480304955528,0.0015082956259426848,0,0,NA,NA,NA,NA,NA,NA,NA,NA,NA,NA,NA,wada_adrv_2016_sport_totals.csv,2016,2016 WADA Anti-Doping Rule Violations (ADRVs) Report,TRUE,FALSE
2016,Shooting,Shooting,1,TRUE,Shooting,ASOIF | IPC,ASOIF | IPC,1947,12,6,0,1,3,2,0,2,0.16666666666666666,0.0012706480304955528,0.0015082956259426848,0,0,NA,NA,NA,NA,NA,NA,NA,NA,NA,NA,NA,wada_adrv_2016_sport_totals.csv,2016,2016 WADA Anti-Doping Rule Violations (ADRVs) Report,TRUE,FALSE
2016,Surfing,Surfing,1,TRUE,Surfing,ARISF | Other Sports - Non-Code Signatories,ARISF | Other Sports - Non-Code Signatories,208,6,0,0,3,1,2,0,2,0.3333333333333333,0.0012706480304955528,0.0015082956259426848,0,0,NA,NA,NA,NA,NA,NA,NA,NA,NA,NA,NA,wada_adrv_2016_sport_totals.csv,2016,2016 WADA Anti-Doping Rule Violations (ADRVs) Report,TRUE,FALSE
2016,Table Tennis,Table Tennis,1,TRUE,Table Tennis,ASOIF | Sports for Athletes with an Impairment,ASOIF | Sports for Athletes with an Impairment,1324,6,0,0,3,1,2,0,2,0.3333333333333333,0.0012706480304955528,0.0015082956259426848,0,0,NA,NA,NA,NA,NA,NA,NA,NA,NA,NA,NA,wada_adrv_2016_sport_totals.csv,2016,2016 WADA Anti-Doping Rule Violations (ADRVs) Report,TRUE,FALSE
2016,Wushu,Wushu,1,TRUE,Wushu,ARISF,ARISF,269,9,0,2,0,5,2,0,2,0.2222222222222222,0.0012706480304955528,0.0015082956259426848,0,0,NA,NA,NA,NA,NA,NA,NA,NA,NA,NA,NA,wada_adrv_2016_sport_totals.csv,2016,2016 WADA Anti-Doping Rule Violations (ADRVs) Report,TRUE,FALSE
2016,Aikido,Aikido,1,TRUE,Aikido,NA,NA,0,0,0,0,0,0,0,1,1,NA,6.353240152477764e-4,0,0.004032258064516129,0,NA,NA,NA,NA,NA,NA,NA,NA,NA,NA,NA,wada_adrv_2016_sport_totals.csv,2016,2016 WADA Anti-Doping Rule Violations (ADRVs) Report,FALSE,TRUE
2016,Bandy,Bandy,1,TRUE,Bandy,ARISF,ARISF,124,4,0,0,3,0,1,0,1,0.25,6.353240152477764e-4,7.541478129713424e-4,0,0,NA,NA,NA,NA,NA,NA,NA,NA,NA,NA,NA,wada_adrv_2016_sport_totals.csv,2016,2016 WADA Anti-Doping Rule Violations (ADRVs) Report,TRUE,FALSE
2016,Baseball / Softball,Softball,1,TRUE,Softball,ARISF,ARISF,164,1,0,0,0,0,1,0,1,1,6.353240152477764e-4,7.541478129713424e-4,0,0,NA,NA,NA,NA,NA,NA,NA,NA,NA,NA,NA,wada_adrv_2016_sport_totals.csv,2016,2016 WADA Anti-Doping Rule Violations (ADRVs) Report,TRUE,FALSE
2016,Boules Sports,Boules Sports,1,TRUE,Boules Sports,ARISF,ARISF,130,4,0,0,0,3,1,0,1,0.25,6.353240152477764e-4,7.541478129713424e-4,0,0,NA,NA,NA,NA,NA,NA,NA,NA,NA,NA,NA,wada_adrv_2016_sport_totals.csv,2016,2016 WADA Anti-Doping Rule Violations (ADRVs) Report,TRUE,FALSE
2016,Bowling,Bowling,1,TRUE,Bowling,ARISF,ARISF,153,2,1,0,0,0,1,0,1,0.5,6.353240152477764e-4,7.541478129713424e-4,0,0,NA,NA,NA,NA,NA,NA,NA,NA,NA,NA,NA,wada_adrv_2016_sport_totals.csv,2016,2016 WADA Anti-Doping Rule Violations (ADRVs) Report,TRUE,FALSE
2016,Cheer,Cheer,1,TRUE,Cheer,AIMS,AIMS,29,1,0,0,0,0,1,0,1,1,6.353240152477764e-4,7.541478129713424e-4,0,0,NA,NA,NA,NA,NA,NA,NA,NA,NA,NA,NA,wada_adrv_2016_sport_totals.csv,2016,2016 WADA Anti-Doping Rule Violations (ADRVs) Report,TRUE,FALSE
2016,Company Sports,Company Sports,1,TRUE,Company Sports,Other Sports - Non-Code Signatories,Other Sports - Non-Code Signatories,10,1,0,0,0,0,1,0,1,1,6.353240152477764e-4,7.541478129713424e-4,0,0,NA,NA,NA,NA,NA,NA,NA,NA,NA,NA,NA,wada_adrv_2016_sport_totals.csv,2016,2016 WADA Anti-Doping Rule Violations (ADRVs) Report,TRUE,FALSE
2016,Curling,Curling,1,TRUE,Curling,AIOWF | Sports for Athletes with an Impairment,AIOWF | Sports for Athletes with an Impairment,260,3,1,0,0,1,1,0,1,0.3333333333333333,6.353240152477764e-4,7.541478129713424e-4,0,0,NA,NA,NA,NA,NA,NA,NA,NA,NA,NA,NA,wada_adrv_2016_sport_totals.csv,2016,2016 WADA Anti-Doping Rule Violations (ADRVs) Report,TRUE,FALSE
2016,Floorball,Floorball,1,TRUE,Floorball,ARISF,ARISF,386,2,1,0,0,0,1,0,1,0.5,6.353240152477764e-4,7.541478129713424e-4,0,0,NA,NA,NA,NA,NA,NA,NA,NA,NA,NA,NA,wada_adrv_2016_sport_totals.csv,2016,2016 WADA Anti-Doping Rule Violations (ADRVs) Report,TRUE,FALSE
2016,Gaelic Games,Gaelic Games,1,TRUE,Gaelic Games,Other Sports - Non-Code Signatories,Other Sports - Non-Code Signatories,102,1,0,0,0,0,1,0,1,1,6.353240152477764e-4,7.541478129713424e-4,0,0,NA,NA,NA,NA,NA,NA,NA,NA,NA,NA,NA,wada_adrv_2016_sport_totals.csv,2016,2016 WADA Anti-Doping Rule Violations (ADRVs) Report,TRUE,FALSE
2016,Goalball,Goalball,1,TRUE,Goalball,Sports for Athletes with an Impairment,Sports for Athletes with an Impairment,155,6,1,2,0,2,1,0,1,0.16666666666666666,6.353240152477764e-4,7.541478129713424e-4,0,0,NA,NA,NA,NA,NA,NA,NA,NA,NA,NA,NA,wada_adrv_2016_sport_totals.csv,2016,2016 WADA Anti-Doping Rule Violations (ADRVs) Report,TRUE,FALSE
2016,Golf,Golf,1,TRUE,Golf,ASOIF | Other Sports - Non-Code Signatories,ASOIF | Other Sports - Non-Code Signatories,714,5,2,1,1,0,1,0,1,0.2,6.353240152477764e-4,7.541478129713424e-4,0,0,NA,NA,NA,NA,NA,NA,NA,NA,NA,NA,NA,wada_adrv_2016_sport_totals.csv,2016,2016 WADA Anti-Doping Rule Violations (ADRVs) Report,TRUE,FALSE
2016,Horse Racing,Horse Racing,1,TRUE,Horse Racing,Other Sports - Non-Code Signatories,Other Sports - Non-Code Signatories,216,7,0,0,0,6,1,0,1,0.14285714285714285,6.353240152477764e-4,7.541478129713424e-4,0,0,NA,NA,NA,NA,NA,NA,NA,NA,NA,NA,NA,wada_adrv_2016_sport_totals.csv,2016,2016 WADA Anti-Doping Rule Violations (ADRVs) Report,TRUE,FALSE
2016,Jet-Ski,Jet-Ski,1,TRUE,Jet-Ski,Other Sports - Non-Code Signatories,Other Sports - Non-Code Signatories,9,1,0,0,0,0,1,0,1,1,6.353240152477764e-4,7.541478129713424e-4,0,0,NA,NA,NA,NA,NA,NA,NA,NA,NA,NA,NA,wada_adrv_2016_sport_totals.csv,2016,2016 WADA Anti-Doping Rule Violations (ADRVs) Report,TRUE,FALSE
2016,Korfball,Korfball,1,TRUE,Korfball,ARISF,ARISF,49,2,1,0,0,0,1,0,1,0.5,6.353240152477764e-4,7.541478129713424e-4,0,0,NA,NA,NA,NA,NA,NA,NA,NA,NA,NA,NA,wada_adrv_2016_sport_totals.csv,2016,2016 WADA Anti-Doping Rule Violations (ADRVs) Report,TRUE,FALSE
2016,Luge,Luge,1,TRUE,Luge,AIOWF,AIOWF,284,1,0,0,0,0,1,0,1,1,6.353240152477764e-4,7.541478129713424e-4,0,0,NA,NA,NA,NA,NA,NA,NA,NA,NA,NA,NA,wada_adrv_2016_sport_totals.csv,2016,2016 WADA Anti-Doping Rule Violations (ADRVs) Report,TRUE,FALSE
2016,Mountaineering and Climbing,Mountaineering and Climbing,1,TRUE,Mountaineering and Climbing,ARISF,ARISF,130,2,0,0,0,2,0,1,1,0,6.353240152477764e-4,0,0.004032258064516129,0,NA,NA,NA,NA,NA,NA,NA,NA,NA,NA,NA,wada_adrv_2016_sport_totals.csv,2016,2016 WADA Anti-Doping Rule Violations (ADRVs) Report,TRUE,TRUE
2016,Orienteering,Orienteering,1,TRUE,Orienteering,ARISF,ARISF,402,2,1,0,0,0,1,0,1,0.5,6.353240152477764e-4,7.541478129713424e-4,0,0,NA,NA,NA,NA,NA,NA,NA,NA,NA,NA,NA,wada_adrv_2016_sport_totals.csv,2016,2016 WADA Anti-Doping Rule Violations (ADRVs) Report,TRUE,FALSE
2016,Para-Athletics,Para-Athletics,1,TRUE,Para-Athletics,IPC,IPC,164,3,0,0,1,1,1,0,1,0.3333333333333333,6.353240152477764e-4,7.541478129713424e-4,0,0,NA,NA,NA,NA,NA,NA,NA,NA,NA,NA,NA,wada_adrv_2016_sport_totals.csv,2016,2016 WADA Anti-Doping Rule Violations (ADRVs) Report,TRUE,FALSE
2016,Para-Ice Hockey,Para-Ice Hockey,1,TRUE,Para-Ice Hockey,IPC,IPC,61,1,0,0,0,0,1,0,1,1,6.353240152477764e-4,7.541478129713424e-4,0,0,NA,NA,NA,NA,NA,NA,NA,NA,NA,NA,NA,wada_adrv_2016_sport_totals.csv,2016,2016 WADA Anti-Doping Rule Violations (ADRVs) Report,TRUE,FALSE
2016,Pencak Silat,Pencak Silat,1,TRUE,Pencak Silat,Other Sports - Non-Code Signatories,Other Sports - Non-Code Signatories,101,3,0,0,0,2,1,0,1,0.3333333333333333,6.353240152477764e-4,7.541478129713424e-4,0,0,NA,NA,NA,NA,NA,NA,NA,NA,NA,NA,NA,wada_adrv_2016_sport_totals.csv,2016,2016 WADA Anti-Doping Rule Violations (ADRVs) Report,TRUE,FALSE
2016,Polo,Polo,1,TRUE,Polo,NA,NA,0,0,0,0,0,0,0,1,1,NA,6.353240152477764e-4,0,0.004032258064516129,0,NA,NA,NA,NA,NA,NA,NA,NA,NA,NA,NA,wada_adrv_2016_sport_totals.csv,2016,2016 WADA Anti-Doping Rule Violations (ADRVs) Report,FALSE,TRUE
2016,Power Press,Power Press,1,TRUE,Power Press,Other Sports - Non-Code Signatories,Other Sports - Non-Code Signatories,34,1,0,0,0,0,1,0,1,1,6.353240152477764e-4,7.541478129713424e-4,0,0,NA,NA,NA,NA,NA,NA,NA,NA,NA,NA,NA,wada_adrv_2016_sport_totals.csv,2016,2016 WADA Anti-Doping Rule Violations (ADRVs) Report,TRUE,FALSE
2016,Sailing,Sailing,1,TRUE,Sailing,ASOIF | Sports for Athletes with an Impairment,ASOIF | Sports for Athletes with an Impairment,921,8,4,0,0,3,1,0,1,0.125,6.353240152477764e-4,7.541478129713424e-4,0,0,NA,NA,NA,NA,NA,NA,NA,NA,NA,NA,NA,wada_adrv_2016_sport_totals.csv,2016,2016 WADA Anti-Doping Rule Violations (ADRVs) Report,TRUE,FALSE
2016,Savate,Savate,1,TRUE,Savate,AIMS,AIMS,31,1,0,0,0,0,1,0,1,1,6.353240152477764e-4,7.541478129713424e-4,0,0,NA,NA,NA,NA,NA,NA,NA,NA,NA,NA,NA,wada_adrv_2016_sport_totals.csv,2016,2016 WADA Anti-Doping Rule Violations (ADRVs) Report,TRUE,FALSE
2016,Sitting Volleyball,Sitting Volleyball,1,TRUE,Sitting Volleyball,Sports for Athletes with an Impairment,Sports for Athletes with an Impairment,222,1,0,0,0,0,1,0,1,1,6.353240152477764e-4,7.541478129713424e-4,0,0,NA,NA,NA,NA,NA,NA,NA,NA,NA,NA,NA,wada_adrv_2016_sport_totals.csv,2016,2016 WADA Anti-Doping Rule Violations (ADRVs) Report,TRUE,FALSE
2016,Tug of War,Tug of War,1,TRUE,Tug of War,ARISF,ARISF,102,1,0,0,0,0,1,0,1,1,6.353240152477764e-4,7.541478129713424e-4,0,0,NA,NA,NA,NA,NA,NA,NA,NA,NA,NA,NA,wada_adrv_2016_sport_totals.csv,2016,2016 WADA Anti-Doping Rule Violations (ADRVs) Report,TRUE,FALSE
2016,Water Skiing,Water Skiing,1,TRUE,Waterskiing,ARISF,ARISF,183,1,0,0,0,0,1,0,1,1,6.353240152477764e-4,7.541478129713424e-4,0,0,NA,NA,NA,NA,NA,NA,NA,NA,NA,NA,NA,wada_adrv_2016_sport_totals.csv,2016,2016 WADA Anti-Doping Rule Violations (ADRVs) Report,TRUE,FALSE
2016,Air Sports,Air Sports,1,TRUE,Air Sports,ARISF,ARISF,124,1,0,0,0,1,0,0,0,0,0,0,0,0,NA,NA,NA,NA,NA,NA,NA,NA,NA,NA,NA,wada_adrv_2016_sport_totals.csv,2016,2016 WADA Anti-Doping Rule Violations (ADRVs) Report,TRUE,FALSE
2016,Basque Pelota,Basque Pelota,1,TRUE,Basque Pelota,ARISF,ARISF,93,2,0,0,0,2,0,0,0,0,0,0,0,0,NA,NA,NA,NA,NA,NA,NA,NA,NA,NA,NA,wada_adrv_2016_sport_totals.csv,2016,2016 WADA Anti-Doping Rule Violations (ADRVs) Report,TRUE,FALSE
2016,Boccia,Boccia,1,TRUE,Boccia,Sports for Athletes with an Impairment,Sports for Athletes with an Impairment,107,1,0,0,1,0,0,0,0,0,0,0,0,0,NA,NA,NA,NA,NA,NA,NA,NA,NA,NA,NA,wada_adrv_2016_sport_totals.csv,2016,2016 WADA Anti-Doping Rule Violations (ADRVs) Report,TRUE,FALSE
2016,Casting,Casting,1,TRUE,Casting,AIMS,AIMS,79,1,0,0,0,1,0,0,0,0,0,0,0,0,NA,NA,NA,NA,NA,NA,NA,NA,NA,NA,NA,wada_adrv_2016_sport_totals.csv,2016,2016 WADA Anti-Doping Rule Violations (ADRVs) Report,TRUE,FALSE
2016,Chess,Chess,1,TRUE,Chess,ARISF,ARISF,55,1,0,0,0,1,0,0,0,0,0,0,0,0,NA,NA,NA,NA,NA,NA,NA,NA,NA,NA,NA,wada_adrv_2016_sport_totals.csv,2016,2016 WADA Anti-Doping Rule Violations (ADRVs) Report,TRUE,FALSE
2016,Clay Target Shooting,Clay Target Shooting,1,TRUE,Clay Target Shooting,Other Sports - Non-Code Signatories,Other Sports - Non-Code Signatories,3,1,1,0,0,0,0,0,0,0,0,0,0,0,NA,NA,NA,NA,NA,NA,NA,NA,NA,NA,NA,wada_adrv_2016_sport_totals.csv,2016,2016 WADA Anti-Doping Rule Violations (ADRVs) Report,TRUE,FALSE
2016,Darts,Darts,1,TRUE,Darts,AIMS,AIMS,64,2,2,0,0,0,0,0,0,0,0,0,0,0,NA,NA,NA,NA,NA,NA,NA,NA,NA,NA,NA,wada_adrv_2016_sport_totals.csv,2016,2016 WADA Anti-Doping Rule Violations (ADRVs) Report,TRUE,FALSE
2016,Football 5-a-Side,Football 5-a-Side,1,TRUE,Football 5-a-Side,Sports for Athletes with an Impairment,Sports for Athletes with an Impairment,64,1,0,0,0,1,0,0,0,0,0,0,0,0,NA,NA,NA,NA,NA,NA,NA,NA,NA,NA,NA,wada_adrv_2016_sport_totals.csv,2016,2016 WADA Anti-Doping Rule Violations (ADRVs) Report,TRUE,FALSE
2016,Football 7-a-Side,Football 7-a-Side,1,TRUE,Football 7-a-Side,Sports for Athletes with an Impairment,Sports for Athletes with an Impairment,97,2,2,0,0,0,0,0,0,0,0,0,0,0,NA,NA,NA,NA,NA,NA,NA,NA,NA,NA,NA,wada_adrv_2016_sport_totals.csv,2016,2016 WADA Anti-Doping Rule Violations (ADRVs) Report,TRUE,FALSE
2016,Lacrosse,Lacrosse,1,TRUE,Lacrosse,AIMS,AIMS,47,1,1,0,0,0,0,0,0,0,0,0,0,0,NA,NA,NA,NA,NA,NA,NA,NA,NA,NA,NA,wada_adrv_2016_sport_totals.csv,2016,2016 WADA Anti-Doping Rule Violations (ADRVs) Report,TRUE,FALSE
2016,Life Saving,Life Saving,1,TRUE,Lifesaving,ARISF,ARISF,337,4,2,0,0,2,0,0,0,0,0,0,0,0,NA,NA,NA,NA,NA,NA,NA,NA,NA,NA,NA,wada_adrv_2016_sport_totals.csv,2016,2016 WADA Anti-Doping Rule Violations (ADRVs) Report,TRUE,FALSE
2016,Para-Alpine Skiing,Para-Alpine Skiing,1,TRUE,Para-Alpine Skiing,IPC,IPC,9,1,1,0,0,0,0,0,0,0,0,0,0,0,NA,NA,NA,NA,NA,NA,NA,NA,NA,NA,NA,wada_adrv_2016_sport_totals.csv,2016,2016 WADA Anti-Doping Rule Violations (ADRVs) Report,TRUE,FALSE
2016,Ringette,Ringette,1,TRUE,Ringette,Other Sports - Non-Code Signatories,Other Sports - Non-Code Signatories,26,1,0,1,0,0,0,0,0,0,0,0,0,0,NA,NA,NA,NA,NA,NA,NA,NA,NA,NA,NA,wada_adrv_2016_sport_totals.csv,2016,2016 WADA Anti-Doping Rule Violations (ADRVs) Report,TRUE,FALSE
2016,Sepaktakraw,Sepaktakraw,1,TRUE,Sepaktakraw,AIMS,AIMS,179,1,0,0,0,1,0,0,0,0,0,0,0,0,NA,NA,NA,NA,NA,NA,NA,NA,NA,NA,NA,wada_adrv_2016_sport_totals.csv,2016,2016 WADA Anti-Doping Rule Violations (ADRVs) Report,TRUE,FALSE
2016,Shuttlecock,Shuttlecock,1,TRUE,Shuttlecock,Other Sports - Non-Code Signatories,Other Sports - Non-Code Signatories,35,1,0,1,0,0,0,0,0,0,0,0,0,0,NA,NA,NA,NA,NA,NA,NA,NA,NA,NA,NA,wada_adrv_2016_sport_totals.csv,2016,2016 WADA Anti-Doping Rule Violations (ADRVs) Report,TRUE,FALSE
2016,Skyrunning,Skyrunning,1,TRUE,Skyrunning,Other Sports - Non-Code Signatories,Other Sports - Non-Code Signatories,36,1,0,1,0,0,0,0,0,0,0,0,0,0,NA,NA,NA,NA,NA,NA,NA,NA,NA,NA,NA,wada_adrv_2016_sport_totals.csv,2016,2016 WADA Anti-Doping Rule Violations (ADRVs) Report,TRUE,FALSE
2016,Sport Climbing,Sport Climbing,1,TRUE,Sport Climbing,ARISF | Sports for Athletes with an Impairment,ARISF | Sports for Athletes with an Impairment,255,2,1,0,0,1,0,0,0,0,0,0,0,0,NA,NA,NA,NA,NA,NA,NA,NA,NA,NA,NA,wada_adrv_2016_sport_totals.csv,2016,2016 WADA Anti-Doping Rule Violations (ADRVs) Report,TRUE,FALSE
2016,Sumo,Sumo,1,TRUE,Sumo,ARISF,ARISF,154,2,0,0,0,2,0,0,0,0,0,0,0,0,NA,NA,NA,NA,NA,NA,NA,NA,NA,NA,NA,wada_adrv_2016_sport_totals.csv,2016,2016 WADA Anti-Doping Rule Violations (ADRVs) Report,TRUE,FALSE
2016,Traditional Archery,Traditional Archery,1,TRUE,Traditional Archery,Other Sports - Non-Code Signatories,Other Sports - Non-Code Signatories,26,1,0,0,0,1,0,0,0,0,0,0,0,0,NA,NA,NA,NA,NA,NA,NA,NA,NA,NA,NA,wada_adrv_2016_sport_totals.csv,2016,2016 WADA Anti-Doping Rule Violations (ADRVs) Report,TRUE,FALSE
2016,VA'A,VA'A,1,TRUE,VA'A,Other Sports - Non-Code Signatories,Other Sports - Non-Code Signatories,38,2,0,0,0,2,0,0,0,0,0,0,0,0,NA,NA,NA,NA,NA,NA,NA,NA,NA,NA,NA,wada_adrv_2016_sport_totals.csv,2016,2016 WADA Anti-Doping Rule Violations (ADRVs) Report,TRUE,FALSE
2017,Bodybuilding,Bodybuilding,1,TRUE,Bodybuilding,AIMS | Other Sports - Non-Code Signatories,AIMS | Other Sports - Non-Code Signatories,1687,335,2,2,2,114,215,69,284,0.6417910447761194,0.1600901916572717,0.14756348661633492,0.21766561514195584,0,NA,NA,NA,NA,NA,NA,NA,NA,NA,NA,NA,wada_adrv_2017_sport_totals.csv,2017,2017 WADA Anti-Doping Rule Violations (ADRVs) Report,TRUE,TRUE
2017,Athletics,Athletics,1,TRUE,Athletics,ASOIF | Other Sports - Non-Code Signatories | Sports for Athletes with an Impairment,ASOIF | Other Sports - Non-Code Signatories | Sports for Athletes with an Impairment,32221,300,14,11,35,64,174,72,246,0.58,0.1386696730552424,0.11942347288949898,0.22712933753943218,-2,NA,NA,NA,NA,NA,NA,NA,NA,NA,NA,NA,wada_adrv_2017_sport_totals.csv,2017,2017 WADA Anti-Doping Rule Violations (ADRVs) Report,TRUE,TRUE
2017,Cycling,Cycling,1,TRUE,Cycling,ASOIF | Other Sports - Non-Code Signatories | Sports for Athletes with an Impairment,ASOIF | Other Sports - Non-Code Signatories | Sports for Athletes with an Impairment,24323,298,50,32,4,35,177,48,225,0.5939597315436241,0.12683201803833147,0.12148249828414551,0.15141955835962145,0,NA,NA,NA,NA,NA,NA,NA,NA,NA,NA,NA,wada_adrv_2017_sport_totals.csv,2017,2017 WADA Anti-Doping Rule Violations (ADRVs) Report,TRUE,TRUE
2017,Weightlifting,Weightlifting,1,TRUE,Weightlifting,ASOIF,ASOIF,10570,155,8,4,8,25,110,13,123,0.7096774193548387,0.0693348365276212,0.07549759780370624,0.04100946372239748,0,NA,NA,NA,NA,NA,NA,NA,NA,NA,NA,NA,wada_adrv_2017_sport_totals.csv,2017,2017 WADA Anti-Doping Rule Violations (ADRVs) Report,TRUE,TRUE
2017,Powerlifting,Powerlifting,1,TRUE,Powerlifting,AIMS | Other Sports - Non-Code Signatories | Sports for Athletes with an Impairment,AIMS | Other Sports - Non-Code Signatories | Sports for Athletes with an Impairment,3882,186,13,0,1,73,99,6,105,0.532258064516129,0.05918827508455468,0.06794783802333562,0.01892744479495268,0,NA,NA,NA,NA,NA,NA,NA,NA,NA,NA,NA,wada_adrv_2017_sport_totals.csv,2017,2017 WADA Anti-Doping Rule Violations (ADRVs) Report,TRUE,TRUE
2017,Football,Football,1,TRUE,Football,ASOIF | Other Sports - Non-Code Signatories | Sports for Athletes with an Impairment,ASOIF | Other Sports - Non-Code Signatories | Sports for Athletes with an Impairment,37293,170,11,15,10,62,72,8,80,0.4235294117647059,0.04509582863585118,0.04941660947151681,0.025236593059936908,0,NA,NA,NA,NA,NA,NA,NA,NA,NA,NA,NA,wada_adrv_2017_sport_totals.csv,2017,2017 WADA Anti-Doping Rule Violations (ADRVs) Report,TRUE,TRUE
2017,Wrestling,Wrestling,1,TRUE,Wrestling,ASOIF,ASOIF,4878,81,7,3,1,17,52,5,57,0.6419753086419753,0.032130777903043965,0.03568977350720659,0.015772870662460567,-1,NA,NA,NA,NA,NA,NA,NA,NA,NA,NA,NA,wada_adrv_2017_sport_totals.csv,2017,2017 WADA Anti-Doping Rule Violations (ADRVs) Report,TRUE,TRUE
2017,Rugby Union,Rugby Union,1,TRUE,Rugby Union,ASOIF | Sports for Athletes with an Impairment,ASOIF | Sports for Athletes with an Impairment,7732,82,5,7,1,25,44,10,54,0.5365853658536586,0.030439684329199548,0.030199039121482498,0.031545741324921134,0,NA,NA,NA,NA,NA,NA,NA,NA,NA,NA,NA,wada_adrv_2017_sport_totals.csv,2017,2017 WADA Anti-Doping Rule Violations (ADRVs) Report,TRUE,TRUE
2017,Boxing,Boxing,1,TRUE,Boxing,ASOIF | Other Sports - Non-Code Signatories,ASOIF | Other Sports - Non-Code Signatories,4435,100,1,2,1,53,43,7,50,0.43,0.02818489289740699,0.029512697323266987,0.022082018927444796,0,NA,NA,NA,NA,NA,NA,NA,NA,NA,NA,NA,wada_adrv_2017_sport_totals.csv,2017,2017 WADA Anti-Doping Rule Violations (ADRVs) Report,TRUE,TRUE
2017,Aquatics,Aquatics,1,TRUE,Aquatics,ASOIF | Other Sports - Non-Code Signatories | Sports for Athletes with an Impairment,ASOIF | Other Sports - Non-Code Signatories | Sports for Athletes with an Impairment,15742,74,18,2,13,11,30,5,35,0.40540540540540543,0.019729425028184894,0.02059025394646534,0.015772870662460567,0,NA,NA,NA,NA,NA,NA,NA,NA,NA,NA,NA,wada_adrv_2017_sport_totals.csv,2017,2017 WADA Anti-Doping Rule Violations (ADRVs) Report,TRUE,TRUE
2017,Basketball,Basketball | Wheelchair Basketball,2,TRUE,Basketball | Wheelchair Basketball,ASOIF | Other Sports - Non-Code Signatories | Sports for Athletes with an Impairment,ASOIF | Other Sports - Non-Code Signatories | Sports for Athletes with an Impairment,6045,43,1,1,5,9,27,4,31,0.627906976744186,0.017474633596392335,0.018531228551818806,0.012618296529968454,0,NA,NA,NA,NA,NA,NA,NA,NA,NA,NA,NA,wada_adrv_2017_sport_totals.csv,2017,2017 WADA Anti-Doping Rule Violations (ADRVs) Report,TRUE,TRUE
2017,Kickboxing,Kickboxing,1,TRUE,Kickboxing,AIMS | Other Sports - Non-Code Signatories,AIMS | Other Sports - Non-Code Signatories,758,46,2,5,0,13,26,5,31,0.5652173913043478,0.017474633596392335,0.017844886753603295,0.015772870662460567,0,NA,NA,NA,NA,NA,NA,NA,NA,NA,NA,NA,wada_adrv_2017_sport_totals.csv,2017,2017 WADA Anti-Doping Rule Violations (ADRVs) Report,TRUE,TRUE
2017,Judo,Judo,1,TRUE,Judo,ASOIF | Sports for Athletes with an Impairment,ASOIF | Sports for Athletes with an Impairment,4085,57,6,3,3,19,26,4,30,0.45614035087719296,0.016910935738444193,0.017844886753603295,0.012618296529968454,0,NA,NA,NA,NA,NA,NA,NA,NA,NA,NA,NA,wada_adrv_2017_sport_totals.csv,2017,2017 WADA Anti-Doping Rule Violations (ADRVs) Report,TRUE,TRUE
2017,Mixed Martial Arts,Mixed Martial Arts,1,TRUE,Mixed Martial Arts,Other Sports - Non-Code Signatories,Other Sports - Non-Code Signatories,2691,70,12,5,3,29,21,1,22,0.3,0.012401352874859075,0.014413177762525738,0.0031545741324921135,0,NA,NA,NA,NA,NA,NA,NA,NA,NA,NA,NA,wada_adrv_2017_sport_totals.csv,2017,2017 WADA Anti-Doping Rule Violations (ADRVs) Report,TRUE,TRUE
2017,Canoe / Kayak,Canoe / Kayak,1,TRUE,Canoe/Kayak,ASOIF,ASOIF,3945,25,2,0,3,2,18,3,21,0.72,0.011837655016910935,0.012354152367879203,0.00946372239747634,0,NA,NA,NA,NA,NA,NA,NA,NA,NA,NA,NA,wada_adrv_2017_sport_totals.csv,2017,2017 WADA Anti-Doping Rule Violations (ADRVs) Report,TRUE,TRUE
2017,Triathlon,Triathlon,1,TRUE,Triathlon,ASOIF | Other Code Signatories | Sports for Athletes with an Impairment,ASOIF | Other Code Signatories | Sports for Athletes with an Impairment,4861,35,8,1,2,7,17,4,21,0.4857142857142857,0.011837655016910935,0.011667810569663692,0.012618296529968454,0,NA,NA,NA,NA,NA,NA,NA,NA,NA,NA,NA,wada_adrv_2017_sport_totals.csv,2017,2017 WADA Anti-Doping Rule Violations (ADRVs) Report,TRUE,TRUE
2017,American Football,American Football,1,TRUE,American Football,ARISF | Other Sports - Non-Code Signatories,ARISF | Other Sports - Non-Code Signatories,1046,34,8,0,0,6,20,0,20,0.5882352941176471,0.011273957158962795,0.013726835964310227,0,0,NA,NA,NA,NA,NA,NA,NA,NA,NA,NA,NA,wada_adrv_2017_sport_totals.csv,2017,2017 WADA Anti-Doping Rule Violations (ADRVs) Report,TRUE,FALSE
2017,Ice Hockey,Ice Hockey,1,TRUE,Ice Hockey,AIOWF | Other Sports - Non-Code Signatories,AIOWF | Other Sports - Non-Code Signatories,4090,31,9,0,1,6,15,5,20,0.4838709677419355,0.011273957158962795,0.01029512697323267,0.015772870662460567,0,NA,NA,NA,NA,NA,NA,NA,NA,NA,NA,NA,wada_adrv_2017_sport_totals.csv,2017,2017 WADA Anti-Doping Rule Violations (ADRVs) Report,TRUE,TRUE
2017,Tennis,Tennis | Wheelchair Tennis,2,TRUE,Tennis | Wheelchair Tennis,ASOIF | Sports for Athletes with an Impairment,ASOIF | Sports for Athletes with an Impairment,6268,33,10,4,0,6,13,4,17,0.3939393939393939,0.009582863585118376,0.008922443376801648,0.012618296529968454,0,NA,NA,NA,NA,NA,NA,NA,NA,NA,NA,NA,wada_adrv_2017_sport_totals.csv,2017,2017 WADA Anti-Doping Rule Violations (ADRVs) Report,TRUE,TRUE
2017,Arm Wrestling,Arm Wrestling,1,TRUE,Arm Wrestling,Other Code Signatories,Other Code Signatories,191,19,0,0,0,3,16,0,16,0.8421052631578947,0.009019165727170236,0.01098146877144818,0,0,NA,NA,NA,NA,NA,NA,NA,NA,NA,NA,NA,wada_adrv_2017_sport_totals.csv,2017,2017 WADA Anti-Doping Rule Violations (ADRVs) Report,TRUE,FALSE
2017,Rugby League,Rugby League,1,TRUE,Rugby League,Other Code Signatories,Other Code Signatories,1571,15,0,0,0,2,13,3,16,0.8666666666666667,0.009019165727170236,0.008922443376801648,0.00946372239747634,0,NA,NA,NA,NA,NA,NA,NA,NA,NA,NA,NA,wada_adrv_2017_sport_totals.csv,2017,2017 WADA Anti-Doping Rule Violations (ADRVs) Report,TRUE,TRUE
2017,Handball,Handball,1,TRUE,Handball,ASOIF | Sports for Athletes with an Impairment,ASOIF | Sports for Athletes with an Impairment,3569,25,1,2,0,8,14,1,15,0.56,0.008455467869222097,0.009608785175017159,0.0031545741324921135,0,NA,NA,NA,NA,NA,NA,NA,NA,NA,NA,NA,wada_adrv_2017_sport_totals.csv,2017,2017 WADA Anti-Doping Rule Violations (ADRVs) Report,TRUE,TRUE
2017,Para-Powerlifting,Para-Powerlifting,1,TRUE,Para-Powerlifting,IPC,IPC,707,21,0,2,0,5,14,0,14,0.6666666666666666,0.007891770011273957,0.009608785175017159,0,0,NA,NA,NA,NA,NA,NA,NA,NA,NA,NA,NA,wada_adrv_2017_sport_totals.csv,2017,2017 WADA Anti-Doping Rule Violations (ADRVs) Report,TRUE,FALSE
2017,Muaythai,Muaythai,1,TRUE,Muaythai,ARISF,ARISF,453,22,0,0,0,9,13,0,13,0.5909090909090909,0.007328072153325817,0.008922443376801648,0,0,NA,NA,NA,NA,NA,NA,NA,NA,NA,NA,NA,wada_adrv_2017_sport_totals.csv,2017,2017 WADA Anti-Doping Rule Violations (ADRVs) Report,TRUE,FALSE
2017,Rowing,Rowing,1,TRUE,Rowing,ASOIF | Sports for Athletes with an Impairment,ASOIF | Sports for Athletes with an Impairment,4505,24,5,1,2,6,10,2,12,0.4166666666666667,0.006764374295377677,0.0068634179821551134,0.006309148264984227,0,NA,NA,NA,NA,NA,NA,NA,NA,NA,NA,NA,wada_adrv_2017_sport_totals.csv,2017,2017 WADA Anti-Doping Rule Violations (ADRVs) Report,TRUE,TRUE
2017,Taekwondo,Taekwondo,1,TRUE,Taekwondo,ASOIF | Other Code Signatories | Other Sports - Non-Code Signatories | Sports for Athletes with an Impairment,ASOIF | Other Code Signatories | Other Sports - Non-Code Signatories | Sports for Athletes with an Impairment,2438,17,1,0,1,3,12,0,12,0.7058823529411765,0.006764374295377677,0.008236101578586136,0,0,NA,NA,NA,NA,NA,NA,NA,NA,NA,NA,NA,wada_adrv_2017_sport_totals.csv,2017,2017 WADA Anti-Doping Rule Violations (ADRVs) Report,TRUE,FALSE
2017,Gymnastics,Gymnastics,1,TRUE,Gymnastics,ASOIF | Other Sports - Non-Code Signatories,ASOIF | Other Sports - Non-Code Signatories,2253,17,7,0,1,1,8,3,11,0.47058823529411764,0.0062006764374295375,0.00549073438572409,0.00946372239747634,0,NA,NA,NA,NA,NA,NA,NA,NA,NA,NA,NA,wada_adrv_2017_sport_totals.csv,2017,2017 WADA Anti-Doping Rule Violations (ADRVs) Report,TRUE,TRUE
2017,Skiing,Skiing,1,TRUE,Skiing,AIOWF,AIOWF,7761,15,2,2,0,4,7,4,11,0.4666666666666667,0.0062006764374295375,0.004804392587508579,0.012618296529968454,0,NA,NA,NA,NA,NA,NA,NA,NA,NA,NA,NA,wada_adrv_2017_sport_totals.csv,2017,2017 WADA Anti-Doping Rule Violations (ADRVs) Report,TRUE,TRUE
2017,Baseball,Baseball,1,TRUE,Baseball,ARISF | Other Sports - Non-Code Signatories,ARISF | Other Sports - Non-Code Signatories,1932,60,3,3,1,45,8,2,10,0.13333333333333333,0.005636978579481398,0.00549073438572409,0.006309148264984227,0,NA,NA,NA,NA,NA,NA,NA,NA,NA,NA,NA,wada_adrv_2017_sport_totals.csv,2017,2017 WADA Anti-Doping Rule Violations (ADRVs) Report,TRUE,TRUE
2017,Volleyball,Volleyball,1,TRUE,Volleyball,ASOIF | Other Sports - Non-Code Signatories,ASOIF | Other Sports - Non-Code Signatories,4493,23,2,1,5,5,10,0,10,0.43478260869565216,0.005636978579481398,0.0068634179821551134,0,0,NA,NA,NA,NA,NA,NA,NA,NA,NA,NA,NA,wada_adrv_2017_sport_totals.csv,2017,2017 WADA Anti-Doping Rule Violations (ADRVs) Report,TRUE,FALSE
2017,Automobile Sports,Automobile Sports,1,TRUE,Automobile Sports,ARISF,ARISF,358,6,0,0,0,2,4,4,8,0.6666666666666666,0.004509582863585118,0.002745367192862045,0.012618296529968454,0,NA,NA,NA,NA,NA,NA,NA,NA,NA,NA,NA,wada_adrv_2017_sport_totals.csv,2017,2017 WADA Anti-Doping Rule Violations (ADRVs) Report,TRUE,TRUE
2017,Bobsleigh,Bobsleigh,1,TRUE,Bobsleigh,AIOWF,AIOWF,1522,10,4,1,0,0,5,2,7,0.5,0.003945885005636978,0.0034317089910775567,0.006309148264984227,0,NA,NA,NA,NA,NA,NA,NA,NA,NA,NA,NA,wada_adrv_2017_sport_totals.csv,2017,2017 WADA Anti-Doping Rule Violations (ADRVs) Report,TRUE,TRUE
2017,Archery,Archery,1,TRUE,Archery,ASOIF | Sports for Athletes with an Impairment,ASOIF | Sports for Athletes with an Impairment,927,8,2,0,0,0,6,0,6,0.75,0.0033821871476888386,0.004118050789293068,0,0,NA,NA,NA,NA,NA,NA,NA,NA,NA,NA,NA,wada_adrv_2017_sport_totals.csv,2017,2017 WADA Anti-Doping Rule Violations (ADRVs) Report,TRUE,FALSE
2017,Cricket,Cricket,1,TRUE,Cricket,ARISF,ARISF,1300,6,0,2,0,1,3,3,6,0.5,0.0033821871476888386,0.002059025394646534,0.00946372239747634,0,NA,NA,NA,NA,NA,NA,NA,NA,NA,NA,NA,wada_adrv_2017_sport_totals.csv,2017,2017 WADA Anti-Doping Rule Violations (ADRVs) Report,TRUE,TRUE
2017,Darts,Darts,1,TRUE,Darts,AIMS,AIMS,63,8,0,0,0,3,5,1,6,0.625,0.0033821871476888386,0.0034317089910775567,0.0031545741324921135,0,NA,NA,NA,NA,NA,NA,NA,NA,NA,NA,NA,wada_adrv_2017_sport_totals.csv,2017,2017 WADA Anti-Doping Rule Violations (ADRVs) Report,TRUE,TRUE
2017,Field Hockey,Field Hockey,1,TRUE,Field Hockey,ASOIF,ASOIF,1476,8,1,1,0,0,6,0,6,0.75,0.0033821871476888386,0.004118050789293068,0,0,NA,NA,NA,NA,NA,NA,NA,NA,NA,NA,NA,wada_adrv_2017_sport_totals.csv,2017,2017 WADA Anti-Doping Rule Violations (ADRVs) Report,TRUE,FALSE
2017,Karate,Karate,1,TRUE,Karate,ARISF | Other Code Signatories,ARISF | Other Code Signatories,1084,11,1,0,0,4,6,0,6,0.5454545454545454,0.0033821871476888386,0.004118050789293068,0,0,NA,NA,NA,NA,NA,NA,NA,NA,NA,NA,NA,wada_adrv_2017_sport_totals.csv,2017,2017 WADA Anti-Doping Rule Violations (ADRVs) Report,TRUE,FALSE
2017,Sepaktakraw,Sepaktakraw,1,TRUE,Sepaktakraw,NA,NA,0,0,0,0,0,0,0,6,6,NA,0.0033821871476888386,0,0.01892744479495268,0,NA,NA,NA,NA,NA,NA,NA,NA,NA,NA,NA,wada_adrv_2017_sport_totals.csv,2017,2017 WADA Anti-Doping Rule Violations (ADRVs) Report,FALSE,TRUE
2017,Shooting,Shooting,1,TRUE,Shooting,ASOIF,ASOIF,1541,13,2,0,4,2,5,1,6,0.38461538461538464,0.0033821871476888386,0.0034317089910775567,0.0031545741324921135,0,NA,NA,NA,NA,NA,NA,NA,NA,NA,NA,NA,wada_adrv_2017_sport_totals.csv,2017,2017 WADA Anti-Doping Rule Violations (ADRVs) Report,TRUE,TRUE
2017,Underwater Sports,Underwater Sports,1,TRUE,Underwater Sports,ARISF,ARISF,517,8,0,0,0,2,6,0,6,0.75,0.0033821871476888386,0.004118050789293068,0,0,NA,NA,NA,NA,NA,NA,NA,NA,NA,NA,NA,wada_adrv_2017_sport_totals.csv,2017,2017 WADA Anti-Doping Rule Violations (ADRVs) Report,TRUE,FALSE
2017,Fencing,Fencing,1,TRUE,Fencing,ASOIF | Sports for Athletes with an Impairment,ASOIF | Sports for Athletes with an Impairment,1624,7,1,0,1,1,4,1,5,0.5714285714285714,0.002818489289740699,0.002745367192862045,0.0031545741324921135,0,NA,NA,NA,NA,NA,NA,NA,NA,NA,NA,NA,wada_adrv_2017_sport_totals.csv,2017,2017 WADA Anti-Doping Rule Violations (ADRVs) Report,TRUE,TRUE
2017,Motorcycling,Motorcycle Racing,1,TRUE,Motorcycle Racing,ARISF,ARISF,433,9,0,0,1,3,5,0,5,0.5555555555555556,0.002818489289740699,0.0034317089910775567,0,0,NA,NA,NA,NA,NA,NA,NA,NA,NA,NA,NA,wada_adrv_2017_sport_totals.csv,2017,2017 WADA Anti-Doping Rule Violations (ADRVs) Report,TRUE,FALSE
2017,Billiards,Billiards | Billiards Sports,2,TRUE,Billiards | Billiards Sports,ARISF,ARISF,201,8,1,0,0,4,3,1,4,0.375,0.002254791431792559,0.002059025394646534,0.0031545741324921135,0,NA,NA,NA,NA,NA,NA,NA,NA,NA,NA,NA,wada_adrv_2017_sport_totals.csv,2017,2017 WADA Anti-Doping Rule Violations (ADRVs) Report,TRUE,TRUE
2017,Roller Sports,Roller Sports,1,TRUE,Roller Sports,ARISF,ARISF,1167,10,1,2,3,0,4,0,4,0.4,0.002254791431792559,0.002745367192862045,0,0,NA,NA,NA,NA,NA,NA,NA,NA,NA,NA,NA,wada_adrv_2017_sport_totals.csv,2017,2017 WADA Anti-Doping Rule Violations (ADRVs) Report,TRUE,FALSE
2017,Sailing,Sailing,1,TRUE,Sailing,ASOIF,ASOIF,567,3,0,0,1,0,2,2,4,0.6666666666666666,0.002254791431792559,0.0013726835964310226,0.006309148264984227,0,NA,NA,NA,NA,NA,NA,NA,NA,NA,NA,NA,wada_adrv_2017_sport_totals.csv,2017,2017 WADA Anti-Doping Rule Violations (ADRVs) Report,TRUE,TRUE
2017,Water Skiing,Water Skiing,1,TRUE,Waterskiing,ARISF,ARISF,268,4,0,0,0,0,4,0,4,1,0.002254791431792559,0.002745367192862045,0,0,NA,NA,NA,NA,NA,NA,NA,NA,NA,NA,NA,wada_adrv_2017_sport_totals.csv,2017,2017 WADA Anti-Doping Rule Violations (ADRVs) Report,TRUE,FALSE
2017,DanceSport,DanceSport,1,TRUE,DanceSport,ARISF,ARISF,334,3,0,0,0,0,3,0,3,1,0.0016910935738444193,0.002059025394646534,0,0,NA,NA,NA,NA,NA,NA,NA,NA,NA,NA,NA,wada_adrv_2017_sport_totals.csv,2017,2017 WADA Anti-Doping Rule Violations (ADRVs) Report,TRUE,FALSE
2017,Equestrian,Equestrian,1,TRUE,Equestrian,ASOIF,ASOIF,434,6,0,0,0,5,1,2,3,0.16666666666666666,0.0016910935738444193,6.863417982155113e-4,0.006309148264984227,0,NA,NA,NA,NA,NA,NA,NA,NA,NA,NA,NA,wada_adrv_2017_sport_totals.csv,2017,2017 WADA Anti-Doping Rule Violations (ADRVs) Report,TRUE,TRUE
2017,Football 5-a-Side,Football 5-a-Side,1,TRUE,Football 5-a-Side,Sports for Athletes with an Impairment,Sports for Athletes with an Impairment,51,4,1,0,0,0,3,0,3,0.75,0.0016910935738444193,0.002059025394646534,0,0,NA,NA,NA,NA,NA,NA,NA,NA,NA,NA,NA,wada_adrv_2017_sport_totals.csv,2017,2017 WADA Anti-Doping Rule Violations (ADRVs) Report,TRUE,FALSE
2017,Kung Fu,Kung Fu,1,TRUE,Kung Fu,Other Sports - Non-Code Signatories,Other Sports - Non-Code Signatories,19,3,0,0,0,0,3,0,3,1,0.0016910935738444193,0.002059025394646534,0,0,NA,NA,NA,NA,NA,NA,NA,NA,NA,NA,NA,wada_adrv_2017_sport_totals.csv,2017,2017 WADA Anti-Doping Rule Violations (ADRVs) Report,TRUE,FALSE
2017,Longue Paume,Longue Paume,1,TRUE,Longue Paume,Other Sports - Non-Code Signatories,Other Sports - Non-Code Signatories,6,3,0,0,0,0,3,0,3,1,0.0016910935738444193,0.002059025394646534,0,0,NA,NA,NA,NA,NA,NA,NA,NA,NA,NA,NA,wada_adrv_2017_sport_totals.csv,2017,2017 WADA Anti-Doping Rule Violations (ADRVs) Report,TRUE,FALSE
2017,Modern Pentathlon,Modern Pentathlon,1,TRUE,Modern Pentathlon,ASOIF,ASOIF,588,2,0,0,0,0,2,1,3,1,0.0016910935738444193,0.0013726835964310226,0.0031545741324921135,0,NA,NA,NA,NA,NA,NA,NA,NA,NA,NA,NA,wada_adrv_2017_sport_totals.csv,2017,2017 WADA Anti-Doping Rule Violations (ADRVs) Report,TRUE,TRUE
2017,Para-Athletics,Para-Athletics,1,TRUE,Para-Athletics,IPC | Sports for Athletes with an Impairment,IPC | Sports for Athletes with an Impairment,1636,21,9,1,0,9,2,1,3,0.09523809523809523,0.0016910935738444193,0.0013726835964310226,0.0031545741324921135,0,NA,NA,NA,NA,NA,NA,NA,NA,NA,NA,NA,wada_adrv_2017_sport_totals.csv,2017,2017 WADA Anti-Doping Rule Violations (ADRVs) Report,TRUE,TRUE
2017,Skating,Skating,1,TRUE,Skating,AIOWF,AIOWF,5113,6,1,0,1,1,3,0,3,0.5,0.0016910935738444193,0.002059025394646534,0,0,NA,NA,NA,NA,NA,NA,NA,NA,NA,NA,NA,wada_adrv_2017_sport_totals.csv,2017,2017 WADA Anti-Doping Rule Violations (ADRVs) Report,TRUE,FALSE
2017,Wushu,Wushu,1,TRUE,Wushu,ARISF,ARISF,413,6,0,0,0,3,3,0,3,0.5,0.0016910935738444193,0.002059025394646534,0,0,NA,NA,NA,NA,NA,NA,NA,NA,NA,NA,NA,wada_adrv_2017_sport_totals.csv,2017,2017 WADA Anti-Doping Rule Violations (ADRVs) Report,TRUE,FALSE
2017,Boccia,Boccia,1,TRUE,Boccia,Sports for Athletes with an Impairment,Sports for Athletes with an Impairment,100,3,1,0,0,0,2,0,2,0.6666666666666666,0.0011273957158962795,0.0013726835964310226,0,0,NA,NA,NA,NA,NA,NA,NA,NA,NA,NA,NA,wada_adrv_2017_sport_totals.csv,2017,2017 WADA Anti-Doping Rule Violations (ADRVs) Report,TRUE,FALSE
2017,Bridge,Bridge,1,TRUE,Bridge,ARISF,ARISF,33,5,1,0,0,2,2,0,2,0.4,0.0011273957158962795,0.0013726835964310226,0,0,NA,NA,NA,NA,NA,NA,NA,NA,NA,NA,NA,wada_adrv_2017_sport_totals.csv,2017,2017 WADA Anti-Doping Rule Violations (ADRVs) Report,TRUE,FALSE
2017,Jiu-Jitsu,Jiu-Jitsu,1,TRUE,Jiu-Jitsu | Ju-Jitsu,AIMS | Other Sports - Non-Code Signatories,AIMS | Other Sports - Non-Code Signatories,261,9,0,0,0,7,2,0,2,0.2222222222222222,0.0011273957158962795,0.0013726835964310226,0,0,NA,NA,NA,NA,NA,NA,NA,NA,NA,NA,NA,wada_adrv_2017_sport_totals.csv,2017,2017 WADA Anti-Doping Rule Violations (ADRVs) Report,TRUE,FALSE
2017,Life Saving,Life Saving,1,TRUE,Lifesaving,ARISF,ARISF,327,4,0,0,0,2,2,0,2,0.5,0.0011273957158962795,0.0013726835964310226,0,0,NA,NA,NA,NA,NA,NA,NA,NA,NA,NA,NA,wada_adrv_2017_sport_totals.csv,2017,2017 WADA Anti-Doping Rule Violations (ADRVs) Report,TRUE,FALSE
2017,Mountaineering and Climbing,Mountaineering and Climbing,1,TRUE,Mountaineering and Climbing,ARISF,ARISF,183,1,0,0,0,0,1,1,2,1,0.0011273957158962795,6.863417982155113e-4,0.0031545741324921135,0,NA,NA,NA,NA,NA,NA,NA,NA,NA,NA,NA,wada_adrv_2017_sport_totals.csv,2017,2017 WADA Anti-Doping Rule Violations (ADRVs) Report,TRUE,TRUE
2017,Powerboating,Powerboating,1,TRUE,Powerboating,ARISF,ARISF,39,3,0,0,0,1,2,0,2,0.6666666666666666,0.0011273957158962795,0.0013726835964310226,0,0,NA,NA,NA,NA,NA,NA,NA,NA,NA,NA,NA,wada_adrv_2017_sport_totals.csv,2017,2017 WADA Anti-Doping Rule Violations (ADRVs) Report,TRUE,FALSE
2017,Sambo,Sambo,1,TRUE,Sambo,AIMS,AIMS,308,4,0,0,0,2,2,0,2,0.5,0.0011273957158962795,0.0013726835964310226,0,0,NA,NA,NA,NA,NA,NA,NA,NA,NA,NA,NA,wada_adrv_2017_sport_totals.csv,2017,2017 WADA Anti-Doping Rule Violations (ADRVs) Report,TRUE,FALSE
2017,Squash,Squash,1,TRUE,Squash,ARISF,ARISF,307,3,2,0,0,0,1,1,2,0.3333333333333333,0.0011273957158962795,6.863417982155113e-4,0.0031545741324921135,0,NA,NA,NA,NA,NA,NA,NA,NA,NA,NA,NA,wada_adrv_2017_sport_totals.csv,2017,2017 WADA Anti-Doping Rule Violations (ADRVs) Report,TRUE,TRUE
2017,Surfing,Surfing,1,TRUE,Surfing,ARISF,ARISF,183,2,0,0,0,0,2,0,2,1,0.0011273957158962795,0.0013726835964310226,0,0,NA,NA,NA,NA,NA,NA,NA,NA,NA,NA,NA,wada_adrv_2017_sport_totals.csv,2017,2017 WADA Anti-Doping Rule Violations (ADRVs) Report,TRUE,FALSE
2017,Ultimate Fighting,Ultimate Fighting,1,TRUE,Ultimate Fighting,Other Sports - Non-Code Signatories,Other Sports - Non-Code Signatories,24,1,0,0,0,1,0,2,2,0,0.0011273957158962795,0,0.006309148264984227,0,NA,NA,NA,NA,NA,NA,NA,NA,NA,NA,NA,wada_adrv_2017_sport_totals.csv,2017,2017 WADA Anti-Doping Rule Violations (ADRVs) Report,TRUE,TRUE
2017,Biathlon,Biathlon | Para-Biathlon,2,TRUE,Biathlon | Para-Biathlon,AIOWF | IPC,AIOWF | IPC,2415,2,0,1,0,0,1,0,1,0.5,5.636978579481398e-4,6.863417982155113e-4,0,0,NA,NA,NA,NA,NA,NA,NA,NA,NA,NA,NA,wada_adrv_2017_sport_totals.csv,2017,2017 WADA Anti-Doping Rule Violations (ADRVs) Report,TRUE,FALSE
2017,Bowling,Bowling,1,TRUE,Bowling,ARISF,ARISF,174,3,1,1,0,0,1,0,1,0.3333333333333333,5.636978579481398e-4,6.863417982155113e-4,0,0,NA,NA,NA,NA,NA,NA,NA,NA,NA,NA,NA,wada_adrv_2017_sport_totals.csv,2017,2017 WADA Anti-Doping Rule Violations (ADRVs) Report,TRUE,FALSE
2017,Bowls,Bowls,1,TRUE,Bowls,Other Code Signatories,Other Code Signatories,32,1,0,0,0,0,1,0,1,1,5.636978579481398e-4,6.863417982155113e-4,0,0,NA,NA,NA,NA,NA,NA,NA,NA,NA,NA,NA,wada_adrv_2017_sport_totals.csv,2017,2017 WADA Anti-Doping Rule Violations (ADRVs) Report,TRUE,FALSE
2017,Broomball,Broomball,1,TRUE,Broomball,Other Sports - Non-Code Signatories,Other Sports - Non-Code Signatories,6,2,1,0,0,0,1,0,1,0.5,5.636978579481398e-4,6.863417982155113e-4,0,0,NA,NA,NA,NA,NA,NA,NA,NA,NA,NA,NA,wada_adrv_2017_sport_totals.csv,2017,2017 WADA Anti-Doping Rule Violations (ADRVs) Report,TRUE,FALSE
2017,Chess,Chess,1,TRUE,Chess,ARISF,ARISF,102,2,0,0,0,1,1,0,1,0.5,5.636978579481398e-4,6.863417982155113e-4,0,0,NA,NA,NA,NA,NA,NA,NA,NA,NA,NA,NA,wada_adrv_2017_sport_totals.csv,2017,2017 WADA Anti-Doping Rule Violations (ADRVs) Report,TRUE,FALSE
2017,Golf,Golf,1,TRUE,Golf,ASOIF | Other Sports - Non-Code Signatories,ASOIF | Other Sports - Non-Code Signatories,532,5,0,1,1,2,1,0,1,0.2,5.636978579481398e-4,6.863417982155113e-4,0,0,NA,NA,NA,NA,NA,NA,NA,NA,NA,NA,NA,wada_adrv_2017_sport_totals.csv,2017,2017 WADA Anti-Doping Rule Violations (ADRVs) Report,TRUE,FALSE
2017,Heavy Athletics,Heavy Athletics,1,TRUE,Heavy Athletics,Other Sports - Non-Code Signatories,Other Sports - Non-Code Signatories,13,1,0,0,0,0,1,0,1,1,5.636978579481398e-4,6.863417982155113e-4,0,0,NA,NA,NA,NA,NA,NA,NA,NA,NA,NA,NA,wada_adrv_2017_sport_totals.csv,2017,2017 WADA Anti-Doping Rule Violations (ADRVs) Report,TRUE,FALSE
2017,Jet-Ski,Jet-Ski,1,TRUE,Jet-Ski,Other Sports - Non-Code Signatories,Other Sports - Non-Code Signatories,9,3,2,0,0,0,1,0,1,0.3333333333333333,5.636978579481398e-4,6.863417982155113e-4,0,0,NA,NA,NA,NA,NA,NA,NA,NA,NA,NA,NA,wada_adrv_2017_sport_totals.csv,2017,2017 WADA Anti-Doping Rule Violations (ADRVs) Report,TRUE,FALSE
2017,Kurash,Kurash,1,TRUE,Kurash,Other Code Signatories,Other Code Signatories,64,1,0,0,0,0,1,0,1,1,5.636978579481398e-4,6.863417982155113e-4,0,0,NA,NA,NA,NA,NA,NA,NA,NA,NA,NA,NA,wada_adrv_2017_sport_totals.csv,2017,2017 WADA Anti-Doping Rule Violations (ADRVs) Report,TRUE,FALSE
2017,Luge,Luge,1,TRUE,Luge,AIOWF,AIOWF,488,2,0,0,1,0,1,0,1,0.5,5.636978579481398e-4,6.863417982155113e-4,0,0,NA,NA,NA,NA,NA,NA,NA,NA,NA,NA,NA,wada_adrv_2017_sport_totals.csv,2017,2017 WADA Anti-Doping Rule Violations (ADRVs) Report,TRUE,FALSE
2017,Multifunctional Training,Multifunctional Training,1,TRUE,Multifunctional Training,Other Sports - Non-Code Signatories,Other Sports - Non-Code Signatories,9,1,0,0,0,0,1,0,1,1,5.636978579481398e-4,6.863417982155113e-4,0,0,NA,NA,NA,NA,NA,NA,NA,NA,NA,NA,NA,wada_adrv_2017_sport_totals.csv,2017,2017 WADA Anti-Doping Rule Violations (ADRVs) Report,TRUE,FALSE
2017,Orienteering,Orienteering,1,TRUE,Orienteering,ARISF,ARISF,374,4,1,0,0,2,1,0,1,0.25,5.636978579481398e-4,6.863417982155113e-4,0,0,NA,NA,NA,NA,NA,NA,NA,NA,NA,NA,NA,wada_adrv_2017_sport_totals.csv,2017,2017 WADA Anti-Doping Rule Violations (ADRVs) Report,TRUE,FALSE
2017,Padel,Padel,1,TRUE,Padel,Other Sports - Non-Code Signatories,Other Sports - Non-Code Signatories,19,1,0,0,0,0,1,0,1,1,5.636978579481398e-4,6.863417982155113e-4,0,0,NA,NA,NA,NA,NA,NA,NA,NA,NA,NA,NA,wada_adrv_2017_sport_totals.csv,2017,2017 WADA Anti-Doping Rule Violations (ADRVs) Report,TRUE,FALSE
2017,Para-Swimming,Para-Swimming,1,TRUE,Para-Swimming,IPC,IPC,738,9,8,0,0,0,1,0,1,0.1111111111111111,5.636978579481398e-4,6.863417982155113e-4,0,0,NA,NA,NA,NA,NA,NA,NA,NA,NA,NA,NA,wada_adrv_2017_sport_totals.csv,2017,2017 WADA Anti-Doping Rule Violations (ADRVs) Report,TRUE,FALSE
2017,Pencak Silat,Pencak Silat,1,TRUE,Pencak Silat,Other Sports - Non-Code Signatories,Other Sports - Non-Code Signatories,93,2,0,0,0,1,1,0,1,0.5,5.636978579481398e-4,6.863417982155113e-4,0,0,NA,NA,NA,NA,NA,NA,NA,NA,NA,NA,NA,wada_adrv_2017_sport_totals.csv,2017,2017 WADA Anti-Doping Rule Violations (ADRVs) Report,TRUE,FALSE
2017,Power Press,Power Press,1,TRUE,Power Press,Other Sports - Non-Code Signatories,Other Sports - Non-Code Signatories,68,1,0,0,0,0,1,0,1,1,5.636978579481398e-4,6.863417982155113e-4,0,0,NA,NA,NA,NA,NA,NA,NA,NA,NA,NA,NA,wada_adrv_2017_sport_totals.csv,2017,2017 WADA Anti-Doping Rule Violations (ADRVs) Report,TRUE,FALSE
2017,Racquetball,Racquetball,1,TRUE,Racquetball,ARISF,ARISF,64,1,0,0,0,0,1,0,1,1,5.636978579481398e-4,6.863417982155113e-4,0,0,NA,NA,NA,NA,NA,NA,NA,NA,NA,NA,NA,wada_adrv_2017_sport_totals.csv,2017,2017 WADA Anti-Doping Rule Violations (ADRVs) Report,TRUE,FALSE
2017,School Sports,School Sports,1,TRUE,School Sports,Other Sports - Non-Code Signatories,Other Sports - Non-Code Signatories,64,1,0,0,0,0,1,0,1,1,5.636978579481398e-4,6.863417982155113e-4,0,0,NA,NA,NA,NA,NA,NA,NA,NA,NA,NA,NA,wada_adrv_2017_sport_totals.csv,2017,2017 WADA Anti-Doping Rule Violations (ADRVs) Report,TRUE,FALSE
2017,Shooting Para Sport,Shooting Para Sport,1,TRUE,Shooting Para Sport,IPC,IPC,53,2,1,0,0,0,1,0,1,0.5,5.636978579481398e-4,6.863417982155113e-4,0,0,NA,NA,NA,NA,NA,NA,NA,NA,NA,NA,NA,wada_adrv_2017_sport_totals.csv,2017,2017 WADA Anti-Doping Rule Violations (ADRVs) Report,TRUE,FALSE
2017,Sitting Volleyball,Sitting Volleyball,1,TRUE,Sitting Volleyball,Sports for Athletes with an Impairment,Sports for Athletes with an Impairment,194,3,2,0,0,0,1,0,1,0.3333333333333333,5.636978579481398e-4,6.863417982155113e-4,0,0,NA,NA,NA,NA,NA,NA,NA,NA,NA,NA,NA,wada_adrv_2017_sport_totals.csv,2017,2017 WADA Anti-Doping Rule Violations (ADRVs) Report,TRUE,FALSE
2017,Sport Fishing,Sport Fishing,1,TRUE,Sport Fishing,AIMS,AIMS,46,4,0,0,0,3,1,0,1,0.25,5.636978579481398e-4,6.863417982155113e-4,0,0,NA,NA,NA,NA,NA,NA,NA,NA,NA,NA,NA,wada_adrv_2017_sport_totals.csv,2017,2017 WADA Anti-Doping Rule Violations (ADRVs) Report,TRUE,FALSE
2017,Strongman,Strongman,1,TRUE,Strongman,Other Sports - Non-Code Signatories,Other Sports - Non-Code Signatories,12,1,0,0,0,0,1,0,1,1,5.636978579481398e-4,6.863417982155113e-4,0,0,NA,NA,NA,NA,NA,NA,NA,NA,NA,NA,NA,wada_adrv_2017_sport_totals.csv,2017,2017 WADA Anti-Doping Rule Violations (ADRVs) Report,TRUE,FALSE
2017,Sumo,Sumo,1,TRUE,Sumo,ARISF,ARISF,114,1,0,0,0,0,1,0,1,1,5.636978579481398e-4,6.863417982155113e-4,0,0,NA,NA,NA,NA,NA,NA,NA,NA,NA,NA,NA,wada_adrv_2017_sport_totals.csv,2017,2017 WADA Anti-Doping Rule Violations (ADRVs) Report,TRUE,FALSE
2017,Table Tennis,Table Tennis,1,TRUE,Table Tennis,ASOIF | Other Sports - Non-Code Signatories | Sports for Athletes with an Impairment,ASOIF | Other Sports - Non-Code Signatories | Sports for Athletes with an Impairment,1042,5,1,2,1,0,1,0,1,0.2,5.636978579481398e-4,6.863417982155113e-4,0,0,NA,NA,NA,NA,NA,NA,NA,NA,NA,NA,NA,wada_adrv_2017_sport_totals.csv,2017,2017 WADA Anti-Doping Rule Violations (ADRVs) Report,TRUE,FALSE
2017,Traditional Archery,Traditional Archery,1,TRUE,Traditional Archery,Other Sports - Non-Code Signatories,Other Sports - Non-Code Signatories,18,1,0,0,0,0,1,0,1,1,5.636978579481398e-4,6.863417982155113e-4,0,0,NA,NA,NA,NA,NA,NA,NA,NA,NA,NA,NA,wada_adrv_2017_sport_totals.csv,2017,2017 WADA Anti-Doping Rule Violations (ADRVs) Report,TRUE,FALSE
2017,Tug of War,Tug of War,1,TRUE,Tug of War,ARISF,ARISF,136,1,0,0,0,0,1,0,1,1,5.636978579481398e-4,6.863417982155113e-4,0,0,NA,NA,NA,NA,NA,NA,NA,NA,NA,NA,NA,wada_adrv_2017_sport_totals.csv,2017,2017 WADA Anti-Doping Rule Violations (ADRVs) Report,TRUE,FALSE
2017,Air Sports,Air Sports,1,TRUE,Air Sports,ARISF,ARISF,62,2,2,0,0,0,0,0,0,0,0,0,0,0,NA,NA,NA,NA,NA,NA,NA,NA,NA,NA,NA,wada_adrv_2017_sport_totals.csv,2017,2017 WADA Anti-Doping Rule Violations (ADRVs) Report,TRUE,FALSE
2017,Australian Rules Football,Australian Rules Football,1,TRUE,Australian Rules Football,Other Sports - Non-Code Signatories,Other Sports - Non-Code Signatories,401,1,0,1,0,0,0,0,0,0,0,0,0,0,NA,NA,NA,NA,NA,NA,NA,NA,NA,NA,NA,wada_adrv_2017_sport_totals.csv,2017,2017 WADA Anti-Doping Rule Violations (ADRVs) Report,TRUE,FALSE
2017,Badminton,Badminton,1,TRUE,Badminton,ASOIF,ASOIF,1372,1,0,0,0,1,0,0,0,0,0,0,0,0,NA,NA,NA,NA,NA,NA,NA,NA,NA,NA,NA,wada_adrv_2017_sport_totals.csv,2017,2017 WADA Anti-Doping Rule Violations (ADRVs) Report,TRUE,FALSE
2017,Bandy,Bandy,1,TRUE,Bandy,ARISF,ARISF,118,1,0,0,0,1,0,0,0,0,0,0,0,0,NA,NA,NA,NA,NA,NA,NA,NA,NA,NA,NA,wada_adrv_2017_sport_totals.csv,2017,2017 WADA Anti-Doping Rule Violations (ADRVs) Report,TRUE,FALSE
2017,Basque Pelota,Basque Pelota,1,TRUE,Basque Pelota,ARISF,ARISF,45,2,1,0,0,1,0,0,0,0,0,0,0,0,NA,NA,NA,NA,NA,NA,NA,NA,NA,NA,NA,wada_adrv_2017_sport_totals.csv,2017,2017 WADA Anti-Doping Rule Violations (ADRVs) Report,TRUE,FALSE
2017,Boules Sports,Boules Sports,1,TRUE,Boules Sports,ARISF,ARISF,162,5,0,0,0,5,0,0,0,0,0,0,0,0,NA,NA,NA,NA,NA,NA,NA,NA,NA,NA,NA,wada_adrv_2017_sport_totals.csv,2017,2017 WADA Anti-Doping Rule Violations (ADRVs) Report,TRUE,FALSE
2017,CP Football,CP Football,1,TRUE,CP Football,Sports for Athletes with an Impairment,Sports for Athletes with an Impairment,21,1,0,0,0,1,0,0,0,0,0,0,0,0,NA,NA,NA,NA,NA,NA,NA,NA,NA,NA,NA,wada_adrv_2017_sport_totals.csv,2017,2017 WADA Anti-Doping Rule Violations (ADRVs) Report,TRUE,FALSE
2017,Cheer,Cheer,1,TRUE,Cheer,ARISF,ARISF,69,6,1,0,0,5,0,0,0,0,0,0,0,0,NA,NA,NA,NA,NA,NA,NA,NA,NA,NA,NA,wada_adrv_2017_sport_totals.csv,2017,2017 WADA Anti-Doping Rule Violations (ADRVs) Report,TRUE,FALSE
2017,Curling,Curling,1,TRUE,Curling,AIOWF | Sports for Athletes with an Impairment,AIOWF | Sports for Athletes with an Impairment,570,7,6,0,1,0,0,0,0,0,0,0,0,0,NA,NA,NA,NA,NA,NA,NA,NA,NA,NA,NA,wada_adrv_2017_sport_totals.csv,2017,2017 WADA Anti-Doping Rule Violations (ADRVs) Report,TRUE,FALSE
2017,Draughts,Draughts,1,TRUE,Draughts,AIMS,AIMS,21,1,0,0,0,1,0,0,0,0,0,0,0,0,NA,NA,NA,NA,NA,NA,NA,NA,NA,NA,NA,wada_adrv_2017_sport_totals.csv,2017,2017 WADA Anti-Doping Rule Violations (ADRVs) Report,TRUE,FALSE
2017,Floorball,Floorball,1,TRUE,Floorball,ARISF,ARISF,423,4,1,0,0,3,0,0,0,0,0,0,0,0,NA,NA,NA,NA,NA,NA,NA,NA,NA,NA,NA,wada_adrv_2017_sport_totals.csv,2017,2017 WADA Anti-Doping Rule Violations (ADRVs) Report,TRUE,FALSE
2017,Goalball,Goalball,1,TRUE,Goalball,Sports for Athletes with an Impairment,Sports for Athletes with an Impairment,123,4,1,1,0,2,0,0,0,0,0,0,0,0,NA,NA,NA,NA,NA,NA,NA,NA,NA,NA,NA,wada_adrv_2017_sport_totals.csv,2017,2017 WADA Anti-Doping Rule Violations (ADRVs) Report,TRUE,FALSE
2017,Horse Racing,Horse Racing,1,TRUE,Horse Racing,Other Sports - Non-Code Signatories,Other Sports - Non-Code Signatories,285,9,0,0,0,9,0,0,0,0,0,0,0,0,NA,NA,NA,NA,NA,NA,NA,NA,NA,NA,NA,wada_adrv_2017_sport_totals.csv,2017,2017 WADA Anti-Doping Rule Violations (ADRVs) Report,TRUE,FALSE
2017,Kabaddi,Kabaddi,1,TRUE,Kabaddi,Other Sports - Non-Code Signatories,Other Sports - Non-Code Signatories,156,1,0,0,0,1,0,0,0,0,0,0,0,0,NA,NA,NA,NA,NA,NA,NA,NA,NA,NA,NA,wada_adrv_2017_sport_totals.csv,2017,2017 WADA Anti-Doping Rule Violations (ADRVs) Report,TRUE,FALSE
2017,Kempo,Kempo,1,TRUE,Kempo,Other Sports - Non-Code Signatories,Other Sports - Non-Code Signatories,33,2,0,0,0,2,0,0,0,0,0,0,0,0,NA,NA,NA,NA,NA,NA,NA,NA,NA,NA,NA,wada_adrv_2017_sport_totals.csv,2017,2017 WADA Anti-Doping Rule Violations (ADRVs) Report,TRUE,FALSE
2017,Kettlebell Lifting,Kettlebell Lifting,1,TRUE,Kettlebell Lifting,Other Code Signatories,Other Code Signatories,55,2,0,0,0,2,0,0,0,0,0,0,0,0,NA,NA,NA,NA,NA,NA,NA,NA,NA,NA,NA,wada_adrv_2017_sport_totals.csv,2017,2017 WADA Anti-Doping Rule Violations (ADRVs) Report,TRUE,FALSE
2017,Minigolf,Minigolf,1,TRUE,Minigolf,AIMS,AIMS,52,2,0,0,0,2,0,0,0,0,0,0,0,0,NA,NA,NA,NA,NA,NA,NA,NA,NA,NA,NA,wada_adrv_2017_sport_totals.csv,2017,2017 WADA Anti-Doping Rule Violations (ADRVs) Report,TRUE,FALSE
2017,Para-Alpine Skiing,Para-Alpine Skiing,1,TRUE,Para-Alpine Skiing,IPC,IPC,246,4,3,0,1,0,0,0,0,0,0,0,0,0,NA,NA,NA,NA,NA,NA,NA,NA,NA,NA,NA,wada_adrv_2017_sport_totals.csv,2017,2017 WADA Anti-Doping Rule Violations (ADRVs) Report,TRUE,FALSE
2017,Para-Cross Country Skiing,Para-Cross Country Skiing,1,TRUE,Para-Cross Country Skiing,IPC,IPC,474,1,0,1,0,0,0,0,0,0,0,0,0,0,NA,NA,NA,NA,NA,NA,NA,NA,NA,NA,NA,wada_adrv_2017_sport_totals.csv,2017,2017 WADA Anti-Doping Rule Violations (ADRVs) Report,TRUE,FALSE
2017,Para-DanceSport,Para-DanceSport,1,TRUE,Para-DanceSport,IPC,IPC,7,1,0,0,0,1,0,0,0,0,0,0,0,0,NA,NA,NA,NA,NA,NA,NA,NA,NA,NA,NA,wada_adrv_2017_sport_totals.csv,2017,2017 WADA Anti-Doping Rule Violations (ADRVs) Report,TRUE,FALSE
2017,Para-Ice Hockey,Para-Ice Hockey,1,TRUE,Para-Ice Hockey,IPC,IPC,166,3,2,0,0,1,0,0,0,0,0,0,0,0,NA,NA,NA,NA,NA,NA,NA,NA,NA,NA,NA,wada_adrv_2017_sport_totals.csv,2017,2017 WADA Anti-Doping Rule Violations (ADRVs) Report,TRUE,FALSE
2017,Para-Snowboard,Para-Snowboard,1,TRUE,Para-Snowboard,IPC,IPC,95,2,2,0,0,0,0,0,0,0,0,0,0,0,NA,NA,NA,NA,NA,NA,NA,NA,NA,NA,NA,wada_adrv_2017_sport_totals.csv,2017,2017 WADA Anti-Doping Rule Violations (ADRVs) Report,TRUE,FALSE
2017,Savate,Savate,1,TRUE,Savate,AIMS,AIMS,45,1,0,0,0,1,0,0,0,0,0,0,0,0,NA,NA,NA,NA,NA,NA,NA,NA,NA,NA,NA,wada_adrv_2017_sport_totals.csv,2017,2017 WADA Anti-Doping Rule Violations (ADRVs) Report,TRUE,FALSE
2017,Ski Mountaineering,Ski Mountaineering,1,TRUE,Ski Mountaineering,ARISF,ARISF,157,2,2,0,0,0,0,0,0,0,0,0,0,0,NA,NA,NA,NA,NA,NA,NA,NA,NA,NA,NA,wada_adrv_2017_sport_totals.csv,2017,2017 WADA Anti-Doping Rule Violations (ADRVs) Report,TRUE,FALSE
2017,Sport Climbing,Sport Climbing,1,TRUE,Sport Climbing,ARISF,ARISF,265,1,0,0,1,0,0,0,0,0,0,0,0,0,NA,NA,NA,NA,NA,NA,NA,NA,NA,NA,NA,wada_adrv_2017_sport_totals.csv,2017,2017 WADA Anti-Doping Rule Violations (ADRVs) Report,TRUE,FALSE
2017,VA'A,VA'A,1,TRUE,VA'A,Other Sports - Non-Code Signatories,Other Sports - Non-Code Signatories,16,2,0,0,0,2,0,0,0,0,0,0,0,0,NA,NA,NA,NA,NA,NA,NA,NA,NA,NA,NA,wada_adrv_2017_sport_totals.csv,2017,2017 WADA Anti-Doping Rule Violations (ADRVs) Report,TRUE,FALSE
2018,Bodybuilding,Bodybuilding,1,TRUE,Bodybuilding,AIMS | Other Sports - Non-Code Signatories,AIMS | Other Sports - Non-Code Signatories,1525,260,1,31,1,32,195,66,261,0.75,0.13686418458311483,0.11890243902439024,0.24719101123595505,0,NA,NA,NA,NA,NA,NA,NA,NA,NA,NA,NA,wada_adrv_2018_sport_totals.csv,2018,2018 WADA Anti-Doping Rule Violations (ADRVs) Report,TRUE,TRUE
2018,Cycling,Cycling,1,TRUE,Cycling,ASOIF | Sports for Athletes with an Impairment,ASOIF | Sports for Athletes with an Impairment,26208,323,50,52,7,30,184,37,221,0.5696594427244582,0.11588883062401678,0.11219512195121951,0.13857677902621723,0,NA,NA,NA,NA,NA,NA,NA,NA,NA,NA,NA,wada_adrv_2018_sport_totals.csv,2018,2018 WADA Anti-Doping Rule Violations (ADRVs) Report,TRUE,TRUE
2018,Athletics,Athletics,1,TRUE,Athletics,ASOIF | Other Sports - Non-Code Signatories | Sports for Athletes with an Impairment,ASOIF | Other Sports - Non-Code Signatories | Sports for Athletes with an Impairment,32715,249,19,29,8,36,157,36,193,0.6305220883534136,0.10120608285264814,0.09573170731707317,0.1348314606741573,0,NA,NA,NA,NA,NA,NA,NA,NA,NA,NA,NA,wada_adrv_2018_sport_totals.csv,2018,2018 WADA Anti-Doping Rule Violations (ADRVs) Report,TRUE,TRUE
2018,Powerlifting,Powerlifting,1,TRUE,Powerlifting,AIMS | Other Sports - Non-Code Signatories | Sports for Athletes with an Impairment,AIMS | Other Sports - Non-Code Signatories | Sports for Athletes with an Impairment,4192,221,9,35,2,27,148,16,164,0.669683257918552,0.08599895123230204,0.09024390243902439,0.0599250936329588,0,NA,NA,NA,NA,NA,NA,NA,NA,NA,NA,NA,wada_adrv_2018_sport_totals.csv,2018,2018 WADA Anti-Doping Rule Violations (ADRVs) Report,TRUE,TRUE
2018,Weightlifting,Weightlifting,1,TRUE,Weightlifting,ASOIF,ASOIF,13544,205,15,15,7,20,148,9,157,0.7219512195121951,0.08232826428945988,0.09024390243902439,0.033707865168539325,0,NA,NA,NA,NA,NA,NA,NA,NA,NA,NA,NA,wada_adrv_2018_sport_totals.csv,2018,2018 WADA Anti-Doping Rule Violations (ADRVs) Report,TRUE,TRUE
2018,Wrestling,Wrestling,1,TRUE,Wrestling,ASOIF | Other Sports - Non-Code Signatories,ASOIF | Other Sports - Non-Code Signatories,5894,80,7,2,5,6,60,7,67,0.75,0.03513371788148925,0.036585365853658534,0.026217228464419477,0,NA,NA,NA,NA,NA,NA,NA,NA,NA,NA,NA,wada_adrv_2018_sport_totals.csv,2018,2018 WADA Anti-Doping Rule Violations (ADRVs) Report,TRUE,TRUE
2018,Boxing,Boxing,1,TRUE,Boxing,ASOIF | Other Sports - Non-Code Signatories,ASOIF | Other Sports - Non-Code Signatories,4919,85,6,18,1,12,48,9,57,0.5647058823529412,0.029889879391714735,0.02926829268292683,0.033707865168539325,0,NA,NA,NA,NA,NA,NA,NA,NA,NA,NA,NA,wada_adrv_2018_sport_totals.csv,2018,2018 WADA Anti-Doping Rule Violations (ADRVs) Report,TRUE,TRUE
2018,Rugby Union,Rugby Union,1,TRUE,Rugby Union,ASOIF | Sports for Athletes with an Impairment,ASOIF | Sports for Athletes with an Impairment,8180,63,5,8,1,4,45,12,57,0.7142857142857143,0.029889879391714735,0.027439024390243903,0.0449438202247191,0,NA,NA,NA,NA,NA,NA,NA,NA,NA,NA,NA,wada_adrv_2018_sport_totals.csv,2018,2018 WADA Anti-Doping Rule Violations (ADRVs) Report,TRUE,TRUE
2018,Football,Football,1,TRUE,Football,ASOIF | Other Sports - Non-Code Signatories | Sports for Athletes with an Impairment,ASOIF | Other Sports - Non-Code Signatories | Sports for Athletes with an Impairment,38731,127,17,27,4,27,52,4,56,0.4094488188976378,0.029365495542737284,0.03170731707317073,0.0149812734082397,0,NA,NA,NA,NA,NA,NA,NA,NA,NA,NA,NA,wada_adrv_2018_sport_totals.csv,2018,2018 WADA Anti-Doping Rule Violations (ADRVs) Report,TRUE,TRUE
2018,Aquatics,Aquatics,1,TRUE,Aquatics,ASOIF | Sports for Athletes with an Impairment,ASOIF | Sports for Athletes with an Impairment,14538,78,26,7,5,8,32,7,39,0.41025641025641024,0.02045097011012061,0.01951219512195122,0.026217228464419477,0,NA,NA,NA,NA,NA,NA,NA,NA,NA,NA,NA,wada_adrv_2018_sport_totals.csv,2018,2018 WADA Anti-Doping Rule Violations (ADRVs) Report,TRUE,TRUE
2018,Handball,Handball,1,TRUE,Handball,ASOIF | Sports for Athletes with an Impairment,ASOIF | Sports for Athletes with an Impairment,3902,41,4,1,0,3,33,1,34,0.8048780487804879,0.01782905086523335,0.020121951219512196,0.003745318352059925,0,NA,NA,NA,NA,NA,NA,NA,NA,NA,NA,NA,wada_adrv_2018_sport_totals.csv,2018,2018 WADA Anti-Doping Rule Violations (ADRVs) Report,TRUE,TRUE
2018,Basketball,Basketball,1,TRUE,Basketball,ASOIF | Other Sports - Non-Code Signatories | Sports for Athletes with an Impairment,ASOIF | Other Sports - Non-Code Signatories | Sports for Athletes with an Impairment,6311,49,12,4,1,4,28,4,32,0.5714285714285714,0.016780283167278448,0.01707317073170732,0.0149812734082397,0,NA,NA,NA,NA,NA,NA,NA,NA,NA,NA,NA,wada_adrv_2018_sport_totals.csv,2018,2018 WADA Anti-Doping Rule Violations (ADRVs) Report,TRUE,TRUE
2018,Triathlon,Triathlon,1,TRUE,Triathlon,ASOIF | Other Code Signatories,ASOIF | Other Code Signatories,5154,52,11,3,6,2,30,1,31,0.5769230769230769,0.016255899318300997,0.018292682926829267,0.003745318352059925,0,NA,NA,NA,NA,NA,NA,NA,NA,NA,NA,NA,wada_adrv_2018_sport_totals.csv,2018,2018 WADA Anti-Doping Rule Violations (ADRVs) Report,TRUE,TRUE
2018,Judo,Judo,1,TRUE,Judo,ASOIF | Sports for Athletes with an Impairment,ASOIF | Sports for Athletes with an Impairment,5307,51,6,4,1,12,28,2,30,0.5490196078431373,0.015731515469323543,0.01707317073170732,0.00749063670411985,0,NA,NA,NA,NA,NA,NA,NA,NA,NA,NA,NA,wada_adrv_2018_sport_totals.csv,2018,2018 WADA Anti-Doping Rule Violations (ADRVs) Report,TRUE,TRUE
2018,Volleyball,Volleyball,1,TRUE,Volleyball,ASOIF | Other Sports - Non-Code Signatories,ASOIF | Other Sports - Non-Code Signatories,4371,39,4,3,1,4,27,0,27,0.6923076923076923,0.01415836392239119,0.016463414634146342,0,0,NA,NA,NA,NA,NA,NA,NA,NA,NA,NA,NA,wada_adrv_2018_sport_totals.csv,2018,2018 WADA Anti-Doping Rule Violations (ADRVs) Report,TRUE,FALSE
2018,Canoe / Kayak,Canoe / Kayak,1,TRUE,Canoe/Kayak,ASOIF | Sports for Athletes with an Impairment,ASOIF | Sports for Athletes with an Impairment,5023,28,2,1,0,2,23,2,25,0.8214285714285714,0.013109596224436287,0.01402439024390244,0.00749063670411985,0,NA,NA,NA,NA,NA,NA,NA,NA,NA,NA,NA,wada_adrv_2018_sport_totals.csv,2018,2018 WADA Anti-Doping Rule Violations (ADRVs) Report,TRUE,TRUE
2018,American Football,American Football,1,TRUE,American Football,ARISF | Other Sports - Non-Code Signatories,ARISF | Other Sports - Non-Code Signatories,1233,61,6,16,6,10,23,0,23,0.3770491803278688,0.012060828526481384,0.01402439024390244,0,0,NA,NA,NA,NA,NA,NA,NA,NA,NA,NA,NA,wada_adrv_2018_sport_totals.csv,2018,2018 WADA Anti-Doping Rule Violations (ADRVs) Report,TRUE,FALSE
2018,Kickboxing,Kickboxing,1,TRUE,Kickboxing,AIMS,AIMS,719,33,0,4,0,7,22,1,23,0.6666666666666666,0.012060828526481384,0.013414634146341463,0.003745318352059925,0,NA,NA,NA,NA,NA,NA,NA,NA,NA,NA,NA,wada_adrv_2018_sport_totals.csv,2018,2018 WADA Anti-Doping Rule Violations (ADRVs) Report,TRUE,TRUE
2018,Taekwondo,Taekwondo,1,TRUE,Taekwondo | Taekwondo - AUT,ASOIF | Other Sports - Non-Code Signatories | Sports for Athletes with an Impairment,ASOIF | Other Sports - Non-Code Signatories | Sports for Athletes with an Impairment,2579,24,1,0,0,2,21,1,22,0.875,0.011536444677503933,0.012804878048780487,0.003745318352059925,0,NA,NA,NA,NA,NA,NA,NA,NA,NA,NA,NA,wada_adrv_2018_sport_totals.csv,2018,2018 WADA Anti-Doping Rule Violations (ADRVs) Report,TRUE,TRUE
2018,Ice Hockey,Ice Hockey,1,TRUE,Ice Hockey,AIOWF | Other Sports - Non-Code Signatories,AIOWF | Other Sports - Non-Code Signatories,4145,40,11,1,9,3,16,5,21,0.4,0.01101206082852648,0.00975609756097561,0.018726591760299626,0,NA,NA,NA,NA,NA,NA,NA,NA,NA,NA,NA,wada_adrv_2018_sport_totals.csv,2018,2018 WADA Anti-Doping Rule Violations (ADRVs) Report,TRUE,TRUE
2018,Rowing,Rowing,1,TRUE,Rowing,ASOIF | Sports for Athletes with an Impairment,ASOIF | Sports for Athletes with an Impairment,5081,31,6,2,1,2,20,1,21,0.6451612903225806,0.01101206082852648,0.012195121951219513,0.003745318352059925,0,NA,NA,NA,NA,NA,NA,NA,NA,NA,NA,NA,wada_adrv_2018_sport_totals.csv,2018,2018 WADA Anti-Doping Rule Violations (ADRVs) Report,TRUE,TRUE
2018,Muaythai,Muaythai,1,TRUE,Muaythai,ARISF,ARISF,506,20,0,0,0,3,17,2,19,0.85,0.009963293130571578,0.010365853658536586,0.00749063670411985,0,NA,NA,NA,NA,NA,NA,NA,NA,NA,NA,NA,wada_adrv_2018_sport_totals.csv,2018,2018 WADA Anti-Doping Rule Violations (ADRVs) Report,TRUE,TRUE
2018,Rugby League,Rugby League,1,TRUE,Rugby League,Other Code Signatories,Other Code Signatories,1770,10,1,1,0,1,7,12,19,0.7,0.009963293130571578,0.00426829268292683,0.0449438202247191,0,NA,NA,NA,NA,NA,NA,NA,NA,NA,NA,NA,wada_adrv_2018_sport_totals.csv,2018,2018 WADA Anti-Doping Rule Violations (ADRVs) Report,TRUE,TRUE
2018,Arm Wrestling,Arm Wrestling,1,TRUE,Arm Wrestling,AIMS | Sports for Athletes with an Impairment,AIMS | Sports for Athletes with an Impairment,424,23,0,0,0,5,18,0,18,0.782608695652174,0.009438909281594127,0.01097560975609756,0,0,NA,NA,NA,NA,NA,NA,NA,NA,NA,NA,NA,wada_adrv_2018_sport_totals.csv,2018,2018 WADA Anti-Doping Rule Violations (ADRVs) Report,TRUE,FALSE
2018,Para-Powerlifting,Para-Powerlifting,1,TRUE,Para-Powerlifting,IPC,IPC,807,20,1,0,0,4,15,1,16,0.75,0.008390141583639224,0.009146341463414634,0.003745318352059925,0,NA,NA,NA,NA,NA,NA,NA,NA,NA,NA,NA,wada_adrv_2018_sport_totals.csv,2018,2018 WADA Anti-Doping Rule Violations (ADRVs) Report,TRUE,TRUE
2018,Tennis,Tennis,1,TRUE,Tennis,ASOIF | Sports for Athletes with an Impairment,ASOIF | Sports for Athletes with an Impairment,6982,41,10,16,0,0,15,1,16,0.36585365853658536,0.008390141583639224,0.009146341463414634,0.003745318352059925,0,NA,NA,NA,NA,NA,NA,NA,NA,NA,NA,NA,wada_adrv_2018_sport_totals.csv,2018,2018 WADA Anti-Doping Rule Violations (ADRVs) Report,TRUE,TRUE
2018,Skiing,Skiing,1,TRUE,Skiing,AIOWF,AIOWF,6918,15,2,2,1,1,9,6,15,0.6,0.007865757734661772,0.00548780487804878,0.02247191011235955,0,NA,NA,NA,NA,NA,NA,NA,NA,NA,NA,NA,wada_adrv_2018_sport_totals.csv,2018,2018 WADA Anti-Doping Rule Violations (ADRVs) Report,TRUE,TRUE
2018,Motorcycling,Motorcycle Racing,1,TRUE,Motorcycle Racing,ARISF,ARISF,510,14,0,0,0,1,13,1,14,0.9285714285714286,0.007341373885684321,0.007926829268292683,0.003745318352059925,0,NA,NA,NA,NA,NA,NA,NA,NA,NA,NA,NA,wada_adrv_2018_sport_totals.csv,2018,2018 WADA Anti-Doping Rule Violations (ADRVs) Report,TRUE,TRUE
2018,Jiu-Jitsu,Jiu-Jitsu,1,TRUE,Jiu-Jitsu | Ju-Jitsu,AIMS | Other Sports - Non-Code Signatories,AIMS | Other Sports - Non-Code Signatories,316,14,1,0,0,3,10,1,11,0.7142857142857143,0.0057682223387519665,0.006097560975609756,0.003745318352059925,0,NA,NA,NA,NA,NA,NA,NA,NA,NA,NA,NA,wada_adrv_2018_sport_totals.csv,2018,2018 WADA Anti-Doping Rule Violations (ADRVs) Report,TRUE,TRUE
2018,Sambo,Sambo,1,TRUE,Sambo,AIMS,AIMS,380,11,0,0,0,0,11,0,11,1,0.0057682223387519665,0.006707317073170732,0,0,NA,NA,NA,NA,NA,NA,NA,NA,NA,NA,NA,wada_adrv_2018_sport_totals.csv,2018,2018 WADA Anti-Doping Rule Violations (ADRVs) Report,TRUE,FALSE
2018,Wushu,Wushu,1,TRUE,Wushu,ARISF,ARISF,469,12,0,0,1,1,10,0,10,0.8333333333333334,0.005243838489774515,0.006097560975609756,0,0,NA,NA,NA,NA,NA,NA,NA,NA,NA,NA,NA,wada_adrv_2018_sport_totals.csv,2018,2018 WADA Anti-Doping Rule Violations (ADRVs) Report,TRUE,FALSE
2018,Automobile Sports,Automobile Sports,1,TRUE,Automobile Sports,ARISF,ARISF,361,11,1,1,0,0,9,0,9,0.8181818181818182,0.0047194546407970635,0.00548780487804878,0,0,NA,NA,NA,NA,NA,NA,NA,NA,NA,NA,NA,wada_adrv_2018_sport_totals.csv,2018,2018 WADA Anti-Doping Rule Violations (ADRVs) Report,TRUE,FALSE
2018,Para-Athletics,Para-Athletics,1,TRUE,Para-Athletics,IPC,IPC,2042,28,13,3,1,2,9,0,9,0.32142857142857145,0.0047194546407970635,0.00548780487804878,0,0,NA,NA,NA,NA,NA,NA,NA,NA,NA,NA,NA,wada_adrv_2018_sport_totals.csv,2018,2018 WADA Anti-Doping Rule Violations (ADRVs) Report,TRUE,FALSE
2018,Shooting,Shooting,1,TRUE,Shooting,ASOIF,ASOIF,1949,26,6,5,4,2,9,0,9,0.34615384615384615,0.0047194546407970635,0.00548780487804878,0,0,NA,NA,NA,NA,NA,NA,NA,NA,NA,NA,NA,wada_adrv_2018_sport_totals.csv,2018,2018 WADA Anti-Doping Rule Violations (ADRVs) Report,TRUE,FALSE
2018,Skating,Skating,1,TRUE,Skating,AIOWF,AIOWF,4512,10,2,1,1,0,6,3,9,0.6,0.0047194546407970635,0.003658536585365854,0.011235955056179775,0,NA,NA,NA,NA,NA,NA,NA,NA,NA,NA,NA,wada_adrv_2018_sport_totals.csv,2018,2018 WADA Anti-Doping Rule Violations (ADRVs) Report,TRUE,TRUE
2018,Underwater Sports,Underwater Sports,1,TRUE,Underwater Sports,ARISF,ARISF,631,9,0,0,0,1,8,1,9,0.8888888888888888,0.0047194546407970635,0.004878048780487805,0.003745318352059925,0,NA,NA,NA,NA,NA,NA,NA,NA,NA,NA,NA,wada_adrv_2018_sport_totals.csv,2018,2018 WADA Anti-Doping Rule Violations (ADRVs) Report,TRUE,TRUE
2018,Gymnastics,Gymnastics,1,TRUE,Gymnastics,ASOIF,ASOIF,2737,9,3,0,0,0,6,2,8,0.6666666666666666,0.004195070791819612,0.003658536585365854,0.00749063670411985,0,NA,NA,NA,NA,NA,NA,NA,NA,NA,NA,NA,wada_adrv_2018_sport_totals.csv,2018,2018 WADA Anti-Doping Rule Violations (ADRVs) Report,TRUE,TRUE
2018,Karate,Karate,1,TRUE,Karate,ARISF,ARISF,1236,7,0,0,0,0,7,0,7,1,0.0036706869428421605,0.00426829268292683,0,0,NA,NA,NA,NA,NA,NA,NA,NA,NA,NA,NA,wada_adrv_2018_sport_totals.csv,2018,2018 WADA Anti-Doping Rule Violations (ADRVs) Report,TRUE,FALSE
2018,Mixed Martial Arts,Mixed Martial Arts,1,TRUE,Mixed Martial Arts,Other Sports - Non-Code Signatories,Other Sports - Non-Code Signatories,2843,63,5,50,0,4,4,3,7,0.06349206349206349,0.0036706869428421605,0.0024390243902439024,0.011235955056179775,0,NA,NA,NA,NA,NA,NA,NA,NA,NA,NA,NA,wada_adrv_2018_sport_totals.csv,2018,2018 WADA Anti-Doping Rule Violations (ADRVs) Report,TRUE,TRUE
2018,Bobsleigh,Bobsleigh,1,TRUE,Bobsleigh,AIOWF,AIOWF,1457,11,3,2,0,0,6,0,6,0.5454545454545454,0.003146303093864709,0.003658536585365854,0,0,NA,NA,NA,NA,NA,NA,NA,NA,NA,NA,NA,wada_adrv_2018_sport_totals.csv,2018,2018 WADA Anti-Doping Rule Violations (ADRVs) Report,TRUE,FALSE
2018,Kabaddi,Kabaddi,1,TRUE,Kabaddi,Other Sports - Non-Code Signatories,Other Sports - Non-Code Signatories,240,9,1,0,0,2,6,0,6,0.6666666666666666,0.003146303093864709,0.003658536585365854,0,0,NA,NA,NA,NA,NA,NA,NA,NA,NA,NA,NA,wada_adrv_2018_sport_totals.csv,2018,2018 WADA Anti-Doping Rule Violations (ADRVs) Report,TRUE,FALSE
2018,Longue Paume,Longue Paume,1,TRUE,Longue Paume,Other Sports - Non-Code Signatories,Other Sports - Non-Code Signatories,12,6,0,0,0,0,6,0,6,1,0.003146303093864709,0.003658536585365854,0,0,NA,NA,NA,NA,NA,NA,NA,NA,NA,NA,NA,wada_adrv_2018_sport_totals.csv,2018,2018 WADA Anti-Doping Rule Violations (ADRVs) Report,TRUE,FALSE
2018,Para-Ice Hockey,Para-Ice Hockey,1,TRUE,Para-Ice Hockey,IPC,IPC,270,7,1,0,0,0,6,0,6,0.8571428571428571,0.003146303093864709,0.003658536585365854,0,0,NA,NA,NA,NA,NA,NA,NA,NA,NA,NA,NA,wada_adrv_2018_sport_totals.csv,2018,2018 WADA Anti-Doping Rule Violations (ADRVs) Report,TRUE,FALSE
2018,Billiards,Billiards Sports,1,TRUE,Billiards | Billiards Sports,ARISF,ARISF,144,4,0,0,0,0,4,1,5,1,0.0026219192448872575,0.0024390243902439024,0.003745318352059925,0,NA,NA,NA,NA,NA,NA,NA,NA,NA,NA,NA,wada_adrv_2018_sport_totals.csv,2018,2018 WADA Anti-Doping Rule Violations (ADRVs) Report,TRUE,TRUE
2018,Fencing,Fencing,1,TRUE,Fencing,ASOIF | Sports for Athletes with an Impairment,ASOIF | Sports for Athletes with an Impairment,1817,6,1,0,2,0,3,2,5,0.5,0.0026219192448872575,0.001829268292682927,0.00749063670411985,0,NA,NA,NA,NA,NA,NA,NA,NA,NA,NA,NA,wada_adrv_2018_sport_totals.csv,2018,2018 WADA Anti-Doping Rule Violations (ADRVs) Report,TRUE,TRUE
2018,Field Hockey,Field Hockey,1,TRUE,Field Hockey,ASOIF | Sports for Athletes with an Impairment,ASOIF | Sports for Athletes with an Impairment,1899,19,2,0,12,0,5,0,5,0.2631578947368421,0.0026219192448872575,0.003048780487804878,0,0,NA,NA,NA,NA,NA,NA,NA,NA,NA,NA,NA,wada_adrv_2018_sport_totals.csv,2018,2018 WADA Anti-Doping Rule Violations (ADRVs) Report,TRUE,FALSE
2018,School Sports,School Sports,1,TRUE,School Sports,Other Sports - Non-Code Signatories,Other Sports - Non-Code Signatories,212,5,0,0,0,0,5,0,5,1,0.0026219192448872575,0.003048780487804878,0,0,NA,NA,NA,NA,NA,NA,NA,NA,NA,NA,NA,wada_adrv_2018_sport_totals.csv,2018,2018 WADA Anti-Doping Rule Violations (ADRVs) Report,TRUE,FALSE
2018,Archery,Archery,1,TRUE,Archery,ASOIF | Sports for Athletes with an Impairment,ASOIF | Sports for Athletes with an Impairment,1258,11,5,1,1,0,4,0,4,0.36363636363636365,0.002097535395909806,0.0024390243902439024,0,0,NA,NA,NA,NA,NA,NA,NA,NA,NA,NA,NA,wada_adrv_2018_sport_totals.csv,2018,2018 WADA Anti-Doping Rule Violations (ADRVs) Report,TRUE,FALSE
2018,Cricket,Cricket,1,TRUE,Cricket,ARISF,ARISF,1484,6,0,1,0,2,3,1,4,0.5,0.002097535395909806,0.001829268292682927,0.003745318352059925,0,NA,NA,NA,NA,NA,NA,NA,NA,NA,NA,NA,wada_adrv_2018_sport_totals.csv,2018,2018 WADA Anti-Doping Rule Violations (ADRVs) Report,TRUE,TRUE
2018,Equestrian,Equestrian,1,TRUE,Equestrian,ASOIF | Sports for Athletes with an Impairment,ASOIF | Sports for Athletes with an Impairment,757,15,5,2,1,3,4,0,4,0.26666666666666666,0.002097535395909806,0.0024390243902439024,0,0,NA,NA,NA,NA,NA,NA,NA,NA,NA,NA,NA,wada_adrv_2018_sport_totals.csv,2018,2018 WADA Anti-Doping Rule Violations (ADRVs) Report,TRUE,FALSE
2018,Golf,Golf,1,TRUE,Golf,ASOIF,ASOIF,452,5,1,1,0,0,3,1,4,0.6,0.002097535395909806,0.001829268292682927,0.003745318352059925,0,NA,NA,NA,NA,NA,NA,NA,NA,NA,NA,NA,wada_adrv_2018_sport_totals.csv,2018,2018 WADA Anti-Doping Rule Violations (ADRVs) Report,TRUE,TRUE
2018,Para-Swimming,Para-Swimming,1,TRUE,Para-Swimming,IPC,IPC,1177,14,8,2,0,0,4,0,4,0.2857142857142857,0.002097535395909806,0.0024390243902439024,0,0,NA,NA,NA,NA,NA,NA,NA,NA,NA,NA,NA,wada_adrv_2018_sport_totals.csv,2018,2018 WADA Anti-Doping Rule Violations (ADRVs) Report,TRUE,FALSE
2018,Roller Sports,Roller Sports,1,TRUE,Roller Sports,ARISF,ARISF,806,9,3,0,1,2,3,1,4,0.3333333333333333,0.002097535395909806,0.001829268292682927,0.003745318352059925,0,NA,NA,NA,NA,NA,NA,NA,NA,NA,NA,NA,wada_adrv_2018_sport_totals.csv,2018,2018 WADA Anti-Doping Rule Violations (ADRVs) Report,TRUE,TRUE
2018,Baseball,Baseball,1,TRUE,Baseball,ARISF | Other Sports - Non-Code Signatories,ARISF | Other Sports - Non-Code Signatories,1431,21,1,11,1,6,2,1,3,0.09523809523809523,0.0015731515469323545,0.0012195121951219512,0.003745318352059925,0,NA,NA,NA,NA,NA,NA,NA,NA,NA,NA,NA,wada_adrv_2018_sport_totals.csv,2018,2018 WADA Anti-Doping Rule Violations (ADRVs) Report,TRUE,TRUE
2018,Boules Sports,Boules Sports,1,TRUE,Boules Sports,ARISF,ARISF,137,6,1,0,0,2,3,0,3,0.5,0.0015731515469323545,0.001829268292682927,0,0,NA,NA,NA,NA,NA,NA,NA,NA,NA,NA,NA,wada_adrv_2018_sport_totals.csv,2018,2018 WADA Anti-Doping Rule Violations (ADRVs) Report,TRUE,FALSE
2018,Football 5-a-Side,Football 5-a-Side,1,TRUE,Football 5-a-Side,Sports for Athletes with an Impairment,Sports for Athletes with an Impairment,81,3,0,0,0,0,3,0,3,1,0.0015731515469323545,0.001829268292682927,0,0,NA,NA,NA,NA,NA,NA,NA,NA,NA,NA,NA,wada_adrv_2018_sport_totals.csv,2018,2018 WADA Anti-Doping Rule Violations (ADRVs) Report,TRUE,FALSE
2018,Para-Alpine Skiing,Para-Alpine Skiing,1,TRUE,Para-Alpine Skiing,IPC,IPC,404,9,1,3,0,2,3,0,3,0.3333333333333333,0.0015731515469323545,0.001829268292682927,0,0,NA,NA,NA,NA,NA,NA,NA,NA,NA,NA,NA,wada_adrv_2018_sport_totals.csv,2018,2018 WADA Anti-Doping Rule Violations (ADRVs) Report,TRUE,FALSE
2018,Squash,Squash,1,TRUE,Squash,ARISF,ARISF,399,4,1,0,1,0,2,1,3,0.5,0.0015731515469323545,0.0012195121951219512,0.003745318352059925,0,NA,NA,NA,NA,NA,NA,NA,NA,NA,NA,NA,wada_adrv_2018_sport_totals.csv,2018,2018 WADA Anti-Doping Rule Violations (ADRVs) Report,TRUE,TRUE
2018,Table Tennis,Table Tennis,1,TRUE,Table Tennis,ASOIF | Sports for Athletes with an Impairment,ASOIF | Sports for Athletes with an Impairment,1171,5,0,0,2,0,3,0,3,0.6,0.0015731515469323545,0.001829268292682927,0,0,NA,NA,NA,NA,NA,NA,NA,NA,NA,NA,NA,wada_adrv_2018_sport_totals.csv,2018,2018 WADA Anti-Doping Rule Violations (ADRVs) Report,TRUE,FALSE
2018,Water Skiing,Water Skiing,1,TRUE,Waterskiing,ARISF,ARISF,198,3,0,0,1,0,2,1,3,0.6666666666666666,0.0015731515469323545,0.0012195121951219512,0.003745318352059925,0,NA,NA,NA,NA,NA,NA,NA,NA,NA,NA,NA,wada_adrv_2018_sport_totals.csv,2018,2018 WADA Anti-Doping Rule Violations (ADRVs) Report,TRUE,TRUE
2018,Air Sports,Air Sports,1,TRUE,Air Sports,ARISF,ARISF,122,5,2,0,0,1,2,0,2,0.4,0.001048767697954903,0.0012195121951219512,0,0,NA,NA,NA,NA,NA,NA,NA,NA,NA,NA,NA,wada_adrv_2018_sport_totals.csv,2018,2018 WADA Anti-Doping Rule Violations (ADRVs) Report,TRUE,FALSE
2018,Australian Rules Football,Australian Rules Football,1,TRUE,Australian Rules Football,Other Sports - Non-Code Signatories,Other Sports - Non-Code Signatories,431,2,0,0,0,0,2,0,2,1,0.001048767697954903,0.0012195121951219512,0,0,NA,NA,NA,NA,NA,NA,NA,NA,NA,NA,NA,wada_adrv_2018_sport_totals.csv,2018,2018 WADA Anti-Doping Rule Violations (ADRVs) Report,TRUE,FALSE
2018,Biathlon,Biathlon,1,TRUE,Biathlon,AIOWF,AIOWF,3133,5,4,0,0,0,1,1,2,0.2,0.001048767697954903,6.097560975609756e-4,0.003745318352059925,0,NA,NA,NA,NA,NA,NA,NA,NA,NA,NA,NA,wada_adrv_2018_sport_totals.csv,2018,2018 WADA Anti-Doping Rule Violations (ADRVs) Report,TRUE,TRUE
2018,Bridge,Bridge,1,TRUE,Bridge,ARISF,ARISF,86,2,0,0,0,0,2,0,2,1,0.001048767697954903,0.0012195121951219512,0,0,NA,NA,NA,NA,NA,NA,NA,NA,NA,NA,NA,wada_adrv_2018_sport_totals.csv,2018,2018 WADA Anti-Doping Rule Violations (ADRVs) Report,TRUE,FALSE
2018,Curling,Curling,1,TRUE,Curling,AIOWF | Sports for Athletes with an Impairment,AIOWF | Sports for Athletes with an Impairment,508,7,4,1,0,0,2,0,2,0.2857142857142857,0.001048767697954903,0.0012195121951219512,0,0,NA,NA,NA,NA,NA,NA,NA,NA,NA,NA,NA,wada_adrv_2018_sport_totals.csv,2018,2018 WADA Anti-Doping Rule Violations (ADRVs) Report,TRUE,FALSE
2018,Dragon Boat,Dragon Boat,1,TRUE,Dragon Boat,AIMS,AIMS,107,2,0,0,0,0,2,0,2,1,0.001048767697954903,0.0012195121951219512,0,0,NA,NA,NA,NA,NA,NA,NA,NA,NA,NA,NA,wada_adrv_2018_sport_totals.csv,2018,2018 WADA Anti-Doping Rule Violations (ADRVs) Report,TRUE,FALSE
2018,Draughts,Draughts,1,TRUE,Draughts,AIMS,AIMS,18,2,0,0,0,0,2,0,2,1,0.001048767697954903,0.0012195121951219512,0,0,NA,NA,NA,NA,NA,NA,NA,NA,NA,NA,NA,wada_adrv_2018_sport_totals.csv,2018,2018 WADA Anti-Doping Rule Violations (ADRVs) Report,TRUE,FALSE
2018,Floorball,Floorball,1,TRUE,Floorball,ARISF,ARISF,382,3,1,0,0,1,1,1,2,0.3333333333333333,0.001048767697954903,6.097560975609756e-4,0.003745318352059925,0,NA,NA,NA,NA,NA,NA,NA,NA,NA,NA,NA,wada_adrv_2018_sport_totals.csv,2018,2018 WADA Anti-Doping Rule Violations (ADRVs) Report,TRUE,TRUE
2018,Kettlebell Lifting,Kettlebell Lifting,1,TRUE,Kettlebell Lifting,Other Code Signatories,Other Code Signatories,79,4,0,1,0,1,2,0,2,0.5,0.001048767697954903,0.0012195121951219512,0,0,NA,NA,NA,NA,NA,NA,NA,NA,NA,NA,NA,wada_adrv_2018_sport_totals.csv,2018,2018 WADA Anti-Doping Rule Violations (ADRVs) Report,TRUE,FALSE
2018,Mountaineering and Climbing,Mountaineering and Climbing,1,TRUE,Mountaineering and Climbing,ARISF,ARISF,198,2,1,0,0,0,1,1,2,0.5,0.001048767697954903,6.097560975609756e-4,0.003745318352059925,0,NA,NA,NA,NA,NA,NA,NA,NA,NA,NA,NA,wada_adrv_2018_sport_totals.csv,2018,2018 WADA Anti-Doping Rule Violations (ADRVs) Report,TRUE,TRUE
2018,Sailing,Sailing,1,TRUE,Sailing,ASOIF | Sports for Athletes with an Impairment,ASOIF | Sports for Athletes with an Impairment,713,5,3,0,1,0,1,1,2,0.2,0.001048767697954903,6.097560975609756e-4,0.003745318352059925,0,NA,NA,NA,NA,NA,NA,NA,NA,NA,NA,NA,wada_adrv_2018_sport_totals.csv,2018,2018 WADA Anti-Doping Rule Violations (ADRVs) Report,TRUE,TRUE
2018,Badminton,Badminton,1,TRUE,Badminton,ASOIF | Sports for Athletes with an Impairment,ASOIF | Sports for Athletes with an Impairment,2256,5,3,0,1,0,1,0,1,0.2,5.243838489774515e-4,6.097560975609756e-4,0,0,NA,NA,NA,NA,NA,NA,NA,NA,NA,NA,NA,wada_adrv_2018_sport_totals.csv,2018,2018 WADA Anti-Doping Rule Violations (ADRVs) Report,TRUE,FALSE
2018,Baseball / Softball,Softball,1,TRUE,Softball,ARISF,ARISF,467,1,0,0,0,0,1,0,1,1,5.243838489774515e-4,6.097560975609756e-4,0,0,NA,NA,NA,NA,NA,NA,NA,NA,NA,NA,NA,wada_adrv_2018_sport_totals.csv,2018,2018 WADA Anti-Doping Rule Violations (ADRVs) Report,TRUE,FALSE
2018,Boccia,Boccia,1,TRUE,Boccia,Sports for Athletes with an Impairment,Sports for Athletes with an Impairment,87,1,0,0,0,0,1,0,1,1,5.243838489774515e-4,6.097560975609756e-4,0,0,NA,NA,NA,NA,NA,NA,NA,NA,NA,NA,NA,wada_adrv_2018_sport_totals.csv,2018,2018 WADA Anti-Doping Rule Violations (ADRVs) Report,TRUE,FALSE
2018,Cheer,Cheer,1,TRUE,Cheer,ARISF,ARISF,72,2,0,0,0,1,1,0,1,0.5,5.243838489774515e-4,6.097560975609756e-4,0,0,NA,NA,NA,NA,NA,NA,NA,NA,NA,NA,NA,wada_adrv_2018_sport_totals.csv,2018,2018 WADA Anti-Doping Rule Violations (ADRVs) Report,TRUE,FALSE
2018,Course Camarguaise,Course Camarguaise,1,TRUE,Course Camarguaise,Other Sports - Non-Code Signatories,Other Sports - Non-Code Signatories,8,1,0,0,0,0,1,0,1,1,5.243838489774515e-4,6.097560975609756e-4,0,0,NA,NA,NA,NA,NA,NA,NA,NA,NA,NA,NA,wada_adrv_2018_sport_totals.csv,2018,2018 WADA Anti-Doping Rule Violations (ADRVs) Report,TRUE,FALSE
2018,Goalball,Goalball,1,TRUE,Goalball,Sports for Athletes with an Impairment,Sports for Athletes with an Impairment,145,2,0,1,0,0,1,0,1,0.5,5.243838489774515e-4,6.097560975609756e-4,0,0,NA,NA,NA,NA,NA,NA,NA,NA,NA,NA,NA,wada_adrv_2018_sport_totals.csv,2018,2018 WADA Anti-Doping Rule Violations (ADRVs) Report,TRUE,FALSE
2018,Jet-Ski,Jet-Ski,1,TRUE,Jet-Ski,Other Sports - Non-Code Signatories,Other Sports - Non-Code Signatories,30,1,0,0,0,0,1,0,1,1,5.243838489774515e-4,6.097560975609756e-4,0,0,NA,NA,NA,NA,NA,NA,NA,NA,NA,NA,NA,wada_adrv_2018_sport_totals.csv,2018,2018 WADA Anti-Doping Rule Violations (ADRVs) Report,TRUE,FALSE
2018,Kurash,Kurash,1,TRUE,Kurash,Other Code Signatories,Other Code Signatories,48,1,0,0,0,0,1,0,1,1,5.243838489774515e-4,6.097560975609756e-4,0,0,NA,NA,NA,NA,NA,NA,NA,NA,NA,NA,NA,wada_adrv_2018_sport_totals.csv,2018,2018 WADA Anti-Doping Rule Violations (ADRVs) Report,TRUE,FALSE
2018,Modern Pentathlon,Modern Pentathlon,1,TRUE,Modern Pentathlon,ASOIF,ASOIF,866,2,1,0,0,0,1,0,1,0.5,5.243838489774515e-4,6.097560975609756e-4,0,0,NA,NA,NA,NA,NA,NA,NA,NA,NA,NA,NA,wada_adrv_2018_sport_totals.csv,2018,2018 WADA Anti-Doping Rule Violations (ADRVs) Report,TRUE,FALSE
2018,Padel,Padel,1,TRUE,Padel,Other Sports - Non-Code Signatories,Other Sports - Non-Code Signatories,19,1,0,0,0,0,1,0,1,1,5.243838489774515e-4,6.097560975609756e-4,0,0,NA,NA,NA,NA,NA,NA,NA,NA,NA,NA,NA,wada_adrv_2018_sport_totals.csv,2018,2018 WADA Anti-Doping Rule Violations (ADRVs) Report,TRUE,FALSE
2018,Para-Biathlon,Para-Biathlon,1,TRUE,Para-Biathlon,IPC,IPC,300,1,0,0,0,0,1,0,1,1,5.243838489774515e-4,6.097560975609756e-4,0,0,NA,NA,NA,NA,NA,NA,NA,NA,NA,NA,NA,wada_adrv_2018_sport_totals.csv,2018,2018 WADA Anti-Doping Rule Violations (ADRVs) Report,TRUE,FALSE
2018,Para-Cross Country Skiing,Para-Cross Country Skiing,1,TRUE,Para-Cross Country Skiing,IPC,IPC,514,2,0,1,0,0,1,0,1,0.5,5.243838489774515e-4,6.097560975609756e-4,0,0,NA,NA,NA,NA,NA,NA,NA,NA,NA,NA,NA,wada_adrv_2018_sport_totals.csv,2018,2018 WADA Anti-Doping Rule Violations (ADRVs) Report,TRUE,FALSE
2018,Power Press,Power Press,1,TRUE,Power Press,Other Sports - Non-Code Signatories,Other Sports - Non-Code Signatories,59,1,0,0,0,0,1,0,1,1,5.243838489774515e-4,6.097560975609756e-4,0,0,NA,NA,NA,NA,NA,NA,NA,NA,NA,NA,NA,wada_adrv_2018_sport_totals.csv,2018,2018 WADA Anti-Doping Rule Violations (ADRVs) Report,TRUE,FALSE
2018,Powerboating,Powerboating,1,TRUE,Powerboating,ARISF,ARISF,120,2,0,0,0,1,1,0,1,0.5,5.243838489774515e-4,6.097560975609756e-4,0,0,NA,NA,NA,NA,NA,NA,NA,NA,NA,NA,NA,wada_adrv_2018_sport_totals.csv,2018,2018 WADA Anti-Doping Rule Violations (ADRVs) Report,TRUE,FALSE
2018,Racquetball,Racquetball,1,TRUE,Racquetball,ARISF,ARISF,81,2,1,0,0,0,1,0,1,0.5,5.243838489774515e-4,6.097560975609756e-4,0,0,NA,NA,NA,NA,NA,NA,NA,NA,NA,NA,NA,wada_adrv_2018_sport_totals.csv,2018,2018 WADA Anti-Doping Rule Violations (ADRVs) Report,TRUE,FALSE
2018,Sleddog,Sleddog,1,TRUE,Sleddog,AIMS,AIMS,39,1,0,0,0,0,1,0,1,1,5.243838489774515e-4,6.097560975609756e-4,0,0,NA,NA,NA,NA,NA,NA,NA,NA,NA,NA,NA,wada_adrv_2018_sport_totals.csv,2018,2018 WADA Anti-Doping Rule Violations (ADRVs) Report,TRUE,FALSE
2018,Sport Fishing,Sport Fishing,1,TRUE,Sport Fishing,AIMS,AIMS,41,2,0,1,0,0,1,0,1,0.5,5.243838489774515e-4,6.097560975609756e-4,0,0,NA,NA,NA,NA,NA,NA,NA,NA,NA,NA,NA,wada_adrv_2018_sport_totals.csv,2018,2018 WADA Anti-Doping Rule Violations (ADRVs) Report,TRUE,FALSE
2018,Surfing,Surfing,1,TRUE,Surfing,ARISF,ARISF,208,2,0,0,0,1,1,0,1,0.5,5.243838489774515e-4,6.097560975609756e-4,0,0,NA,NA,NA,NA,NA,NA,NA,NA,NA,NA,NA,wada_adrv_2018_sport_totals.csv,2018,2018 WADA Anti-Doping Rule Violations (ADRVs) Report,TRUE,FALSE
2018,Traditional Archery,Traditional Archery,1,TRUE,Traditional Archery,Other Sports - Non-Code Signatories,Other Sports - Non-Code Signatories,41,3,0,2,0,0,1,0,1,0.3333333333333333,5.243838489774515e-4,6.097560975609756e-4,0,0,NA,NA,NA,NA,NA,NA,NA,NA,NA,NA,NA,wada_adrv_2018_sport_totals.csv,2018,2018 WADA Anti-Doping Rule Violations (ADRVs) Report,TRUE,FALSE
2018,Basque Sports,Basque Sports,1,TRUE,Basque Sports,Other Sports - Non-Code Signatories,Other Sports - Non-Code Signatories,30,2,0,2,0,0,0,0,0,0,0,0,0,0,NA,NA,NA,NA,NA,NA,NA,NA,NA,NA,NA,wada_adrv_2018_sport_totals.csv,2018,2018 WADA Anti-Doping Rule Violations (ADRVs) Report,TRUE,FALSE
2018,Bowling,Bowling,1,TRUE,Bowling,ARISF,ARISF,247,1,0,0,1,0,0,0,0,0,0,0,0,0,NA,NA,NA,NA,NA,NA,NA,NA,NA,NA,NA,wada_adrv_2018_sport_totals.csv,2018,2018 WADA Anti-Doping Rule Violations (ADRVs) Report,TRUE,FALSE
2018,DanceSport,DanceSport,1,TRUE,DanceSport,ARISF | Other Code Signatories,ARISF | Other Code Signatories,398,2,1,1,0,0,0,0,0,0,0,0,0,0,NA,NA,NA,NA,NA,NA,NA,NA,NA,NA,NA,wada_adrv_2018_sport_totals.csv,2018,2018 WADA Anti-Doping Rule Violations (ADRVs) Report,TRUE,FALSE
2018,Darts,Darts,1,TRUE,Darts,AIMS,AIMS,72,1,0,1,0,0,0,0,0,0,0,0,0,0,NA,NA,NA,NA,NA,NA,NA,NA,NA,NA,NA,wada_adrv_2018_sport_totals.csv,2018,2018 WADA Anti-Doping Rule Violations (ADRVs) Report,TRUE,FALSE
2018,Football 7-a-Side,Football 7-a-Side,1,TRUE,Football 7-a-Side,Sports for Athletes with an Impairment,Sports for Athletes with an Impairment,42,1,1,0,0,0,0,0,0,0,0,0,0,0,NA,NA,NA,NA,NA,NA,NA,NA,NA,NA,NA,wada_adrv_2018_sport_totals.csv,2018,2018 WADA Anti-Doping Rule Violations (ADRVs) Report,TRUE,FALSE
2018,Friskis & Svettis,Friskis & Svettis,1,TRUE,Friskis & Svettis,Other Sports - Non-Code Signatories,Other Sports - Non-Code Signatories,102,1,1,0,0,0,0,0,0,0,0,0,0,0,NA,NA,NA,NA,NA,NA,NA,NA,NA,NA,NA,wada_adrv_2018_sport_totals.csv,2018,2018 WADA Anti-Doping Rule Violations (ADRVs) Report,TRUE,FALSE
2018,Gaelic Games,Gaelic Games,1,TRUE,Gaelic Games,Other Sports - Non-Code Signatories,Other Sports - Non-Code Signatories,149,1,1,0,0,0,0,0,0,0,0,0,0,0,NA,NA,NA,NA,NA,NA,NA,NA,NA,NA,NA,wada_adrv_2018_sport_totals.csv,2018,2018 WADA Anti-Doping Rule Violations (ADRVs) Report,TRUE,FALSE
2018,Horse Racing,Horse Racing,1,TRUE,Horse Racing,Other Sports - Non-Code Signatories,Other Sports - Non-Code Signatories,296,7,0,0,1,6,0,0,0,0,0,0,0,0,NA,NA,NA,NA,NA,NA,NA,NA,NA,NA,NA,wada_adrv_2018_sport_totals.csv,2018,2018 WADA Anti-Doping Rule Violations (ADRVs) Report,TRUE,FALSE
2018,Lacrosse,Lacrosse,1,TRUE,Lacrosse,AIMS,AIMS,35,1,1,0,0,0,0,0,0,0,0,0,0,0,NA,NA,NA,NA,NA,NA,NA,NA,NA,NA,NA,wada_adrv_2018_sport_totals.csv,2018,2018 WADA Anti-Doping Rule Violations (ADRVs) Report,TRUE,FALSE
2018,Life Saving,Life Saving,1,TRUE,Lifesaving,ARISF,ARISF,340,1,1,0,0,0,0,0,0,0,0,0,0,0,NA,NA,NA,NA,NA,NA,NA,NA,NA,NA,NA,wada_adrv_2018_sport_totals.csv,2018,2018 WADA Anti-Doping Rule Violations (ADRVs) Report,TRUE,FALSE
2018,Luge,Luge,1,TRUE,Luge,AIOWF,AIOWF,577,3,3,0,0,0,0,0,0,0,0,0,0,0,NA,NA,NA,NA,NA,NA,NA,NA,NA,NA,NA,wada_adrv_2018_sport_totals.csv,2018,2018 WADA Anti-Doping Rule Violations (ADRVs) Report,TRUE,FALSE
2018,Multifunctional Training,Multifunctional Training,1,TRUE,Multifunctional Training,Other Sports - Non-Code Signatories,Other Sports - Non-Code Signatories,8,2,0,2,0,0,0,0,0,0,0,0,0,0,NA,NA,NA,NA,NA,NA,NA,NA,NA,NA,NA,wada_adrv_2018_sport_totals.csv,2018,2018 WADA Anti-Doping Rule Violations (ADRVs) Report,TRUE,FALSE
2018,Orienteering,Orienteering,1,TRUE,Orienteering,ARISF,ARISF,371,1,1,0,0,0,0,0,0,0,0,0,0,0,NA,NA,NA,NA,NA,NA,NA,NA,NA,NA,NA,wada_adrv_2018_sport_totals.csv,2018,2018 WADA Anti-Doping Rule Violations (ADRVs) Report,TRUE,FALSE
2018,Para-Snowboard,Para-Snowboard,1,TRUE,Para-Snowboard,IPC,IPC,147,2,2,0,0,0,0,0,0,0,0,0,0,0,NA,NA,NA,NA,NA,NA,NA,NA,NA,NA,NA,wada_adrv_2018_sport_totals.csv,2018,2018 WADA Anti-Doping Rule Violations (ADRVs) Report,TRUE,FALSE
2018,Shooting Para Sport,Shooting Para Sport,1,TRUE,Shooting Para Sport,IPC,IPC,186,2,2,0,0,0,0,0,0,0,0,0,0,0,NA,NA,NA,NA,NA,NA,NA,NA,NA,NA,NA,wada_adrv_2018_sport_totals.csv,2018,2018 WADA Anti-Doping Rule Violations (ADRVs) Report,TRUE,FALSE
2018,Showdown,Showdown,1,TRUE,Showdown,Sports for Athletes with an Impairment,Sports for Athletes with an Impairment,2,1,0,0,0,1,0,0,0,0,0,0,0,0,NA,NA,NA,NA,NA,NA,NA,NA,NA,NA,NA,wada_adrv_2018_sport_totals.csv,2018,2018 WADA Anti-Doping Rule Violations (ADRVs) Report,TRUE,FALSE
2018,Sitting Volleyball,Sitting Volleyball,1,TRUE,Sitting Volleyball,Sports for Athletes with an Impairment,Sports for Athletes with an Impairment,220,2,1,0,0,1,0,0,0,0,0,0,0,0,NA,NA,NA,NA,NA,NA,NA,NA,NA,NA,NA,wada_adrv_2018_sport_totals.csv,2018,2018 WADA Anti-Doping Rule Violations (ADRVs) Report,TRUE,FALSE
2018,Ski Mountaineering,Ski Mountaineering,1,TRUE,Ski Mountaineering,ARISF,ARISF,131,1,1,0,0,0,0,0,0,0,0,0,0,0,NA,NA,NA,NA,NA,NA,NA,NA,NA,NA,NA,wada_adrv_2018_sport_totals.csv,2018,2018 WADA Anti-Doping Rule Violations (ADRVs) Report,TRUE,FALSE
2018,Sport Climbing,Sport Climbing,1,TRUE,Sport Climbing,ARISF | Sports for Athletes with an Impairment,ARISF | Sports for Athletes with an Impairment,511,3,0,1,1,1,0,0,0,0,0,0,0,0,NA,NA,NA,NA,NA,NA,NA,NA,NA,NA,NA,wada_adrv_2018_sport_totals.csv,2018,2018 WADA Anti-Doping Rule Violations (ADRVs) Report,TRUE,FALSE
2018,Strongman,Strongman,1,TRUE,Strongman,Other Sports - Non-Code Signatories,Other Sports - Non-Code Signatories,5,1,0,0,0,1,0,0,0,0,0,0,0,0,NA,NA,NA,NA,NA,NA,NA,NA,NA,NA,NA,wada_adrv_2018_sport_totals.csv,2018,2018 WADA Anti-Doping Rule Violations (ADRVs) Report,TRUE,FALSE
2018,VA'A,VA'A,1,FALSE,VA'A,Other Sports - Non-Code Signatories,Other Sports - Non-Code Signatories,57,2,0,2,0,0,0,0,0,0,0,0,0,0,NA,NA,NA,NA,NA,NA,NA,NA,NA,NA,NA,wada_adrv_2018_sport_totals.csv,2018,2018 WADA Anti-Doping Rule Violations (ADRVs) Report,TRUE,FALSE
2019,Bodybuilding,Bodybuilding,1,TRUE,Bodybuilding,AIMS | Other Sports - Non-Code Signatories,AIMS | Other Sports - Non-Code Signatories,1686,286,0,8,0,54,224,55,279,0.7832167832167832,0.14777542372881355,0.1457384515289525,0.15669515669515668,0,NA,NA,NA,NA,NA,NA,NA,NA,NA,NA,NA,wada_adrv_2019_sport_totals.csv,2019,2019 WADA Anti-Doping Rule Violations (ADRVs) Report,TRUE,TRUE
2019,Athletics,Athletics,1,TRUE,Athletics,ASOIF | Other Code Signatories | Other Sports - Non-Code Signatories | Sports for Athletes with an Impairment,ASOIF | Other Code Signatories | Other Sports - Non-Code Signatories | Sports for Athletes with an Impairment,35428,264,18,12,2,52,180,54,234,0.6818181818181818,0.1239406779661017,0.11711125569290826,0.15384615384615385,0,NA,NA,NA,NA,NA,NA,NA,NA,NA,NA,NA,wada_adrv_2019_sport_totals.csv,2019,2019 WADA Anti-Doping Rule Violations (ADRVs) Report,TRUE,TRUE
2019,Cycling,Cycling,1,TRUE,Cycling,ASOIF | Other Sports - Non-Code Signatories | Sports for Athletes with an Impairment,ASOIF | Other Sports - Non-Code Signatories | Sports for Athletes with an Impairment,25767,272,46,21,4,52,149,39,188,0.5477941176470589,0.09957627118644068,0.09694209499024073,0.1111111111111111,0,NA,NA,NA,NA,NA,NA,NA,NA,NA,NA,NA,wada_adrv_2019_sport_totals.csv,2019,2019 WADA Anti-Doping Rule Violations (ADRVs) Report,TRUE,TRUE
2019,Weightlifting,Weightlifting,1,TRUE,Weightlifting,ASOIF,ASOIF,12849,188,10,7,5,29,137,22,159,0.7287234042553191,0.08421610169491525,0.08913467794404685,0.06267806267806268,0,NA,NA,NA,NA,NA,NA,NA,NA,NA,NA,NA,wada_adrv_2019_sport_totals.csv,2019,2019 WADA Anti-Doping Rule Violations (ADRVs) Report,TRUE,TRUE
2019,Powerlifting,Powerlifting,1,TRUE,Powerlifting,AIMS | Other Sports - Non-Code Signatories | Sports for Athletes with an Impairment,AIMS | Other Sports - Non-Code Signatories | Sports for Athletes with an Impairment,4380,165,6,2,1,59,97,22,119,0.5878787878787879,0.06302966101694915,0.0631099544567339,0.06267806267806268,0,NA,NA,NA,NA,NA,NA,NA,NA,NA,NA,NA,wada_adrv_2019_sport_totals.csv,2019,2019 WADA Anti-Doping Rule Violations (ADRVs) Report,TRUE,TRUE
2019,Football,Football,1,TRUE,Football,ASOIF | Other Sports - Non-Code Signatories,ASOIF | Other Sports - Non-Code Signatories,40418,140,14,15,7,35,69,16,85,0.4928571428571429,0.045021186440677964,0.044892648015614836,0.045584045584045586,0,NA,NA,NA,NA,NA,NA,NA,NA,NA,NA,NA,wada_adrv_2019_sport_totals.csv,2019,2019 WADA Anti-Doping Rule Violations (ADRVs) Report,TRUE,TRUE
2019,Rugby Union,Rugby Union,1,TRUE,Rugby Union,ASOIF | Other Sports - Non-Code Signatories | Sports for Athletes with an Impairment,ASOIF | Other Sports - Non-Code Signatories | Sports for Athletes with an Impairment,8649,84,8,5,1,11,59,15,74,0.7023809523809523,0.03919491525423729,0.038386467143786594,0.042735042735042736,0,NA,NA,NA,NA,NA,NA,NA,NA,NA,NA,NA,wada_adrv_2019_sport_totals.csv,2019,2019 WADA Anti-Doping Rule Violations (ADRVs) Report,TRUE,TRUE
2019,Wrestling,Wrestling,1,TRUE,Wrestling,ASOIF | Other Code Signatories | Other Sports - Non-Code Signatories,ASOIF | Other Code Signatories | Other Sports - Non-Code Signatories,6363,86,5,0,0,27,54,5,59,0.627906976744186,0.03125,0.03513337670787248,0.014245014245014245,0,NA,NA,NA,NA,NA,NA,NA,NA,NA,NA,NA,wada_adrv_2019_sport_totals.csv,2019,2019 WADA Anti-Doping Rule Violations (ADRVs) Report,TRUE,TRUE
2019,Aquatics,Aquatics,1,TRUE,Aquatics,ASOIF | Other Code Signatories | Sports for Athletes with an Impairment,ASOIF | Other Code Signatories | Sports for Athletes with an Impairment,17507,81,26,3,2,11,39,11,50,0.48148148148148145,0.026483050847457626,0.025374105400130124,0.03133903133903134,0,NA,NA,NA,NA,NA,NA,NA,NA,NA,NA,NA,wada_adrv_2019_sport_totals.csv,2019,2019 WADA Anti-Doping Rule Violations (ADRVs) Report,TRUE,TRUE
2019,Boxing,Boxing,1,TRUE,Boxing,ASOIF | Other Sports - Non-Code Signatories,ASOIF | Other Sports - Non-Code Signatories,4956,81,5,15,1,25,35,13,48,0.43209876543209874,0.025423728813559324,0.02277163305139883,0.037037037037037035,0,NA,NA,NA,NA,NA,NA,NA,NA,NA,NA,NA,wada_adrv_2019_sport_totals.csv,2019,2019 WADA Anti-Doping Rule Violations (ADRVs) Report,TRUE,TRUE
2019,Judo,Judo,1,TRUE,Judo,ASOIF | Other Sports - Non-Code Signatories | Sports for Athletes with an Impairment,ASOIF | Other Sports - Non-Code Signatories | Sports for Athletes with an Impairment,5454,53,3,2,1,13,34,0,34,0.6415094339622641,0.018008474576271187,0.022121014964216004,0,0,NA,NA,NA,NA,NA,NA,NA,NA,NA,NA,NA,wada_adrv_2019_sport_totals.csv,2019,2019 WADA Anti-Doping Rule Violations (ADRVs) Report,TRUE,FALSE
2019,Rowing,Rowing,1,TRUE,Rowing,ASOIF | Other Sports - Non-Code Signatories | Sports for Athletes with an Impairment,ASOIF | Other Sports - Non-Code Signatories | Sports for Athletes with an Impairment,5515,52,7,0,1,26,18,10,28,0.34615384615384615,0.014830508474576272,0.011711125569290826,0.02849002849002849,0,NA,NA,NA,NA,NA,NA,NA,NA,NA,NA,NA,wada_adrv_2019_sport_totals.csv,2019,2019 WADA Anti-Doping Rule Violations (ADRVs) Report,TRUE,TRUE
2019,Basketball,Basketball,1,TRUE,Basketball,ASOIF | Other Sports - Non-Code Signatories | Sports for Athletes with an Impairment,ASOIF | Other Sports - Non-Code Signatories | Sports for Athletes with an Impairment,6578,40,8,0,0,6,26,0,26,0.65,0.013771186440677966,0.016916070266753416,0,0,NA,NA,NA,NA,NA,NA,NA,NA,NA,NA,NA,wada_adrv_2019_sport_totals.csv,2019,2019 WADA Anti-Doping Rule Violations (ADRVs) Report,TRUE,FALSE
2019,Triathlon,Triathlon,1,TRUE,Triathlon,ASOIF | Other Code Signatories | Other Sports - Non-Code Signatories | Sports for Athletes with an Impairment,ASOIF | Other Code Signatories | Other Sports - Non-Code Signatories | Sports for Athletes with an Impairment,5707,43,12,4,2,8,17,9,26,0.3953488372093023,0.013771186440677966,0.011060507482108002,0.02564102564102564,0,NA,NA,NA,NA,NA,NA,NA,NA,NA,NA,NA,wada_adrv_2019_sport_totals.csv,2019,2019 WADA Anti-Doping Rule Violations (ADRVs) Report,TRUE,TRUE
2019,Rugby League,Rugby League,1,TRUE,Rugby League,Other Code Signatories,Other Code Signatories,1737,17,0,2,0,1,14,9,23,0.8235294117647058,0.012182203389830509,0.009108653220559532,0.02564102564102564,0,NA,NA,NA,NA,NA,NA,NA,NA,NA,NA,NA,wada_adrv_2019_sport_totals.csv,2019,2019 WADA Anti-Doping Rule Violations (ADRVs) Report,TRUE,TRUE
2019,Para-Powerlifting,Para-Powerlifting,1,TRUE,Para-Powerlifting,IPC,IPC,1210,27,0,0,0,5,22,0,22,0.8148148148148148,0.011652542372881356,0.014313597918022121,0,0,NA,NA,NA,NA,NA,NA,NA,NA,NA,NA,NA,wada_adrv_2019_sport_totals.csv,2019,2019 WADA Anti-Doping Rule Violations (ADRVs) Report,TRUE,FALSE
2019,Arm Wrestling,Arm Wrestling,1,TRUE,Arm Wrestling,AIMS,AIMS,274,24,1,0,1,2,20,0,20,0.8333333333333334,0.01059322033898305,0.013012361743656473,0,0,NA,NA,NA,NA,NA,NA,NA,NA,NA,NA,NA,wada_adrv_2019_sport_totals.csv,2019,2019 WADA Anti-Doping Rule Violations (ADRVs) Report,TRUE,FALSE
2019,Canoe / Kayak,Canoe / Kayak,1,TRUE,Canoe/Kayak,ASOIF | Sports for Athletes with an Impairment,ASOIF | Sports for Athletes with an Impairment,5211,31,3,0,3,9,16,4,20,0.5161290322580645,0.01059322033898305,0.01040988939492518,0.011396011396011397,0,NA,NA,NA,NA,NA,NA,NA,NA,NA,NA,NA,wada_adrv_2019_sport_totals.csv,2019,2019 WADA Anti-Doping Rule Violations (ADRVs) Report,TRUE,TRUE
2019,Kickboxing,Kickboxing,1,TRUE,Kickboxing,ARISF,ARISF,575,25,2,1,0,4,18,2,20,0.72,0.01059322033898305,0.011711125569290826,0.005698005698005698,0,NA,NA,NA,NA,NA,NA,NA,NA,NA,NA,NA,wada_adrv_2019_sport_totals.csv,2019,2019 WADA Anti-Doping Rule Violations (ADRVs) Report,TRUE,TRUE
2019,Tennis,Tennis,1,TRUE,Tennis,ASOIF | Sports for Athletes with an Impairment,ASOIF | Sports for Athletes with an Impairment,7308,33,6,4,5,0,18,2,20,0.5454545454545454,0.01059322033898305,0.011711125569290826,0.005698005698005698,0,NA,NA,NA,NA,NA,NA,NA,NA,NA,NA,NA,wada_adrv_2019_sport_totals.csv,2019,2019 WADA Anti-Doping Rule Violations (ADRVs) Report,TRUE,TRUE
2019,American Football,American Football,1,TRUE,American Football,ARISF | Other Code Signatories,ARISF | Other Code Signatories,1085,33,11,2,0,2,18,1,19,0.5454545454545454,0.010063559322033898,0.011711125569290826,0.002849002849002849,0,NA,NA,NA,NA,NA,NA,NA,NA,NA,NA,NA,wada_adrv_2019_sport_totals.csv,2019,2019 WADA Anti-Doping Rule Violations (ADRVs) Report,TRUE,TRUE
2019,Biathlon,Biathlon,1,TRUE,Biathlon,AIOWF,AIOWF,2896,4,0,0,0,1,3,15,18,0.75,0.009533898305084746,0.001951854261548471,0.042735042735042736,0,NA,NA,NA,NA,NA,NA,NA,NA,NA,NA,NA,wada_adrv_2019_sport_totals.csv,2019,2019 WADA Anti-Doping Rule Violations (ADRVs) Report,TRUE,TRUE
2019,Para-Athletics,Para-Athletics,1,TRUE,Para-Athletics,IPC,IPC,3051,40,10,6,0,6,18,0,18,0.45,0.009533898305084746,0.011711125569290826,0,0,NA,NA,NA,NA,NA,NA,NA,NA,NA,NA,NA,wada_adrv_2019_sport_totals.csv,2019,2019 WADA Anti-Doping Rule Violations (ADRVs) Report,TRUE,FALSE
2019,Sambo,Sambo,1,TRUE,Sambo,ARISF,ARISF,604,16,0,0,0,0,16,2,18,1,0.009533898305084746,0.01040988939492518,0.005698005698005698,0,NA,NA,NA,NA,NA,NA,NA,NA,NA,NA,NA,wada_adrv_2019_sport_totals.csv,2019,2019 WADA Anti-Doping Rule Violations (ADRVs) Report,TRUE,TRUE
2019,Baseball,Baseball,1,TRUE,Baseball,ARISF | Other Sports - Non-Code Signatories,ARISF | Other Sports - Non-Code Signatories,1662,26,1,5,0,5,15,2,17,0.5769230769230769,0.009004237288135594,0.009759271307742356,0.005698005698005698,0,NA,NA,NA,NA,NA,NA,NA,NA,NA,NA,NA,wada_adrv_2019_sport_totals.csv,2019,2019 WADA Anti-Doping Rule Violations (ADRVs) Report,TRUE,TRUE
2019,Volleyball,Volleyball,1,TRUE,Volleyball,ASOIF | Other Sports - Non-Code Signatories,ASOIF | Other Sports - Non-Code Signatories,4850,27,5,4,0,5,13,2,15,0.48148148148148145,0.007944915254237288,0.008458035133376708,0.005698005698005698,0,NA,NA,NA,NA,NA,NA,NA,NA,NA,NA,NA,wada_adrv_2019_sport_totals.csv,2019,2019 WADA Anti-Doping Rule Violations (ADRVs) Report,TRUE,TRUE
2019,Ice Hockey,Ice Hockey,1,TRUE,Ice Hockey,AIOWF | Other Code Signatories,AIOWF | Other Code Signatories,4337,25,5,2,0,6,12,2,14,0.48,0.007415254237288136,0.007807417046193884,0.005698005698005698,0,NA,NA,NA,NA,NA,NA,NA,NA,NA,NA,NA,wada_adrv_2019_sport_totals.csv,2019,2019 WADA Anti-Doping Rule Violations (ADRVs) Report,TRUE,TRUE
2019,Skiing,Skiing,1,TRUE,Skiing,AIOWF | Other Sports - Non-Code Signatories | Sports for Athletes with an Impairment,AIOWF | Other Sports - Non-Code Signatories | Sports for Athletes with an Impairment,6391,13,1,1,0,4,7,7,14,0.5384615384615384,0.007415254237288136,0.004554326610279766,0.019943019943019943,0,NA,NA,NA,NA,NA,NA,NA,NA,NA,NA,NA,wada_adrv_2019_sport_totals.csv,2019,2019 WADA Anti-Doping Rule Violations (ADRVs) Report,TRUE,TRUE
2019,Muaythai,Muaythai,1,TRUE,Muaythai,ARISF,ARISF,386,18,1,0,0,5,12,0,12,0.6666666666666666,0.006355932203389831,0.007807417046193884,0,0,NA,NA,NA,NA,NA,NA,NA,NA,NA,NA,NA,wada_adrv_2019_sport_totals.csv,2019,2019 WADA Anti-Doping Rule Violations (ADRVs) Report,TRUE,FALSE
2019,Handball,Handball,1,TRUE,Handball,ASOIF,ASOIF,4410,17,2,2,0,3,10,1,11,0.5882352941176471,0.005826271186440678,0.006506180871828237,0.002849002849002849,0,NA,NA,NA,NA,NA,NA,NA,NA,NA,NA,NA,wada_adrv_2019_sport_totals.csv,2019,2019 WADA Anti-Doping Rule Violations (ADRVs) Report,TRUE,TRUE
2019,Shooting,Shooting,1,TRUE,Shooting,ASOIF,ASOIF,1972,17,3,0,0,4,10,1,11,0.5882352941176471,0.005826271186440678,0.006506180871828237,0.002849002849002849,0,NA,NA,NA,NA,NA,NA,NA,NA,NA,NA,NA,wada_adrv_2019_sport_totals.csv,2019,2019 WADA Anti-Doping Rule Violations (ADRVs) Report,TRUE,TRUE
2019,Gymnastics,Gymnastics,1,TRUE,Gymnastics,ASOIF,ASOIF,3105,15,5,2,1,2,5,5,10,0.3333333333333333,0.005296610169491525,0.0032530904359141183,0.014245014245014245,0,NA,NA,NA,NA,NA,NA,NA,NA,NA,NA,NA,wada_adrv_2019_sport_totals.csv,2019,2019 WADA Anti-Doping Rule Violations (ADRVs) Report,TRUE,TRUE
2019,Taekwondo,Taekwondo,1,TRUE,Taekwondo,ASOIF | Other Code Signatories | Sports for Athletes with an Impairment,ASOIF | Other Code Signatories | Sports for Athletes with an Impairment,2576,17,1,3,0,3,10,0,10,0.5882352941176471,0.005296610169491525,0.006506180871828237,0,0,NA,NA,NA,NA,NA,NA,NA,NA,NA,NA,NA,wada_adrv_2019_sport_totals.csv,2019,2019 WADA Anti-Doping Rule Violations (ADRVs) Report,TRUE,FALSE
2019,Karate,Karate,1,TRUE,Karate,ARISF | Other Sports - Non-Code Signatories,ARISF | Other Sports - Non-Code Signatories,1794,19,2,5,0,3,9,0,9,0.47368421052631576,0.004766949152542373,0.005855562784645413,0,0,NA,NA,NA,NA,NA,NA,NA,NA,NA,NA,NA,wada_adrv_2019_sport_totals.csv,2019,2019 WADA Anti-Doping Rule Violations (ADRVs) Report,TRUE,FALSE
2019,Fencing,Fencing,1,TRUE,Fencing,ASOIF | Sports for Athletes with an Impairment,ASOIF | Sports for Athletes with an Impairment,2072,16,5,3,0,1,7,1,8,0.4375,0.00423728813559322,0.004554326610279766,0.002849002849002849,0,NA,NA,NA,NA,NA,NA,NA,NA,NA,NA,NA,wada_adrv_2019_sport_totals.csv,2019,2019 WADA Anti-Doping Rule Violations (ADRVs) Report,TRUE,TRUE
2019,Mixed Martial Arts,Mixed Martial Arts,1,TRUE,Mixed Martial Arts,Other Sports - Non-Code Signatories,Other Sports - Non-Code Signatories,4268,113,0,103,0,4,6,2,8,0.05309734513274336,0.00423728813559322,0.003903708523096942,0.005698005698005698,0,NA,NA,NA,NA,NA,NA,NA,NA,NA,NA,NA,wada_adrv_2019_sport_totals.csv,2019,2019 WADA Anti-Doping Rule Violations (ADRVs) Report,TRUE,TRUE
2019,Automobile Sports,Automobile Sports,1,TRUE,Automobile Sports,ARISF,ARISF,378,11,2,1,0,2,6,1,7,0.5454545454545454,0.003707627118644068,0.003903708523096942,0.002849002849002849,0,NA,NA,NA,NA,NA,NA,NA,NA,NA,NA,NA,wada_adrv_2019_sport_totals.csv,2019,2019 WADA Anti-Doping Rule Violations (ADRVs) Report,TRUE,TRUE
2019,Jiu-Jitsu,Jiu-Jitsu,1,TRUE,Jiu-Jitsu | Ju-Jitsu,AIMS | Other Sports - Non-Code Signatories,AIMS | Other Sports - Non-Code Signatories,464,9,0,0,0,3,6,1,7,0.6666666666666666,0.003707627118644068,0.003903708523096942,0.002849002849002849,0,NA,NA,NA,NA,NA,NA,NA,NA,NA,NA,NA,wada_adrv_2019_sport_totals.csv,2019,2019 WADA Anti-Doping Rule Violations (ADRVs) Report,TRUE,TRUE
2019,Roller Sports,Roller Sports,1,TRUE,Roller Sports,ARISF,ARISF,889,10,2,1,2,0,5,2,7,0.5,0.003707627118644068,0.0032530904359141183,0.005698005698005698,0,NA,NA,NA,NA,NA,NA,NA,NA,NA,NA,NA,wada_adrv_2019_sport_totals.csv,2019,2019 WADA Anti-Doping Rule Violations (ADRVs) Report,TRUE,TRUE
2019,Skating,Skating,1,TRUE,Skating,AIOWF | Other Code Signatories,AIOWF | Other Code Signatories,4237,11,4,0,0,1,6,1,7,0.5454545454545454,0.003707627118644068,0.003903708523096942,0.002849002849002849,0,NA,NA,NA,NA,NA,NA,NA,NA,NA,NA,NA,wada_adrv_2019_sport_totals.csv,2019,2019 WADA Anti-Doping Rule Violations (ADRVs) Report,TRUE,TRUE
2019,Wushu,Wushu,1,TRUE,Wushu,ARISF | Other Sports - Non-Code Signatories,ARISF | Other Sports - Non-Code Signatories,398,11,0,1,0,4,6,1,7,0.5454545454545454,0.003707627118644068,0.003903708523096942,0.002849002849002849,0,NA,NA,NA,NA,NA,NA,NA,NA,NA,NA,NA,wada_adrv_2019_sport_totals.csv,2019,2019 WADA Anti-Doping Rule Violations (ADRVs) Report,TRUE,TRUE
2019,Equestrian,Equestrian,1,TRUE,Equestrian,ASOIF | Sports for Athletes with an Impairment,ASOIF | Sports for Athletes with an Impairment,826,17,3,1,1,6,6,0,6,0.35294117647058826,0.0031779661016949155,0.003903708523096942,0,0,NA,NA,NA,NA,NA,NA,NA,NA,NA,NA,NA,wada_adrv_2019_sport_totals.csv,2019,2019 WADA Anti-Doping Rule Violations (ADRVs) Report,TRUE,FALSE
2019,Kettlebell Lifting,Kettlebell Lifting,1,TRUE,Kettlebell Lifting,Other Code Signatories,Other Code Signatories,122,9,0,0,0,3,6,0,6,0.6666666666666666,0.0031779661016949155,0.003903708523096942,0,0,NA,NA,NA,NA,NA,NA,NA,NA,NA,NA,NA,wada_adrv_2019_sport_totals.csv,2019,2019 WADA Anti-Doping Rule Violations (ADRVs) Report,TRUE,FALSE
2019,Motorcycling,Motorcycle Racing,1,TRUE,Motorcycle Racing,ARISF,ARISF,555,11,5,0,0,1,5,1,6,0.45454545454545453,0.0031779661016949155,0.0032530904359141183,0.002849002849002849,0,NA,NA,NA,NA,NA,NA,NA,NA,NA,NA,NA,wada_adrv_2019_sport_totals.csv,2019,2019 WADA Anti-Doping Rule Violations (ADRVs) Report,TRUE,TRUE
2019,Badminton,Badminton,1,TRUE,Badminton,ASOIF | Sports for Athletes with an Impairment,ASOIF | Sports for Athletes with an Impairment,2411,6,1,0,1,0,4,1,5,0.6666666666666666,0.0026483050847457626,0.002602472348731295,0.002849002849002849,0,NA,NA,NA,NA,NA,NA,NA,NA,NA,NA,NA,wada_adrv_2019_sport_totals.csv,2019,2019 WADA Anti-Doping Rule Violations (ADRVs) Report,TRUE,TRUE
2019,Cricket,Cricket,1,TRUE,Cricket,ARISF,ARISF,1564,8,2,1,0,0,5,0,5,0.625,0.0026483050847457626,0.0032530904359141183,0,0,NA,NA,NA,NA,NA,NA,NA,NA,NA,NA,NA,wada_adrv_2019_sport_totals.csv,2019,2019 WADA Anti-Doping Rule Violations (ADRVs) Report,TRUE,FALSE
2019,Archery,Archery,1,TRUE,Archery,ASOIF | Sports for Athletes with an Impairment,ASOIF | Sports for Athletes with an Impairment,1143,8,0,0,1,3,4,0,4,0.5,0.00211864406779661,0.002602472348731295,0,0,NA,NA,NA,NA,NA,NA,NA,NA,NA,NA,NA,wada_adrv_2019_sport_totals.csv,2019,2019 WADA Anti-Doping Rule Violations (ADRVs) Report,TRUE,FALSE
2019,Australian Rules Football,Australian Rules Football,1,TRUE,Australian Rules Football,Other Code Signatories,Other Code Signatories,572,6,2,0,0,0,4,0,4,0.6666666666666666,0.00211864406779661,0.002602472348731295,0,0,NA,NA,NA,NA,NA,NA,NA,NA,NA,NA,NA,wada_adrv_2019_sport_totals.csv,2019,2019 WADA Anti-Doping Rule Violations (ADRVs) Report,TRUE,FALSE
2019,Dragon Boat,Dragon Boat,1,TRUE,Dragon Boat,AIMS,AIMS,74,5,0,0,0,1,4,0,4,0.8,0.00211864406779661,0.002602472348731295,0,0,NA,NA,NA,NA,NA,NA,NA,NA,NA,NA,NA,wada_adrv_2019_sport_totals.csv,2019,2019 WADA Anti-Doping Rule Violations (ADRVs) Report,TRUE,FALSE
2019,Billiards,Billiards Sports,1,TRUE,Billiards Sports,ARISF,ARISF,164,7,3,0,0,1,3,0,3,0.42857142857142855,0.0015889830508474577,0.001951854261548471,0,0,NA,NA,NA,NA,NA,NA,NA,NA,NA,NA,NA,wada_adrv_2019_sport_totals.csv,2019,2019 WADA Anti-Doping Rule Violations (ADRVs) Report,TRUE,FALSE
2019,Bobsleigh,Bobsleigh,1,TRUE,Bobsleigh,AIOWF,AIOWF,1217,2,2,0,0,0,0,3,3,0,0.0015889830508474577,0,0.008547008547008548,0,NA,NA,NA,NA,NA,NA,NA,NA,NA,NA,NA,wada_adrv_2019_sport_totals.csv,2019,2019 WADA Anti-Doping Rule Violations (ADRVs) Report,TRUE,TRUE
2019,Golf,Golf,1,TRUE,Golf,ASOIF | Other Sports - Non-Code Signatories,ASOIF | Other Sports - Non-Code Signatories,626,4,2,0,0,0,2,1,3,0.5,0.0015889830508474577,0.0013012361743656475,0.002849002849002849,0,NA,NA,NA,NA,NA,NA,NA,NA,NA,NA,NA,wada_adrv_2019_sport_totals.csv,2019,2019 WADA Anti-Doping Rule Violations (ADRVs) Report,TRUE,TRUE
2019,Netball,Netball,1,TRUE,Netball,ARISF,ARISF,247,3,0,0,0,0,3,0,3,1,0.0015889830508474577,0.001951854261548471,0,0,NA,NA,NA,NA,NA,NA,NA,NA,NA,NA,NA,wada_adrv_2019_sport_totals.csv,2019,2019 WADA Anti-Doping Rule Violations (ADRVs) Report,TRUE,FALSE
2019,Para-Swimming,Para-Swimming,1,TRUE,Para-Swimming,IPC,IPC,1542,14,5,6,0,0,3,0,3,0.21428571428571427,0.0015889830508474577,0.001951854261548471,0,0,NA,NA,NA,NA,NA,NA,NA,NA,NA,NA,NA,wada_adrv_2019_sport_totals.csv,2019,2019 WADA Anti-Doping Rule Violations (ADRVs) Report,TRUE,FALSE
2019,Ski Mountaineering,Ski Mountaineering,1,TRUE,Ski Mountaineering,ARISF,ARISF,200,1,0,0,0,0,1,2,3,1,0.0015889830508474577,6.506180871828237e-4,0.005698005698005698,0,NA,NA,NA,NA,NA,NA,NA,NA,NA,NA,NA,wada_adrv_2019_sport_totals.csv,2019,2019 WADA Anti-Doping Rule Violations (ADRVs) Report,TRUE,TRUE
2019,Sumo,Sumo,1,TRUE,Sumo,ARISF,ARISF,99,3,0,0,0,0,3,0,3,1,0.0015889830508474577,0.001951854261548471,0,0,NA,NA,NA,NA,NA,NA,NA,NA,NA,NA,NA,wada_adrv_2019_sport_totals.csv,2019,2019 WADA Anti-Doping Rule Violations (ADRVs) Report,TRUE,FALSE
2019,Water Skiing,Water Skiing,1,TRUE,Waterskiing,ARISF,ARISF,278,5,1,0,1,0,3,0,3,0.6,0.0015889830508474577,0.001951854261548471,0,0,NA,NA,NA,NA,NA,NA,NA,NA,NA,NA,NA,wada_adrv_2019_sport_totals.csv,2019,2019 WADA Anti-Doping Rule Violations (ADRVs) Report,TRUE,FALSE
2019,Cheer,Cheer,1,TRUE,Cheer,ARISF,ARISF,137,5,1,0,0,2,2,0,2,0.4,0.001059322033898305,0.0013012361743656475,0,0,NA,NA,NA,NA,NA,NA,NA,NA,NA,NA,NA,wada_adrv_2019_sport_totals.csv,2019,2019 WADA Anti-Doping Rule Violations (ADRVs) Report,TRUE,FALSE
2019,Field Hockey,Field Hockey,1,TRUE,Field Hockey,ASOIF,ASOIF,1637,5,3,0,0,0,2,0,2,0.4,0.001059322033898305,0.0013012361743656475,0,0,NA,NA,NA,NA,NA,NA,NA,NA,NA,NA,NA,wada_adrv_2019_sport_totals.csv,2019,2019 WADA Anti-Doping Rule Violations (ADRVs) Report,TRUE,FALSE
2019,Football 5-a-Side,Football 5-a-Side,1,TRUE,Football 5-a-Side,Sports for Athletes with an Impairment,Sports for Athletes with an Impairment,126,4,0,0,0,2,2,0,2,0.5,0.001059322033898305,0.0013012361743656475,0,0,NA,NA,NA,NA,NA,NA,NA,NA,NA,NA,NA,wada_adrv_2019_sport_totals.csv,2019,2019 WADA Anti-Doping Rule Violations (ADRVs) Report,TRUE,FALSE
2019,Football 7-a-Side,Football 7-a-Side,1,TRUE,Football 7-a-Side,Sports for Athletes with an Impairment,Sports for Athletes with an Impairment,45,1,0,0,0,0,1,1,2,1,0.001059322033898305,6.506180871828237e-4,0.002849002849002849,0,NA,NA,NA,NA,NA,NA,NA,NA,NA,NA,NA,wada_adrv_2019_sport_totals.csv,2019,2019 WADA Anti-Doping Rule Violations (ADRVs) Report,TRUE,TRUE
2019,Goalball,Goalball,1,TRUE,Goalball,Sports for Athletes with an Impairment,Sports for Athletes with an Impairment,194,4,0,1,0,2,1,1,2,0.25,0.001059322033898305,6.506180871828237e-4,0.002849002849002849,0,NA,NA,NA,NA,NA,NA,NA,NA,NA,NA,NA,wada_adrv_2019_sport_totals.csv,2019,2019 WADA Anti-Doping Rule Violations (ADRVs) Report,TRUE,TRUE
2019,Kurash,Kurash,1,TRUE,Kurash,Other Code Signatories,Other Code Signatories,41,5,0,0,0,3,2,0,2,0.4,0.001059322033898305,0.0013012361743656475,0,0,NA,NA,NA,NA,NA,NA,NA,NA,NA,NA,NA,wada_adrv_2019_sport_totals.csv,2019,2019 WADA Anti-Doping Rule Violations (ADRVs) Report,TRUE,FALSE
2019,Para-Ice Hockey,Para-Ice Hockey,1,TRUE,Para-Ice Hockey,IPC,IPC,160,3,1,0,0,0,2,0,2,0.6666666666666666,0.001059322033898305,0.0013012361743656475,0,0,NA,NA,NA,NA,NA,NA,NA,NA,NA,NA,NA,wada_adrv_2019_sport_totals.csv,2019,2019 WADA Anti-Doping Rule Violations (ADRVs) Report,TRUE,FALSE
2019,Powerboating,Powerboating,1,TRUE,Powerboating,ARISF,ARISF,78,2,0,0,0,0,2,0,2,1,0.001059322033898305,0.0013012361743656475,0,0,NA,NA,NA,NA,NA,NA,NA,NA,NA,NA,NA,wada_adrv_2019_sport_totals.csv,2019,2019 WADA Anti-Doping Rule Violations (ADRVs) Report,TRUE,FALSE
2019,Racquetball,Racquetball,1,TRUE,Racquetball,ARISF,ARISF,90,2,0,0,0,0,2,0,2,1,0.001059322033898305,0.0013012361743656475,0,0,NA,NA,NA,NA,NA,NA,NA,NA,NA,NA,NA,wada_adrv_2019_sport_totals.csv,2019,2019 WADA Anti-Doping Rule Violations (ADRVs) Report,TRUE,FALSE
2019,School Sports,School Sports,1,TRUE,School Sports,Other Sports - Non-Code Signatories,Other Sports - Non-Code Signatories,184,2,0,0,0,0,2,0,2,1,0.001059322033898305,0.0013012361743656475,0,0,NA,NA,NA,NA,NA,NA,NA,NA,NA,NA,NA,wada_adrv_2019_sport_totals.csv,2019,2019 WADA Anti-Doping Rule Violations (ADRVs) Report,TRUE,FALSE
2019,Surfing,Surfing,1,TRUE,Surfing,ARISF,ARISF,344,4,0,0,0,3,1,1,2,0.25,0.001059322033898305,6.506180871828237e-4,0.002849002849002849,0,NA,NA,NA,NA,NA,NA,NA,NA,NA,NA,NA,wada_adrv_2019_sport_totals.csv,2019,2019 WADA Anti-Doping Rule Violations (ADRVs) Report,TRUE,TRUE
2019,Table Tennis,Table Tennis,1,TRUE,Table Tennis,Sports for Athletes with an Impairment,Sports for Athletes with an Impairment,216,3,0,0,0,1,2,0,2,0.6666666666666666,0.001059322033898305,0.0013012361743656475,0,0,NA,NA,NA,NA,NA,NA,NA,NA,NA,NA,NA,wada_adrv_2019_sport_totals.csv,2019,2019 WADA Anti-Doping Rule Violations (ADRVs) Report,TRUE,FALSE
2019,Bandy,Bandy,1,TRUE,Bandy,ARISF,ARISF,145,2,1,0,0,0,1,0,1,0.5,5.296610169491525e-4,6.506180871828237e-4,0,0,NA,NA,NA,NA,NA,NA,NA,NA,NA,NA,NA,wada_adrv_2019_sport_totals.csv,2019,2019 WADA Anti-Doping Rule Violations (ADRVs) Report,TRUE,FALSE
2019,Baseball / Softball,Softball,1,TRUE,Softball,ARISF,ARISF,561,3,2,0,0,0,1,0,1,0.3333333333333333,5.296610169491525e-4,6.506180871828237e-4,0,0,NA,NA,NA,NA,NA,NA,NA,NA,NA,NA,NA,wada_adrv_2019_sport_totals.csv,2019,2019 WADA Anti-Doping Rule Violations (ADRVs) Report,TRUE,FALSE
2019,Boules Sports,Boules Sports,1,TRUE,Boules Sports,ARISF,ARISF,95,2,0,0,0,1,1,0,1,0.5,5.296610169491525e-4,6.506180871828237e-4,0,0,NA,NA,NA,NA,NA,NA,NA,NA,NA,NA,NA,wada_adrv_2019_sport_totals.csv,2019,2019 WADA Anti-Doping Rule Violations (ADRVs) Report,TRUE,FALSE
2019,Curling,Curling,1,TRUE,Curling,AIOWF | Sports for Athletes with an Impairment,AIOWF | Sports for Athletes with an Impairment,437,5,3,0,1,0,1,0,1,0.2,5.296610169491525e-4,6.506180871828237e-4,0,0,NA,NA,NA,NA,NA,NA,NA,NA,NA,NA,NA,wada_adrv_2019_sport_totals.csv,2019,2019 WADA Anti-Doping Rule Violations (ADRVs) Report,TRUE,FALSE
2019,Draughts,Draughts,1,TRUE,Draughts,AIMS,AIMS,34,1,0,0,0,0,1,0,1,1,5.296610169491525e-4,6.506180871828237e-4,0,0,NA,NA,NA,NA,NA,NA,NA,NA,NA,NA,NA,wada_adrv_2019_sport_totals.csv,2019,2019 WADA Anti-Doping Rule Violations (ADRVs) Report,TRUE,FALSE
2019,Floorball,Floorball,1,TRUE,Floorball,ARISF,ARISF,413,2,0,0,0,1,1,0,1,0.5,5.296610169491525e-4,6.506180871828237e-4,0,0,NA,NA,NA,NA,NA,NA,NA,NA,NA,NA,NA,wada_adrv_2019_sport_totals.csv,2019,2019 WADA Anti-Doping Rule Violations (ADRVs) Report,TRUE,FALSE
2019,Friskis & Svettis,Friskis & Svettis,1,TRUE,Friskis & Svettis,Other Sports - Non-Code Signatories,Other Sports - Non-Code Signatories,75,1,0,0,0,0,1,0,1,1,5.296610169491525e-4,6.506180871828237e-4,0,0,NA,NA,NA,NA,NA,NA,NA,NA,NA,NA,NA,wada_adrv_2019_sport_totals.csv,2019,2019 WADA Anti-Doping Rule Violations (ADRVs) Report,TRUE,FALSE
2019,Kabaddi,Kabaddi,1,TRUE,Kabaddi,Other Sports - Non-Code Signatories,Other Sports - Non-Code Signatories,143,2,0,0,0,1,1,0,1,0.5,5.296610169491525e-4,6.506180871828237e-4,0,0,NA,NA,NA,NA,NA,NA,NA,NA,NA,NA,NA,wada_adrv_2019_sport_totals.csv,2019,2019 WADA Anti-Doping Rule Violations (ADRVs) Report,TRUE,FALSE
2019,Life Saving,Life Saving,1,TRUE,Lifesaving,ARISF,ARISF,322,2,2,0,0,0,0,1,1,0,5.296610169491525e-4,0,0.002849002849002849,0,NA,NA,NA,NA,NA,NA,NA,NA,NA,NA,NA,wada_adrv_2019_sport_totals.csv,2019,2019 WADA Anti-Doping Rule Violations (ADRVs) Report,TRUE,TRUE
2019,Mountaineering and Climbing,Mountaineering and Climbing,1,TRUE,Mountaineering and Climbing,ARISF,ARISF,228,1,0,0,0,1,0,1,1,0,5.296610169491525e-4,0,0.002849002849002849,0,NA,NA,NA,NA,NA,NA,NA,NA,NA,NA,NA,wada_adrv_2019_sport_totals.csv,2019,2019 WADA Anti-Doping Rule Violations (ADRVs) Report,TRUE,TRUE
2019,Padel,Padel,1,TRUE,Padel,Other Sports - Non-Code Signatories,Other Sports - Non-Code Signatories,6,1,0,0,0,0,1,0,1,1,5.296610169491525e-4,6.506180871828237e-4,0,0,NA,NA,NA,NA,NA,NA,NA,NA,NA,NA,NA,wada_adrv_2019_sport_totals.csv,2019,2019 WADA Anti-Doping Rule Violations (ADRVs) Report,TRUE,FALSE
2019,Para-Nordic Skiing,Para-Cross Country Skiing,1,TRUE,Para-Cross Country Skiing,NA,NA,0,0,0,0,0,0,0,1,1,NA,5.296610169491525e-4,0,0.002849002849002849,0,NA,NA,NA,NA,NA,NA,NA,NA,NA,NA,NA,wada_adrv_2019_sport_totals.csv,2019,2019 WADA Anti-Doping Rule Violations (ADRVs) Report,FALSE,TRUE
2019,Para-Snowboard,Para-Snowboard,1,TRUE,Para-Snowboard,IPC,IPC,74,2,1,0,0,0,1,0,1,0.5,5.296610169491525e-4,6.506180871828237e-4,0,0,NA,NA,NA,NA,NA,NA,NA,NA,NA,NA,NA,wada_adrv_2019_sport_totals.csv,2019,2019 WADA Anti-Doping Rule Violations (ADRVs) Report,TRUE,FALSE
2019,Sailing,Sailing,1,TRUE,Sailing,ASOIF,ASOIF,750,3,1,0,0,1,1,0,1,0.3333333333333333,5.296610169491525e-4,6.506180871828237e-4,0,0,NA,NA,NA,NA,NA,NA,NA,NA,NA,NA,NA,wada_adrv_2019_sport_totals.csv,2019,2019 WADA Anti-Doping Rule Violations (ADRVs) Report,TRUE,FALSE
2019,Shooting Para Sport,Shooting Para Sport,1,TRUE,Shooting Para Sport,IPC,IPC,165,3,2,0,0,0,1,0,1,0.3333333333333333,5.296610169491525e-4,6.506180871828237e-4,0,0,NA,NA,NA,NA,NA,NA,NA,NA,NA,NA,NA,wada_adrv_2019_sport_totals.csv,2019,2019 WADA Anti-Doping Rule Violations (ADRVs) Report,TRUE,FALSE
2019,Sitting Volleyball,Sitting Volleyball,1,TRUE,Sitting Volleyball (R),Sports for Athletes with an Impairment,Sports for Athletes with an Impairment,194,3,1,0,0,1,1,0,1,0.3333333333333333,5.296610169491525e-4,6.506180871828237e-4,0,0,NA,NA,NA,NA,NA,NA,NA,NA,NA,NA,NA,wada_adrv_2019_sport_totals.csv,2019,2019 WADA Anti-Doping Rule Violations (ADRVs) Report,TRUE,FALSE
2019,Squash,Squash,1,TRUE,Squash,ARISF,ARISF,356,1,1,0,0,0,0,1,1,0,5.296610169491525e-4,0,0.002849002849002849,0,NA,NA,NA,NA,NA,NA,NA,NA,NA,NA,NA,wada_adrv_2019_sport_totals.csv,2019,2019 WADA Anti-Doping Rule Violations (ADRVs) Report,TRUE,TRUE
2019,Tug of War,Tug of War,1,TRUE,Tug of War,ARISF,ARISF,87,2,0,0,0,1,1,0,1,0.5,5.296610169491525e-4,6.506180871828237e-4,0,0,NA,NA,NA,NA,NA,NA,NA,NA,NA,NA,NA,wada_adrv_2019_sport_totals.csv,2019,2019 WADA Anti-Doping Rule Violations (ADRVs) Report,TRUE,FALSE
2019,Underwater Sports,Underwater Sports,1,TRUE,Underwater Sports,ARISF,ARISF,521,1,1,0,0,0,0,1,1,0,5.296610169491525e-4,0,0.002849002849002849,0,NA,NA,NA,NA,NA,NA,NA,NA,NA,NA,NA,wada_adrv_2019_sport_totals.csv,2019,2019 WADA Anti-Doping Rule Violations (ADRVs) Report,TRUE,TRUE
2019,Air Sports,Air Sports,1,TRUE,Air Sports,ARISF | Other Code Signatories,ARISF | Other Code Signatories,194,14,1,12,0,1,0,0,0,0,0,0,0,0,NA,NA,NA,NA,NA,NA,NA,NA,NA,NA,NA,wada_adrv_2019_sport_totals.csv,2019,2019 WADA Anti-Doping Rule Violations (ADRVs) Report,TRUE,FALSE
2019,Basque Pelota,Basque Pelota,1,TRUE,Basque Pelota,ARISF,ARISF,157,4,0,0,4,0,0,0,0,0,0,0,0,0,NA,NA,NA,NA,NA,NA,NA,NA,NA,NA,NA,wada_adrv_2019_sport_totals.csv,2019,2019 WADA Anti-Doping Rule Violations (ADRVs) Report,TRUE,FALSE
2019,Basque Sports,Basque Sports,1,TRUE,Basque Sports,Other Sports - Non-Code Signatories,Other Sports - Non-Code Signatories,45,1,0,1,0,0,0,0,0,0,0,0,0,0,NA,NA,NA,NA,NA,NA,NA,NA,NA,NA,NA,wada_adrv_2019_sport_totals.csv,2019,2019 WADA Anti-Doping Rule Violations (ADRVs) Report,TRUE,FALSE
2019,Bowling,Bowling,1,TRUE,Bowling,ARISF,ARISF,136,1,0,0,0,1,0,0,0,0,0,0,0,0,NA,NA,NA,NA,NA,NA,NA,NA,NA,NA,NA,wada_adrv_2019_sport_totals.csv,2019,2019 WADA Anti-Doping Rule Violations (ADRVs) Report,TRUE,FALSE
2019,Bridge,Bridge,1,TRUE,Bridge,ARISF,ARISF,27,1,0,0,0,1,0,0,0,0,0,0,0,0,NA,NA,NA,NA,NA,NA,NA,NA,NA,NA,NA,wada_adrv_2019_sport_totals.csv,2019,2019 WADA Anti-Doping Rule Violations (ADRVs) Report,TRUE,FALSE
2019,Broomball,Broomball,1,TRUE,Broomball,Other Sports - Non-Code Signatories,Other Sports - Non-Code Signatories,4,1,1,0,0,0,0,0,0,0,0,0,0,0,NA,NA,NA,NA,NA,NA,NA,NA,NA,NA,NA,wada_adrv_2019_sport_totals.csv,2019,2019 WADA Anti-Doping Rule Violations (ADRVs) Report,TRUE,FALSE
2019,Chess,Chess,1,TRUE,Chess,ARISF,ARISF,74,1,0,0,0,1,0,0,0,0,0,0,0,0,NA,NA,NA,NA,NA,NA,NA,NA,NA,NA,NA,wada_adrv_2019_sport_totals.csv,2019,2019 WADA Anti-Doping Rule Violations (ADRVs) Report,TRUE,FALSE
2019,DanceSport,DanceSport,1,TRUE,DanceSport,ARISF | Other Sports - Non-Code Signatories,ARISF | Other Sports - Non-Code Signatories,383,6,2,1,0,3,0,0,0,0,0,0,0,0,NA,NA,NA,NA,NA,NA,NA,NA,NA,NA,NA,wada_adrv_2019_sport_totals.csv,2019,2019 WADA Anti-Doping Rule Violations (ADRVs) Report,TRUE,FALSE
2019,Darts,Darts,1,TRUE,Darts,AIMS,AIMS,60,3,1,2,0,0,0,0,0,0,0,0,0,0,NA,NA,NA,NA,NA,NA,NA,NA,NA,NA,NA,wada_adrv_2019_sport_totals.csv,2019,2019 WADA Anti-Doping Rule Violations (ADRVs) Report,TRUE,FALSE
2019,Firefighting and Rescuing,Firefighting and Rescuing,1,TRUE,Firefighting and Rescuing,Other Sports - Non-Code Signatories,Other Sports - Non-Code Signatories,44,1,0,0,0,1,0,0,0,0,0,0,0,0,NA,NA,NA,NA,NA,NA,NA,NA,NA,NA,NA,wada_adrv_2019_sport_totals.csv,2019,2019 WADA Anti-Doping Rule Violations (ADRVs) Report,TRUE,FALSE
2019,Functional Fitness,Functional Fitness,1,TRUE,Functional Fitness,Other Sports - Non-Code Signatories,Other Sports - Non-Code Signatories,35,1,1,0,0,0,0,0,0,0,0,0,0,0,NA,NA,NA,NA,NA,NA,NA,NA,NA,NA,NA,wada_adrv_2019_sport_totals.csv,2019,2019 WADA Anti-Doping Rule Violations (ADRVs) Report,TRUE,FALSE
2019,Horse Racing,Horse Racing,1,TRUE,Horse Racing,Other Sports - Non-Code Signatories,Other Sports - Non-Code Signatories,390,4,0,4,0,0,0,0,0,0,0,0,0,0,NA,NA,NA,NA,NA,NA,NA,NA,NA,NA,NA,wada_adrv_2019_sport_totals.csv,2019,2019 WADA Anti-Doping Rule Violations (ADRVs) Report,TRUE,FALSE
2019,Korfball,Korfball,1,TRUE,Korfball,ARISF,ARISF,84,1,0,0,1,0,0,0,0,0,0,0,0,0,NA,NA,NA,NA,NA,NA,NA,NA,NA,NA,NA,wada_adrv_2019_sport_totals.csv,2019,2019 WADA Anti-Doping Rule Violations (ADRVs) Report,TRUE,FALSE
2019,Luge,Luge,1,TRUE,Luge,AIOWF,AIOWF,511,1,1,0,0,0,0,0,0,0,0,0,0,0,NA,NA,NA,NA,NA,NA,NA,NA,NA,NA,NA,wada_adrv_2019_sport_totals.csv,2019,2019 WADA Anti-Doping Rule Violations (ADRVs) Report,TRUE,FALSE
2019,Minigolf,Minigolf,1,TRUE,Minigolf,AIMS,AIMS,20,1,0,0,0,1,0,0,0,0,0,0,0,0,NA,NA,NA,NA,NA,NA,NA,NA,NA,NA,NA,wada_adrv_2019_sport_totals.csv,2019,2019 WADA Anti-Doping Rule Violations (ADRVs) Report,TRUE,FALSE
2019,Para-Alpine Skiing,Para-Alpine Skiing,1,TRUE,Para-Alpine Skiing,IPC,IPC,170,4,3,1,0,0,0,0,0,0,0,0,0,0,NA,NA,NA,NA,NA,NA,NA,NA,NA,NA,NA,wada_adrv_2019_sport_totals.csv,2019,2019 WADA Anti-Doping Rule Violations (ADRVs) Report,TRUE,FALSE
2019,Para-Bowling,Para-Bowling,1,TRUE,Para-Bowling,Sports for Athletes with an Impairment,Sports for Athletes with an Impairment,17,1,0,1,0,0,0,0,0,0,0,0,0,0,NA,NA,NA,NA,NA,NA,NA,NA,NA,NA,NA,wada_adrv_2019_sport_totals.csv,2019,2019 WADA Anti-Doping Rule Violations (ADRVs) Report,TRUE,FALSE
2019,Poker,Poker,1,TRUE,Poker,Other Code Signatories,Other Code Signatories,29,2,0,0,0,2,0,0,0,0,0,0,0,0,NA,NA,NA,NA,NA,NA,NA,NA,NA,NA,NA,wada_adrv_2019_sport_totals.csv,2019,2019 WADA Anti-Doping Rule Violations (ADRVs) Report,TRUE,FALSE
2019,Polo,Polo,1,TRUE,Polo,ARISF,ARISF,7,1,0,0,0,1,0,0,0,0,0,0,0,0,NA,NA,NA,NA,NA,NA,NA,NA,NA,NA,NA,wada_adrv_2019_sport_totals.csv,2019,2019 WADA Anti-Doping Rule Violations (ADRVs) Report,TRUE,FALSE
2019,Soft Tennis,Soft Tennis,1,TRUE,Soft Tennis,AIMS,AIMS,70,2,0,1,0,1,0,0,0,0,0,0,0,0,NA,NA,NA,NA,NA,NA,NA,NA,NA,NA,NA,wada_adrv_2019_sport_totals.csv,2019,2019 WADA Anti-Doping Rule Violations (ADRVs) Report,TRUE,FALSE
2019,Sport Climbing,Sport Climbing,1,TRUE,Sport Climbing,ARISF,ARISF,562,1,1,0,0,0,0,0,0,0,0,0,0,0,NA,NA,NA,NA,NA,NA,NA,NA,NA,NA,NA,wada_adrv_2019_sport_totals.csv,2019,2019 WADA Anti-Doping Rule Violations (ADRVs) Report,TRUE,FALSE
2019,Sport Fishing,Sport Fishing,1,TRUE,Sport Fishing,AIMS,AIMS,40,1,0,0,0,1,0,0,0,0,0,0,0,0,NA,NA,NA,NA,NA,NA,NA,NA,NA,NA,NA,wada_adrv_2019_sport_totals.csv,2019,2019 WADA Anti-Doping Rule Violations (ADRVs) Report,TRUE,FALSE
2019,Traditional Archery,Traditional Archery,1,TRUE,Traditional Archery,Other Sports - Non-Code Signatories,Other Sports - Non-Code Signatories,18,1,0,0,0,1,0,0,0,0,0,0,0,0,NA,NA,NA,NA,NA,NA,NA,NA,NA,NA,NA,wada_adrv_2019_sport_totals.csv,2019,2019 WADA Anti-Doping Rule Violations (ADRVs) Report,TRUE,FALSE
2019,VA'A,VA'A,1,TRUE,VA'A,Other Sports - Non-Code Signatories,Other Sports - Non-Code Signatories,31,1,0,0,0,1,0,0,0,0,0,0,0,0,NA,NA,NA,NA,NA,NA,NA,NA,NA,NA,NA,wada_adrv_2019_sport_totals.csv,2019,2019 WADA Anti-Doping Rule Violations (ADRVs) Report,TRUE,FALSE
2020,Athletics,Athletics,1,TRUE,Athletics,ASOIF | Other Sports - Non-Code Signatories,ASOIF | Other Sports - Non-Code Signatories,18580,107,14,10,1,8,73,63,136,0.6822429906542056,0.14945054945054945,0.10863095238095238,0.2647058823529412,-1,NA,NA,NA,NA,NA,NA,NA,NA,NA,NA,NA,wada_adrv_2020_sport_totals.csv,2020,2020 WADA Anti-Doping Rule Violation (ADRV) Report,TRUE,TRUE
2020,Weightlifting,Weightlifting,1,TRUE,Weightlifting,ASOIF,ASOIF,7344,89,3,3,0,2,81,24,105,0.9101123595505618,0.11538461538461539,0.12053571428571429,0.10084033613445378,0,NA,NA,NA,NA,NA,NA,NA,NA,NA,NA,NA,wada_adrv_2020_sport_totals.csv,2020,2020 WADA Anti-Doping Rule Violation (ADRV) Report,TRUE,TRUE
2020,Bodybuilding,Bodybuilding,1,TRUE,Bodybuilding,AIMS | Other Sports - Non-Code Signatories,AIMS | Other Sports - Non-Code Signatories,412,78,1,1,0,6,70,19,89,0.8974358974358975,0.0978021978021978,0.10416666666666667,0.07983193277310924,0,NA,NA,NA,NA,NA,NA,NA,NA,NA,NA,NA,wada_adrv_2020_sport_totals.csv,2020,2020 WADA Anti-Doping Rule Violation (ADRV) Report,TRUE,TRUE
2020,Cycling,Cycling,1,TRUE,Cycling,ASOIF | Sports for Athletes with an Impairment,ASOIF | Sports for Athletes with an Impairment,14358,94,13,14,1,5,61,22,83,0.648936170212766,0.0912087912087912,0.09077380952380952,0.09243697478991597,0,NA,NA,NA,NA,NA,NA,NA,NA,NA,NA,NA,wada_adrv_2020_sport_totals.csv,2020,2020 WADA Anti-Doping Rule Violation (ADRV) Report,TRUE,TRUE
2020,Powerlifting,Powerlifting,1,TRUE,Powerlifting,AIMS | Other Sports - Non-Code Signatories,AIMS | Other Sports - Non-Code Signatories,1824,83,13,2,0,7,61,7,68,0.7349397590361446,0.07472527472527472,0.09077380952380952,0.029411764705882353,0,NA,NA,NA,NA,NA,NA,NA,NA,NA,NA,NA,wada_adrv_2020_sport_totals.csv,2020,2020 WADA Anti-Doping Rule Violation (ADRV) Report,TRUE,TRUE
2020,Football,Football,1,TRUE,Football,ASOIF,ASOIF,22124,67,4,9,1,14,39,18,57,0.582089552238806,0.06263736263736264,0.05803571428571429,0.07563025210084033,0,NA,NA,NA,NA,NA,NA,NA,NA,NA,NA,NA,wada_adrv_2020_sport_totals.csv,2020,2020 WADA Anti-Doping Rule Violation (ADRV) Report,TRUE,TRUE
2020,Wrestling,Wrestling,1,TRUE,Wrestling,ASOIF | Other Sports - Non-Code Signatories | Sports for Athletes with an Impairment,ASOIF | Other Sports - Non-Code Signatories | Sports for Athletes with an Impairment,3829,44,2,1,0,4,38,8,46,0.8636363636363636,0.05054945054945055,0.05654761904761905,0.03361344537815126,1,NA,NA,NA,NA,NA,NA,NA,NA,NA,NA,NA,wada_adrv_2020_sport_totals.csv,2020,2020 WADA Anti-Doping Rule Violation (ADRV) Report,TRUE,TRUE
2020,Rugby Union,Rugby Union,1,TRUE,Rugby Union,ASOIF,ASOIF,4415,25,0,0,0,2,23,6,29,0.92,0.031868131868131866,0.03422619047619048,0.025210084033613446,0,NA,NA,NA,NA,NA,NA,NA,NA,NA,NA,NA,wada_adrv_2020_sport_totals.csv,2020,2020 WADA Anti-Doping Rule Violation (ADRV) Report,TRUE,TRUE
2020,Boxing,Boxing,1,TRUE,Boxing,ASOIF | Other Sports - Non-Code Signatories,ASOIF | Other Sports - Non-Code Signatories,2870,25,0,2,0,5,18,3,21,0.72,0.023076923076923078,0.026785714285714284,0.012605042016806723,0,NA,NA,NA,NA,NA,NA,NA,NA,NA,NA,NA,wada_adrv_2020_sport_totals.csv,2020,2020 WADA Anti-Doping Rule Violation (ADRV) Report,TRUE,TRUE
2020,Aquatics,Aquatics,1,TRUE,Aquatics,ASOIF | Other Sports - Non-Code Signatories,ASOIF | Other Sports - Non-Code Signatories,9797,26,12,0,0,2,12,4,16,0.46153846153846156,0.017582417582417582,0.017857142857142856,0.01680672268907563,0,NA,NA,NA,NA,NA,NA,NA,NA,NA,NA,NA,wada_adrv_2020_sport_totals.csv,2020,2020 WADA Anti-Doping Rule Violation (ADRV) Report,TRUE,TRUE
2020,Basketball,Basketball,1,TRUE,Basketball,ASOIF,ASOIF,3235,17,1,1,0,2,13,2,15,0.7647058823529411,0.016483516483516484,0.019345238095238096,0.008403361344537815,0,NA,NA,NA,NA,NA,NA,NA,NA,NA,NA,NA,wada_adrv_2020_sport_totals.csv,2020,2020 WADA Anti-Doping Rule Violation (ADRV) Report,TRUE,TRUE
2020,Canoe / Kayak,Canoe | Canoe / Kayak,2,TRUE,Canoe | Canoe/Kayak,ASOIF | Sports for Athletes with an Impairment,ASOIF | Sports for Athletes with an Impairment,3349,14,2,0,0,0,12,2,14,0.8571428571428571,0.015384615384615385,0.017857142857142856,0.008403361344537815,0,NA,NA,NA,NA,NA,NA,NA,NA,NA,NA,NA,wada_adrv_2020_sport_totals.csv,2020,2020 WADA Anti-Doping Rule Violation (ADRV) Report,TRUE,TRUE
2020,Rowing,Rowing,1,TRUE,Rowing,ASOIF | Sports for Athletes with an Impairment,ASOIF | Sports for Athletes with an Impairment,3812,14,1,0,0,3,10,4,14,0.7142857142857143,0.015384615384615385,0.01488095238095238,0.01680672268907563,0,NA,NA,NA,NA,NA,NA,NA,NA,NA,NA,NA,wada_adrv_2020_sport_totals.csv,2020,2020 WADA Anti-Doping Rule Violation (ADRV) Report,TRUE,TRUE
2020,Skiing,Skiing,1,TRUE,Skiing,AIOWF,AIOWF,4611,5,0,2,0,0,3,11,14,0.6,0.015384615384615385,0.004464285714285714,0.046218487394957986,0,NA,NA,NA,NA,NA,NA,NA,NA,NA,NA,NA,wada_adrv_2020_sport_totals.csv,2020,2020 WADA Anti-Doping Rule Violation (ADRV) Report,TRUE,TRUE
2020,Volleyball,Volleyball,1,TRUE,Volleyball,ASOIF | Other Sports - Non-Code Signatories,ASOIF | Other Sports - Non-Code Signatories,2282,19,4,1,1,1,12,1,13,0.631578947368421,0.014285714285714285,0.017857142857142856,0.004201680672268907,0,NA,NA,NA,NA,NA,NA,NA,NA,NA,NA,NA,wada_adrv_2020_sport_totals.csv,2020,2020 WADA Anti-Doping Rule Violation (ADRV) Report,TRUE,TRUE
2020,Ice Hockey,Ice Hockey,1,TRUE,Ice Hockey,AIOWF,AIOWF,2364,14,2,1,0,0,11,1,12,0.7857142857142857,0.013186813186813187,0.01636904761904762,0.004201680672268907,0,NA,NA,NA,NA,NA,NA,NA,NA,NA,NA,NA,wada_adrv_2020_sport_totals.csv,2020,2020 WADA Anti-Doping Rule Violation (ADRV) Report,TRUE,TRUE
2020,Rugby,Rugby League,1,TRUE,Rugby League,Other Code Signatories,Other Code Signatories,1099,11,0,2,0,0,9,2,11,0.8181818181818182,0.012087912087912088,0.013392857142857142,0.008403361344537815,0,NA,NA,NA,NA,NA,NA,NA,NA,NA,NA,NA,wada_adrv_2020_sport_totals.csv,2020,2020 WADA Anti-Doping Rule Violation (ADRV) Report,TRUE,TRUE
2020,Para-Athletics,Para-Athletics,1,TRUE,Para-Athletics,IPC,IPC,1399,10,2,0,0,0,8,2,10,0.8,0.01098901098901099,0.011904761904761904,0.008403361344537815,0,NA,NA,NA,NA,NA,NA,NA,NA,NA,NA,NA,wada_adrv_2020_sport_totals.csv,2020,2020 WADA Anti-Doping Rule Violation (ADRV) Report,TRUE,TRUE
2020,Sambo,Sambo,1,TRUE,Sambo,AIMS,AIMS,249,5,0,0,0,0,5,5,10,1,0.01098901098901099,0.00744047619047619,0.02100840336134454,0,NA,NA,NA,NA,NA,NA,NA,NA,NA,NA,NA,wada_adrv_2020_sport_totals.csv,2020,2020 WADA Anti-Doping Rule Violation (ADRV) Report,TRUE,TRUE
2020,Biathlon,Biathlon,1,TRUE,Biathlon,AIOWF,AIOWF,2280,3,1,0,0,0,2,6,8,0.6666666666666666,0.008791208791208791,0.002976190476190476,0.025210084033613446,0,NA,NA,NA,NA,NA,NA,NA,NA,NA,NA,NA,wada_adrv_2020_sport_totals.csv,2020,2020 WADA Anti-Doping Rule Violation (ADRV) Report,TRUE,TRUE
2020,Triathlon,Triathlon,1,TRUE,Triathlon,ASOIF | Sports for Athletes with an Impairment,ASOIF | Sports for Athletes with an Impairment,2451,14,7,1,0,1,5,3,8,0.35714285714285715,0.008791208791208791,0.00744047619047619,0.012605042016806723,0,NA,NA,NA,NA,NA,NA,NA,NA,NA,NA,NA,wada_adrv_2020_sport_totals.csv,2020,2020 WADA Anti-Doping Rule Violation (ADRV) Report,TRUE,TRUE
2020,Judo,Judo,1,TRUE,Judo,ASOIF | Sports for Athletes with an Impairment,ASOIF | Sports for Athletes with an Impairment,2808,10,4,1,0,0,5,2,7,0.5,0.007692307692307693,0.00744047619047619,0.008403361344537815,0,NA,NA,NA,NA,NA,NA,NA,NA,NA,NA,NA,wada_adrv_2020_sport_totals.csv,2020,2020 WADA Anti-Doping Rule Violation (ADRV) Report,TRUE,TRUE
2020,Kabaddi,Kabaddi,1,TRUE,Kabaddi,Other Sports - Non-Code Signatories,Other Sports - Non-Code Signatories,82,7,0,0,0,0,7,0,7,1,0.007692307692307693,0.010416666666666666,0,0,NA,NA,NA,NA,NA,NA,NA,NA,NA,NA,NA,wada_adrv_2020_sport_totals.csv,2020,2020 WADA Anti-Doping Rule Violation (ADRV) Report,TRUE,FALSE
2020,Kickboxing,Kickboxing,1,TRUE,Kickboxing,ARISF,ARISF,256,7,0,0,0,0,7,0,7,1,0.007692307692307693,0.010416666666666666,0,0,NA,NA,NA,NA,NA,NA,NA,NA,NA,NA,NA,wada_adrv_2020_sport_totals.csv,2020,2020 WADA Anti-Doping Rule Violation (ADRV) Report,TRUE,FALSE
2020,Para-Powerlifting,Para-Powerlifting,1,TRUE,Para-Powerlifting,IPC,IPC,505,7,0,0,0,0,7,0,7,1,0.007692307692307693,0.010416666666666666,0,0,NA,NA,NA,NA,NA,NA,NA,NA,NA,NA,NA,wada_adrv_2020_sport_totals.csv,2020,2020 WADA Anti-Doping Rule Violation (ADRV) Report,TRUE,FALSE
2020,Handball,Handball,1,TRUE,Handball,ASOIF,ASOIF,2615,12,3,2,0,2,5,1,6,0.4166666666666667,0.006593406593406593,0.00744047619047619,0.004201680672268907,0,NA,NA,NA,NA,NA,NA,NA,NA,NA,NA,NA,wada_adrv_2020_sport_totals.csv,2020,2020 WADA Anti-Doping Rule Violation (ADRV) Report,TRUE,TRUE
2020,Taekwondo,Taekwondo,1,TRUE,Taekwondo,ASOIF | Other Code Signatories | Sports for Athletes with an Impairment,ASOIF | Other Code Signatories | Sports for Athletes with an Impairment,1203,6,1,0,0,1,4,2,6,0.6666666666666666,0.006593406593406593,0.005952380952380952,0.008403361344537815,0,NA,NA,NA,NA,NA,NA,NA,NA,NA,NA,NA,wada_adrv_2020_sport_totals.csv,2020,2020 WADA Anti-Doping Rule Violation (ADRV) Report,TRUE,TRUE
2020,Tennis,Tennis,1,TRUE,Tennis,ASOIF,ASOIF,2987,6,2,0,0,0,4,2,6,0.6666666666666666,0.006593406593406593,0.005952380952380952,0.008403361344537815,0,NA,NA,NA,NA,NA,NA,NA,NA,NA,NA,NA,wada_adrv_2020_sport_totals.csv,2020,2020 WADA Anti-Doping Rule Violation (ADRV) Report,TRUE,TRUE
2020,Underwater Sports,Underwater Sports,1,TRUE,Underwater Sports,ARISF,ARISF,151,8,0,0,0,2,6,0,6,0.75,0.006593406593406593,0.008928571428571428,0,0,NA,NA,NA,NA,NA,NA,NA,NA,NA,NA,NA,wada_adrv_2020_sport_totals.csv,2020,2020 WADA Anti-Doping Rule Violation (ADRV) Report,TRUE,FALSE
2020,American Football,American Football,1,TRUE,American Football,ARISF,ARISF,301,7,3,0,0,1,3,1,4,0.42857142857142855,0.004395604395604396,0.004464285714285714,0.004201680672268907,0,NA,NA,NA,NA,NA,NA,NA,NA,NA,NA,NA,wada_adrv_2020_sport_totals.csv,2020,2020 WADA Anti-Doping Rule Violation (ADRV) Report,TRUE,TRUE
2020,Baseball,Baseball,1,TRUE,Baseball,ARISF,ARISF,439,2,0,0,0,0,2,2,4,1,0.004395604395604396,0.002976190476190476,0.008403361344537815,0,NA,NA,NA,NA,NA,NA,NA,NA,NA,NA,NA,wada_adrv_2020_sport_totals.csv,2020,2020 WADA Anti-Doping Rule Violation (ADRV) Report,TRUE,TRUE
2020,Equestrian,Equestrian,1,TRUE,Equestrian,ASOIF,ASOIF,317,4,2,0,0,1,1,3,4,0.25,0.004395604395604396,0.001488095238095238,0.012605042016806723,0,NA,NA,NA,NA,NA,NA,NA,NA,NA,NA,NA,wada_adrv_2020_sport_totals.csv,2020,2020 WADA Anti-Doping Rule Violation (ADRV) Report,TRUE,TRUE
2020,Fencing,Fencing,1,TRUE,Fencing,ASOIF,ASOIF,1230,4,0,0,0,0,4,0,4,1,0.004395604395604396,0.005952380952380952,0,0,NA,NA,NA,NA,NA,NA,NA,NA,NA,NA,NA,wada_adrv_2020_sport_totals.csv,2020,2020 WADA Anti-Doping Rule Violation (ADRV) Report,TRUE,FALSE
2020,Mixed Martial Arts,Mixed Martial Arts,1,TRUE,Mixed Martial Arts | Mixed Martial Arts (R),Other Sports - Non-Code Signatories,Other Sports - Non-Code Signatories,3325,77,0,73,0,0,4,0,4,0.05194805194805195,0.004395604395604396,0.005952380952380952,0,0,NA,NA,NA,NA,NA,NA,NA,NA,NA,NA,NA,wada_adrv_2020_sport_totals.csv,2020,2020 WADA Anti-Doping Rule Violation (ADRV) Report,TRUE,FALSE
2020,Motorcycling,Motor Sport | Motorcycle Racing,2,TRUE,Motor Sport | Motorcycle Racing,ARISF,ARISF,180,3,1,0,0,0,2,2,4,0.6666666666666666,0.004395604395604396,0.002976190476190476,0.008403361344537815,0,NA,NA,NA,NA,NA,NA,NA,NA,NA,NA,NA,wada_adrv_2020_sport_totals.csv,2020,2020 WADA Anti-Doping Rule Violation (ADRV) Report,TRUE,TRUE
2020,Muaythai,Muaythai,1,TRUE,Muaythai,ARISF,ARISF,114,4,0,0,0,1,3,1,4,0.75,0.004395604395604396,0.004464285714285714,0.004201680672268907,0,NA,NA,NA,NA,NA,NA,NA,NA,NA,NA,NA,wada_adrv_2020_sport_totals.csv,2020,2020 WADA Anti-Doping Rule Violation (ADRV) Report,TRUE,TRUE
2020,Shooting,Shooting,1,TRUE,Shooting,ASOIF | Other Sports - Non-Code Signatories,ASOIF | Other Sports - Non-Code Signatories,1832,5,0,0,0,1,4,0,4,0.8,0.004395604395604396,0.005952380952380952,0,0,NA,NA,NA,NA,NA,NA,NA,NA,NA,NA,NA,wada_adrv_2020_sport_totals.csv,2020,2020 WADA Anti-Doping Rule Violation (ADRV) Report,TRUE,FALSE
2020,Skating,Skating,1,TRUE,Skating,AIOWF,AIOWF,2635,7,3,1,0,0,3,1,4,0.42857142857142855,0.004395604395604396,0.004464285714285714,0.004201680672268907,0,NA,NA,NA,NA,NA,NA,NA,NA,NA,NA,NA,wada_adrv_2020_sport_totals.csv,2020,2020 WADA Anti-Doping Rule Violation (ADRV) Report,TRUE,TRUE
2020,Golf,Golf,1,TRUE,Golf,ASOIF | Other Sports - Non-Code Signatories,ASOIF | Other Sports - Non-Code Signatories,361,3,0,2,0,0,1,2,3,0.3333333333333333,0.0032967032967032967,0.001488095238095238,0.008403361344537815,0,NA,NA,NA,NA,NA,NA,NA,NA,NA,NA,NA,wada_adrv_2020_sport_totals.csv,2020,2020 WADA Anti-Doping Rule Violation (ADRV) Report,TRUE,TRUE
2020,Gymnastics,Gymnastics,1,TRUE,Gymnastics,ASOIF,ASOIF,2075,5,1,1,0,0,3,0,3,0.6,0.0032967032967032967,0.004464285714285714,0,0,NA,NA,NA,NA,NA,NA,NA,NA,NA,NA,NA,wada_adrv_2020_sport_totals.csv,2020,2020 WADA Anti-Doping Rule Violation (ADRV) Report,TRUE,FALSE
2020,Archery,Archery,1,TRUE,Archery,ASOIF | Sports for Athletes with an Impairment,ASOIF | Sports for Athletes with an Impairment,494,6,3,0,0,1,2,0,2,0.3333333333333333,0.002197802197802198,0.002976190476190476,0,0,NA,NA,NA,NA,NA,NA,NA,NA,NA,NA,NA,wada_adrv_2020_sport_totals.csv,2020,2020 WADA Anti-Doping Rule Violation (ADRV) Report,TRUE,FALSE
2020,Arm Wrestling,Arm Wrestling,1,TRUE,Arm Wrestling,AIMS,AIMS,47,2,0,0,0,0,2,0,2,1,0.002197802197802198,0.002976190476190476,0,0,NA,NA,NA,NA,NA,NA,NA,NA,NA,NA,NA,wada_adrv_2020_sport_totals.csv,2020,2020 WADA Anti-Doping Rule Violation (ADRV) Report,TRUE,FALSE
2020,Field Hockey,Field Hockey,1,TRUE,Field Hockey,ASOIF,ASOIF,646,2,0,0,0,0,2,0,2,1,0.002197802197802198,0.002976190476190476,0,0,NA,NA,NA,NA,NA,NA,NA,NA,NA,NA,NA,wada_adrv_2020_sport_totals.csv,2020,2020 WADA Anti-Doping Rule Violation (ADRV) Report,TRUE,FALSE
2020,Karate,Karate,1,TRUE,Karate,ARISF,ARISF,933,3,0,0,0,1,2,0,2,0.6666666666666666,0.002197802197802198,0.002976190476190476,0,0,NA,NA,NA,NA,NA,NA,NA,NA,NA,NA,NA,wada_adrv_2020_sport_totals.csv,2020,2020 WADA Anti-Doping Rule Violation (ADRV) Report,TRUE,FALSE
2020,Roller Sports,Roller Sports,1,TRUE,Roller Sports,ARISF,ARISF,316,1,0,0,0,0,1,1,2,1,0.002197802197802198,0.001488095238095238,0.004201680672268907,0,NA,NA,NA,NA,NA,NA,NA,NA,NA,NA,NA,wada_adrv_2020_sport_totals.csv,2020,2020 WADA Anti-Doping Rule Violation (ADRV) Report,TRUE,TRUE
2020,School Sports,School Sports,1,TRUE,School Sports,Other Sports - Non-Code Signatories,Other Sports - Non-Code Signatories,132,2,0,0,0,0,2,0,2,1,0.002197802197802198,0.002976190476190476,0,0,NA,NA,NA,NA,NA,NA,NA,NA,NA,NA,NA,wada_adrv_2020_sport_totals.csv,2020,2020 WADA Anti-Doping Rule Violation (ADRV) Report,TRUE,FALSE
2020,Air Sports,Air Sports,1,TRUE,Air Sports,NA,NA,0,0,0,0,0,0,0,1,1,NA,0.001098901098901099,0,0.004201680672268907,0,NA,NA,NA,NA,NA,NA,NA,NA,NA,NA,NA,wada_adrv_2020_sport_totals.csv,2020,2020 WADA Anti-Doping Rule Violation (ADRV) Report,FALSE,TRUE
2020,Automobile Sports,Automobile Sports,1,TRUE,Automobile Sports,ARISF,ARISF,159,1,0,0,0,0,1,0,1,1,0.001098901098901099,0.001488095238095238,0,0,NA,NA,NA,NA,NA,NA,NA,NA,NA,NA,NA,wada_adrv_2020_sport_totals.csv,2020,2020 WADA Anti-Doping Rule Violation (ADRV) Report,TRUE,FALSE
2020,Badminton,Badminton,1,TRUE,Badminton,ASOIF,ASOIF,1176,4,0,3,0,0,1,0,1,0.25,0.001098901098901099,0.001488095238095238,0,0,NA,NA,NA,NA,NA,NA,NA,NA,NA,NA,NA,wada_adrv_2020_sport_totals.csv,2020,2020 WADA Anti-Doping Rule Violation (ADRV) Report,TRUE,FALSE
2020,Baseball / Softball,Softball,1,TRUE,Softball,ARISF,ARISF,188,2,1,0,0,0,1,0,1,0.5,0.001098901098901099,0.001488095238095238,0,0,NA,NA,NA,NA,NA,NA,NA,NA,NA,NA,NA,wada_adrv_2020_sport_totals.csv,2020,2020 WADA Anti-Doping Rule Violation (ADRV) Report,TRUE,FALSE
2020,Basque Pelota,Basque Pelota,1,TRUE,Basque Pelota,ARISF,ARISF,15,1,0,0,0,0,1,0,1,1,0.001098901098901099,0.001488095238095238,0,0,NA,NA,NA,NA,NA,NA,NA,NA,NA,NA,NA,wada_adrv_2020_sport_totals.csv,2020,2020 WADA Anti-Doping Rule Violation (ADRV) Report,TRUE,FALSE
2020,Billiards,Billiards Sports,1,TRUE,Billiards Sports,ARISF,ARISF,29,1,0,0,0,0,1,0,1,1,0.001098901098901099,0.001488095238095238,0,0,NA,NA,NA,NA,NA,NA,NA,NA,NA,NA,NA,wada_adrv_2020_sport_totals.csv,2020,2020 WADA Anti-Doping Rule Violation (ADRV) Report,TRUE,FALSE
2020,Cricket,Cricket,1,TRUE,Cricket,ARISF,ARISF,869,2,0,1,0,0,1,0,1,0.5,0.001098901098901099,0.001488095238095238,0,0,NA,NA,NA,NA,NA,NA,NA,NA,NA,NA,NA,wada_adrv_2020_sport_totals.csv,2020,2020 WADA Anti-Doping Rule Violation (ADRV) Report,TRUE,FALSE
2020,Gaelic Games,Gaelic Games,1,TRUE,Gaelic Games,Other Sports - Non-Code Signatories,Other Sports - Non-Code Signatories,149,1,0,0,0,0,1,0,1,1,0.001098901098901099,0.001488095238095238,0,0,NA,NA,NA,NA,NA,NA,NA,NA,NA,NA,NA,wada_adrv_2020_sport_totals.csv,2020,2020 WADA Anti-Doping Rule Violation (ADRV) Report,TRUE,FALSE
2020,Jiu-Jitsu,Jiu-Jitsu,1,TRUE,Jiu-Jitsu,NA,NA,0,0,0,0,0,0,0,1,1,NA,0.001098901098901099,0,0.004201680672268907,0,NA,NA,NA,NA,NA,NA,NA,NA,NA,NA,NA,wada_adrv_2020_sport_totals.csv,2020,2020 WADA Anti-Doping Rule Violation (ADRV) Report,FALSE,TRUE
2020,Kettlebell,Kettlebell Lifting,1,TRUE,Kettlebell Lifting,Other Code Signatories,Other Code Signatories,76,1,0,0,0,0,1,0,1,1,0.001098901098901099,0.001488095238095238,0,0,NA,NA,NA,NA,NA,NA,NA,NA,NA,NA,NA,wada_adrv_2020_sport_totals.csv,2020,2020 WADA Anti-Doping Rule Violation (ADRV) Report,TRUE,FALSE
2020,Life Saving,Life Saving,1,TRUE,Lifesaving,ARISF,ARISF,264,1,0,0,0,0,1,0,1,1,0.001098901098901099,0.001488095238095238,0,0,NA,NA,NA,NA,NA,NA,NA,NA,NA,NA,NA,wada_adrv_2020_sport_totals.csv,2020,2020 WADA Anti-Doping Rule Violation (ADRV) Report,TRUE,FALSE
2020,Modern Pentathlon,Modern Pentathlon,1,TRUE,Modern Pentathlon,ASOIF,ASOIF,417,1,0,0,0,0,1,0,1,1,0.001098901098901099,0.001488095238095238,0,0,NA,NA,NA,NA,NA,NA,NA,NA,NA,NA,NA,wada_adrv_2020_sport_totals.csv,2020,2020 WADA Anti-Doping Rule Violation (ADRV) Report,TRUE,FALSE
2020,Para-Ice Hockey,Para-Ice Hockey,1,TRUE,Para-Ice Hockey,IPC,IPC,38,1,0,0,0,0,1,0,1,1,0.001098901098901099,0.001488095238095238,0,0,NA,NA,NA,NA,NA,NA,NA,NA,NA,NA,NA,wada_adrv_2020_sport_totals.csv,2020,2020 WADA Anti-Doping Rule Violation (ADRV) Report,TRUE,FALSE
2020,Para-Nordic Skiing,Para-Nordic Skiing,1,TRUE,Para-Nordic Skiing,IPC,IPC,303,3,0,2,0,0,1,0,1,0.3333333333333333,0.001098901098901099,0.001488095238095238,0,0,NA,NA,NA,NA,NA,NA,NA,NA,NA,NA,NA,wada_adrv_2020_sport_totals.csv,2020,2020 WADA Anti-Doping Rule Violation (ADRV) Report,TRUE,FALSE
2020,Para-Snowboard,Para-Snowboard,1,TRUE,Para-Snowboard,IPC,IPC,32,1,0,0,0,0,1,0,1,1,0.001098901098901099,0.001488095238095238,0,0,NA,NA,NA,NA,NA,NA,NA,NA,NA,NA,NA,wada_adrv_2020_sport_totals.csv,2020,2020 WADA Anti-Doping Rule Violation (ADRV) Report,TRUE,FALSE
2020,Para-Swimming,Para-Swimming,1,TRUE,Para-Swimming,IPC,IPC,706,3,1,1,0,0,1,0,1,0.3333333333333333,0.001098901098901099,0.001488095238095238,0,0,NA,NA,NA,NA,NA,NA,NA,NA,NA,NA,NA,wada_adrv_2020_sport_totals.csv,2020,2020 WADA Anti-Doping Rule Violation (ADRV) Report,TRUE,FALSE
2020,Powerboating,Powerboating,1,TRUE,Powerboating,ARISF,ARISF,7,1,0,0,0,0,1,0,1,1,0.001098901098901099,0.001488095238095238,0,0,NA,NA,NA,NA,NA,NA,NA,NA,NA,NA,NA,wada_adrv_2020_sport_totals.csv,2020,2020 WADA Anti-Doping Rule Violation (ADRV) Report,TRUE,FALSE
2020,Sitting Volleyball,Sitting Volleyball,1,TRUE,ParaVolley,Sports for Athletes with an Impairment,Sports for Athletes with an Impairment,64,1,0,0,0,0,1,0,1,1,0.001098901098901099,0.001488095238095238,0,0,NA,NA,NA,NA,NA,NA,NA,NA,NA,NA,NA,wada_adrv_2020_sport_totals.csv,2020,2020 WADA Anti-Doping Rule Violation (ADRV) Report,TRUE,FALSE
2020,Sport Climbing,Sport Climbing,1,TRUE,Sport Climbing,ARISF,ARISF,365,1,0,0,0,0,1,0,1,1,0.001098901098901099,0.001488095238095238,0,0,NA,NA,NA,NA,NA,NA,NA,NA,NA,NA,NA,wada_adrv_2020_sport_totals.csv,2020,2020 WADA Anti-Doping Rule Violation (ADRV) Report,TRUE,FALSE
2020,Sport Fishing,Fishing,1,TRUE,Fishing,NA,NA,0,0,0,0,0,0,0,1,1,NA,0.001098901098901099,0,0.004201680672268907,0,NA,NA,NA,NA,NA,NA,NA,NA,NA,NA,NA,wada_adrv_2020_sport_totals.csv,2020,2020 WADA Anti-Doping Rule Violation (ADRV) Report,FALSE,TRUE
2020,Sumo,Sumo,1,TRUE,Sumo,NA,NA,0,0,0,0,0,0,0,1,1,NA,0.001098901098901099,0,0.004201680672268907,0,NA,NA,NA,NA,NA,NA,NA,NA,NA,NA,NA,wada_adrv_2020_sport_totals.csv,2020,2020 WADA Anti-Doping Rule Violation (ADRV) Report,FALSE,TRUE
2020,Surfing,Surfing,1,TRUE,Surfing,NA,NA,0,0,0,0,0,0,0,1,1,NA,0.001098901098901099,0,0.004201680672268907,0,NA,NA,NA,NA,NA,NA,NA,NA,NA,NA,NA,wada_adrv_2020_sport_totals.csv,2020,2020 WADA Anti-Doping Rule Violation (ADRV) Report,FALSE,TRUE
2020,Table Tennis,Table Tennis,1,TRUE,Table Tennis,ASOIF,ASOIF,644,4,3,0,0,0,1,0,1,0.25,0.001098901098901099,0.001488095238095238,0,0,NA,NA,NA,NA,NA,NA,NA,NA,NA,NA,NA,wada_adrv_2020_sport_totals.csv,2020,2020 WADA Anti-Doping Rule Violation (ADRV) Report,TRUE,FALSE
2020,Tug of War,Tug of War,1,TRUE,Tug of War,ARISF,ARISF,40,1,0,0,0,0,1,0,1,1,0.001098901098901099,0.001488095238095238,0,0,NA,NA,NA,NA,NA,NA,NA,NA,NA,NA,NA,wada_adrv_2020_sport_totals.csv,2020,2020 WADA Anti-Doping Rule Violation (ADRV) Report,TRUE,FALSE
2020,Wushu,Wushu,1,TRUE,Wushu,ARISF,ARISF,84,1,0,0,0,0,1,0,1,1,0.001098901098901099,0.001488095238095238,0,0,NA,NA,NA,NA,NA,NA,NA,NA,NA,NA,NA,wada_adrv_2020_sport_totals.csv,2020,2020 WADA Anti-Doping Rule Violation (ADRV) Report,TRUE,FALSE
2020,Bobsleigh,Bobsleigh,1,TRUE,Bobsleigh,AIOWF,AIOWF,1187,1,0,1,0,0,0,0,0,0,0,0,0,0,NA,NA,NA,NA,NA,NA,NA,NA,NA,NA,NA,wada_adrv_2020_sport_totals.csv,2020,2020 WADA Anti-Doping Rule Violation (ADRV) Report,TRUE,FALSE
2020,Boules Sports,Boules Sports,1,TRUE,Boules Sports,ARISF,ARISF,33,2,1,0,0,1,0,0,0,0,0,0,0,0,NA,NA,NA,NA,NA,NA,NA,NA,NA,NA,NA,wada_adrv_2020_sport_totals.csv,2020,2020 WADA Anti-Doping Rule Violation (ADRV) Report,TRUE,FALSE
2020,Floorball,Floorball,1,TRUE,Floorball,ARISF,ARISF,223,2,1,0,0,1,0,0,0,0,0,0,0,0,NA,NA,NA,NA,NA,NA,NA,NA,NA,NA,NA,wada_adrv_2020_sport_totals.csv,2020,2020 WADA Anti-Doping Rule Violation (ADRV) Report,TRUE,FALSE
2020,Goalball,Goalball,1,TRUE,Goalball,Sports for Athletes with an Impairment,Sports for Athletes with an Impairment,46,3,0,1,0,2,0,0,0,0,0,0,0,0,NA,NA,NA,NA,NA,NA,NA,NA,NA,NA,NA,wada_adrv_2020_sport_totals.csv,2020,2020 WADA Anti-Doping Rule Violation (ADRV) Report,TRUE,FALSE
2020,Horse Racing,Horse Racing (R),1,TRUE,Horse Racing (R),Other Sports - Non-Code Signatories,Other Sports - Non-Code Signatories,277,2,0,1,0,1,0,0,0,0,0,0,0,0,NA,NA,NA,NA,NA,NA,NA,NA,NA,NA,NA,wada_adrv_2020_sport_totals.csv,2020,2020 WADA Anti-Doping Rule Violation (ADRV) Report,TRUE,FALSE
2020,Luge,Luge,1,TRUE,Luge,AIOWF,AIOWF,523,1,0,0,0,1,0,0,0,0,0,0,0,0,NA,NA,NA,NA,NA,NA,NA,NA,NA,NA,NA,wada_adrv_2020_sport_totals.csv,2020,2020 WADA Anti-Doping Rule Violation (ADRV) Report,TRUE,FALSE
2020,Para-Alpine Skiing,Para-Alpine Skiing,1,TRUE,Para-Alpine Skiing,IPC,IPC,96,1,0,1,0,0,0,0,0,0,0,0,0,0,NA,NA,NA,NA,NA,NA,NA,NA,NA,NA,NA,wada_adrv_2020_sport_totals.csv,2020,2020 WADA Anti-Doping Rule Violation (ADRV) Report,TRUE,FALSE
2020,Squash,Squash,1,TRUE,Squash,ARISF,ARISF,157,1,1,0,0,0,0,0,0,0,0,0,0,0,NA,NA,NA,NA,NA,NA,NA,NA,NA,NA,NA,wada_adrv_2020_sport_totals.csv,2020,2020 WADA Anti-Doping Rule Violation (ADRV) Report,TRUE,FALSE
2020,Ultra Triathlon,Ultra Triathlon,1,TRUE,Ultra Triathlon (R),Other Sports - Non-Code Signatories,Other Sports - Non-Code Signatories,2,1,0,0,0,1,0,0,0,0,0,0,0,0,NA,NA,NA,NA,NA,NA,NA,NA,NA,NA,NA,wada_adrv_2020_sport_totals.csv,2020,2020 WADA Anti-Doping Rule Violation (ADRV) Report,TRUE,FALSE
2021,Athletics,Athletics,1,TRUE,Athletics,ASOIF | IMPAIRED | OTHER,ASOIF | IMPAIRED | OTHER,31237,187,23,12,0,2,150,57,207,0.8021390374331551,0.15265486725663716,0.13711151736745886,0.21755725190839695,0,150,0,NA,NA,NA,NA,NA,NA,NA,NA,NA,wada_adrv_2021_sport_totals.csv,2021,WADA 2021 Anti-Doping Rule Violation (ADRV) Report,FALSE,FALSE
2021,Cycling,Cycling,1,TRUE,Cycling,ASOIF | IMPAIRED,ASOIF | IMPAIRED,21640,162,31,16,1,0,114,34,148,0.7037037037037037,0.10914454277286136,0.10420475319926874,0.1297709923664122,0,114,0,NA,NA,NA,NA,NA,NA,NA,NA,NA,wada_adrv_2021_sport_totals.csv,2021,WADA 2021 Anti-Doping Rule Violation (ADRV) Report,FALSE,FALSE
2021,Weightlifting,Weightlifting,1,TRUE,Weightlifting,ASOIF,ASOIF,10603,100,7,5,0,0,88,32,120,0.88,0.08849557522123894,0.08043875685557587,0.12213740458015267,0,88,0,NA,NA,NA,NA,NA,NA,NA,NA,NA,wada_adrv_2021_sport_totals.csv,2021,WADA 2021 Anti-Doping Rule Violation (ADRV) Report,FALSE,FALSE
2021,Powerlifting,Powerlifting,1,TRUE,Powerlifting,AIMS | OTHER-CS,AIMS | OTHER-CS,2233,99,8,0,1,2,88,16,104,0.8888888888888888,0.07669616519174041,0.08043875685557587,0.061068702290076333,0,88,0,NA,NA,NA,NA,NA,NA,NA,NA,NA,wada_adrv_2021_sport_totals.csv,2021,WADA 2021 Anti-Doping Rule Violation (ADRV) Report,FALSE,FALSE
2021,Bodybuilding,Bodybuilding,1,TRUE,Bodybuilding,AIMS,AIMS,675,96,2,0,0,13,81,20,101,0.84375,0.07448377581120944,0.0740402193784278,0.07633587786259542,0,81,0,NA,NA,NA,NA,NA,NA,NA,NA,NA,wada_adrv_2021_sport_totals.csv,2021,WADA 2021 Anti-Doping Rule Violation (ADRV) Report,FALSE,FALSE
2021,Football,Football,1,TRUE,Football,ASOIF | OTHER,ASOIF | OTHER,31620,70,7,8,0,8,47,17,64,0.6714285714285714,0.0471976401179941,0.04296160877513711,0.0648854961832061,0,47,0,NA,NA,NA,NA,NA,NA,NA,NA,NA,wada_adrv_2021_sport_totals.csv,2021,WADA 2021 Anti-Doping Rule Violation (ADRV) Report,FALSE,FALSE
2021,Wrestling,Wrestling,1,TRUE,Wrestling,ASOIF,ASOIF,6408,56,5,2,2,5,42,8,50,0.75,0.03687315634218289,0.038391224862888484,0.030534351145038167,0,42,0,NA,NA,NA,NA,NA,NA,NA,NA,NA,wada_adrv_2021_sport_totals.csv,2021,WADA 2021 Anti-Doping Rule Violation (ADRV) Report,FALSE,FALSE
2021,Rugby Union,Rugby Union,1,TRUE,Rugby Union,ASOIF | IMPAIRED | OTHER,ASOIF | IMPAIRED | OTHER,6820,62,9,6,0,2,45,4,49,0.7258064516129032,0.036135693215339236,0.04113345521023766,0.015267175572519083,0,45,0,NA,NA,NA,NA,NA,NA,NA,NA,NA,wada_adrv_2021_sport_totals.csv,2021,WADA 2021 Anti-Doping Rule Violation (ADRV) Report,FALSE,FALSE
2021,Boxing,Boxing,1,TRUE,Boxing,ADO Specific-CS | ASOIF,ADO Specific-CS | ASOIF,4353,38,4,4,0,1,29,13,42,0.7631578947368421,0.030973451327433628,0.026508226691042046,0.04961832061068702,0,29,0,NA,NA,NA,NA,NA,NA,NA,NA,NA,wada_adrv_2021_sport_totals.csv,2021,WADA 2021 Anti-Doping Rule Violation (ADRV) Report,FALSE,FALSE
2021,Aquatics,Aquatics,1,TRUE,Aquatics,ASOIF,ASOIF,16235,87,28,36,1,0,22,5,27,0.25287356321839083,0.01991150442477876,0.02010968921389397,0.019083969465648856,0,22,0,NA,NA,NA,NA,NA,NA,NA,NA,NA,wada_adrv_2021_sport_totals.csv,2021,WADA 2021 Anti-Doping Rule Violation (ADRV) Report,FALSE,FALSE
2021,Triathlon,Triathlon,1,TRUE,Triathlon,ASOIF | IMPAIRED | OTHER-CS,ASOIF | IMPAIRED | OTHER-CS,3800,35,7,5,0,1,22,4,26,0.6285714285714286,0.019174041297935103,0.02010968921389397,0.015267175572519083,0,22,0,NA,NA,NA,NA,NA,NA,NA,NA,NA,wada_adrv_2021_sport_totals.csv,2021,WADA 2021 Anti-Doping Rule Violation (ADRV) Report,FALSE,FALSE
2021,Basketball,Basketball,1,TRUE,Basketball,ASOIF | IMPAIRED,ASOIF | IMPAIRED,5816,28,7,1,0,0,20,4,24,0.7142857142857143,0.017699115044247787,0.018281535648994516,0.015267175572519083,0,20,0,NA,NA,NA,NA,NA,NA,NA,NA,NA,wada_adrv_2021_sport_totals.csv,2021,WADA 2021 Anti-Doping Rule Violation (ADRV) Report,FALSE,FALSE
2021,Judo,Judo,1,TRUE,Judo,ASOIF | IMPAIRED,ASOIF | IMPAIRED,4654,25,4,3,0,0,18,6,24,0.72,0.017699115044247787,0.016453382084095063,0.022900763358778626,0,18,0,NA,NA,NA,NA,NA,NA,NA,NA,NA,wada_adrv_2021_sport_totals.csv,2021,WADA 2021 Anti-Doping Rule Violation (ADRV) Report,FALSE,FALSE
2021,Tennis,Tennis,1,TRUE,Tennis,ASOIF | IMPAIRED,ASOIF | IMPAIRED,6626,31,8,2,0,1,20,1,21,0.6451612903225806,0.015486725663716814,0.018281535648994516,0.003816793893129771,0,20,0,NA,NA,NA,NA,NA,NA,NA,NA,NA,wada_adrv_2021_sport_totals.csv,2021,WADA 2021 Anti-Doping Rule Violation (ADRV) Report,FALSE,FALSE
2021,Canoe / Kayak,Canoe / Kayak,1,TRUE,Canoe,ASOIF,ASOIF,4982,19,3,1,0,0,15,3,18,0.7894736842105263,0.01327433628318584,0.013711151736745886,0.011450381679389313,0,15,0,NA,NA,NA,NA,NA,NA,NA,NA,NA,wada_adrv_2021_sport_totals.csv,2021,WADA 2021 Anti-Doping Rule Violation (ADRV) Report,FALSE,FALSE
2021,Arm Wrestling,Arm Wrestling,1,TRUE,Arm Wrestling,AIMS,AIMS,177,16,0,0,0,1,15,0,15,0.9375,0.011061946902654867,0.013711151736745886,0,0,15,0,NA,NA,NA,NA,NA,NA,NA,NA,NA,wada_adrv_2021_sport_totals.csv,2021,WADA 2021 Anti-Doping Rule Violation (ADRV) Report,FALSE,FALSE
2021,Ice Hockey,Ice Hockey,1,TRUE,Ice Hockey,AIOWF | OTHER,AIOWF | OTHER,3777,16,2,1,0,1,12,3,15,0.75,0.011061946902654867,0.010968921389396709,0.011450381679389313,0,12,0,NA,NA,NA,NA,NA,NA,NA,NA,NA,wada_adrv_2021_sport_totals.csv,2021,WADA 2021 Anti-Doping Rule Violation (ADRV) Report,FALSE,FALSE
2021,Para-Athletics,Para-Athletics,1,TRUE,Para-Athletics,IPC,IPC,4045,39,16,9,0,1,13,2,15,0.3333333333333333,0.011061946902654867,0.011882998171846435,0.007633587786259542,0,13,0,NA,NA,NA,NA,NA,NA,NA,NA,NA,wada_adrv_2021_sport_totals.csv,2021,WADA 2021 Anti-Doping Rule Violation (ADRV) Report,FALSE,FALSE
2021,Sambo,Sambo,1,TRUE,Sambo,AIMS,AIMS,466,14,0,0,0,0,14,1,15,1,0.011061946902654867,0.012797074954296161,0.003816793893129771,0,14,0,NA,NA,NA,NA,NA,NA,NA,NA,NA,wada_adrv_2021_sport_totals.csv,2021,WADA 2021 Anti-Doping Rule Violation (ADRV) Report,FALSE,FALSE
2021,Handball,Handball,1,TRUE,Handball,ASOIF | IMPAIRED,ASOIF | IMPAIRED,3707,16,0,2,0,0,14,0,14,0.875,0.01032448377581121,0.012797074954296161,0,0,14,0,NA,NA,NA,NA,NA,NA,NA,NA,NA,wada_adrv_2021_sport_totals.csv,2021,WADA 2021 Anti-Doping Rule Violation (ADRV) Report,FALSE,FALSE
2021,Volleyball,Volleyball,1,TRUE,Volleyball,ASOIF,ASOIF,3817,16,5,0,0,0,11,3,14,0.6875,0.01032448377581121,0.010054844606946984,0.011450381679389313,0,11,0,NA,NA,NA,NA,NA,NA,NA,NA,NA,wada_adrv_2021_sport_totals.csv,2021,WADA 2021 Anti-Doping Rule Violation (ADRV) Report,FALSE,FALSE
2021,Baseball,Baseball,1,TRUE,Baseball,ARISF,ARISF,936,15,3,1,0,0,11,2,13,0.7333333333333333,0.009587020648967551,0.010054844606946984,0.007633587786259542,0,11,0,NA,NA,NA,NA,NA,NA,NA,NA,NA,wada_adrv_2021_sport_totals.csv,2021,WADA 2021 Anti-Doping Rule Violation (ADRV) Report,FALSE,FALSE
2021,Skating,Skating,1,TRUE,Skating,AIOWF,AIOWF,2125,16,3,1,0,0,12,1,13,0.75,0.009587020648967551,0.010968921389396709,0.003816793893129771,0,12,0,NA,NA,NA,NA,NA,NA,NA,NA,NA,wada_adrv_2021_sport_totals.csv,2021,WADA 2021 Anti-Doping Rule Violation (ADRV) Report,FALSE,FALSE
2021,Para-Powerlifting,Para-Powerlifting,1,TRUE,Para-Powerlifting,IPC,IPC,1590,16,3,1,0,0,12,0,12,0.75,0.008849557522123894,0.010968921389396709,0,0,12,0,NA,NA,NA,NA,NA,NA,NA,NA,NA,wada_adrv_2021_sport_totals.csv,2021,WADA 2021 Anti-Doping Rule Violation (ADRV) Report,FALSE,FALSE
2021,Rugby League,Rugby League,1,TRUE,Rugby League,OTHER-CS,OTHER-CS,1417,12,1,1,0,1,9,3,12,0.75,0.008849557522123894,0.008226691042047532,0.011450381679389313,0,9,0,NA,NA,NA,NA,NA,NA,NA,NA,NA,wada_adrv_2021_sport_totals.csv,2021,WADA 2021 Anti-Doping Rule Violation (ADRV) Report,FALSE,FALSE
2021,Jiu-Jitsu,Jiu-Jitsu,1,TRUE,Ju-Jitsu,AIMS,AIMS,302,11,0,0,0,0,11,0,11,1,0.008112094395280236,0.010054844606946984,0,0,11,0,NA,NA,NA,NA,NA,NA,NA,NA,NA,wada_adrv_2021_sport_totals.csv,2021,WADA 2021 Anti-Doping Rule Violation (ADRV) Report,FALSE,FALSE
2021,Kickboxing,Kickboxing,1,TRUE,Kickboxing,ARISF,ARISF,391,11,0,0,0,0,11,0,11,1,0.008112094395280236,0.010054844606946984,0,0,11,0,NA,NA,NA,NA,NA,NA,NA,NA,NA,wada_adrv_2021_sport_totals.csv,2021,WADA 2021 Anti-Doping Rule Violation (ADRV) Report,FALSE,FALSE
2021,Shooting,Shooting | Shooting Para Sport,2,TRUE,Shooting | Shooting Para Sport,ASOIF | IPC,ASOIF | IPC,2470,11,1,1,0,0,9,2,11,0.8181818181818182,0.008112094395280236,0.008226691042047532,0.007633587786259542,0,9,0,NA,NA,NA,NA,NA,NA,NA,NA,NA,wada_adrv_2021_sport_totals.csv,2021,WADA 2021 Anti-Doping Rule Violation (ADRV) Report,FALSE,FALSE
2021,Rowing,Rowing,1,TRUE,Rowing,ASOIF | IMPAIRED,ASOIF | IMPAIRED,5919,12,5,1,0,0,6,4,10,0.5,0.007374631268436578,0.005484460694698354,0.015267175572519083,0,6,0,NA,NA,NA,NA,NA,NA,NA,NA,NA,wada_adrv_2021_sport_totals.csv,2021,WADA 2021 Anti-Doping Rule Violation (ADRV) Report,FALSE,FALSE
2021,American Football,American Football,1,TRUE,American Football,ARISF | OTHER,ARISF | OTHER,796,15,4,2,0,0,9,0,9,0.6,0.00663716814159292,0.008226691042047532,0,0,9,0,NA,NA,NA,NA,NA,NA,NA,NA,NA,wada_adrv_2021_sport_totals.csv,2021,WADA 2021 Anti-Doping Rule Violation (ADRV) Report,FALSE,FALSE
2021,Gymnastics,Gymnastics,1,TRUE,Gymnastics,ASOIF,ASOIF,3385,14,3,2,0,0,9,0,9,0.6428571428571429,0.00663716814159292,0.008226691042047532,0,0,9,0,NA,NA,NA,NA,NA,NA,NA,NA,NA,wada_adrv_2021_sport_totals.csv,2021,WADA 2021 Anti-Doping Rule Violation (ADRV) Report,FALSE,FALSE
2021,Skiing,Skiing,1,TRUE,Skiing,AIOWF,AIOWF,4702,4,0,0,0,0,4,5,9,1,0.00663716814159292,0.003656307129798903,0.019083969465648856,0,4,0,NA,NA,NA,NA,NA,NA,NA,NA,NA,wada_adrv_2021_sport_totals.csv,2021,WADA 2021 Anti-Doping Rule Violation (ADRV) Report,FALSE,FALSE
2021,Biathlon,Biathlon,1,TRUE,Biathlon,AIOWF,AIOWF,3179,6,1,0,0,1,4,4,8,0.6666666666666666,0.0058997050147492625,0.003656307129798903,0.015267175572519083,0,4,0,NA,NA,NA,NA,NA,NA,NA,NA,NA,wada_adrv_2021_sport_totals.csv,2021,WADA 2021 Anti-Doping Rule Violation (ADRV) Report,FALSE,FALSE
2021,Karate,Karate,1,TRUE,Karate,ARISF | OTHER-CS,ARISF | OTHER-CS,1599,8,0,0,0,0,8,0,8,1,0.0058997050147492625,0.007312614259597806,0,0,8,0,NA,NA,NA,NA,NA,NA,NA,NA,NA,wada_adrv_2021_sport_totals.csv,2021,WADA 2021 Anti-Doping Rule Violation (ADRV) Report,FALSE,FALSE
2021,Taekwondo,Taekwondo,1,TRUE,Taekwondo,ASOIF | IMPAIRED | OTHER-CS,ASOIF | IMPAIRED | OTHER-CS,2166,11,3,0,0,0,8,0,8,0.7272727272727273,0.0058997050147492625,0.007312614259597806,0,0,8,0,NA,NA,NA,NA,NA,NA,NA,NA,NA,wada_adrv_2021_sport_totals.csv,2021,WADA 2021 Anti-Doping Rule Violation (ADRV) Report,FALSE,FALSE
2021,Archery,Archery,1,TRUE,Archery,ASOIF | IMPAIRED,ASOIF | IMPAIRED,1056,18,6,4,1,1,6,1,7,0.3333333333333333,0.005162241887905605,0.005484460694698354,0.003816793893129771,0,6,0,NA,NA,NA,NA,NA,NA,NA,NA,NA,wada_adrv_2021_sport_totals.csv,2021,WADA 2021 Anti-Doping Rule Violation (ADRV) Report,FALSE,FALSE
2021,Mixed Martial Arts,Mixed Martial Arts,1,TRUE,Mixed Martial Arts,ADO Specific-CS,ADO Specific-CS,96,8,0,0,0,1,7,0,7,0.875,0.005162241887905605,0.006398537477148081,0,0,7,0,NA,NA,NA,NA,NA,NA,NA,NA,NA,wada_adrv_2021_sport_totals.csv,2021,WADA 2021 Anti-Doping Rule Violation (ADRV) Report,FALSE,FALSE
2021,Roller Sports,Roller Sports,1,TRUE,Roller Sports,ARISF,ARISF,569,7,0,0,0,0,7,0,7,1,0.005162241887905605,0.006398537477148081,0,0,7,0,NA,NA,NA,NA,NA,NA,NA,NA,NA,wada_adrv_2021_sport_totals.csv,2021,WADA 2021 Anti-Doping Rule Violation (ADRV) Report,FALSE,FALSE
2021,Para-Swimming,Para-Swimming,1,TRUE,Para-Swimming,IPC,IPC,1952,18,6,7,0,0,5,0,5,0.2777777777777778,0.003687315634218289,0.004570383912248629,0,0,5,0,NA,NA,NA,NA,NA,NA,NA,NA,NA,wada_adrv_2021_sport_totals.csv,2021,WADA 2021 Anti-Doping Rule Violation (ADRV) Report,FALSE,FALSE
2021,Equestrian,Equestrian,1,TRUE,Equestrian,ASOIF,ASOIF,680,6,1,1,0,0,4,0,4,0.6666666666666666,0.0029498525073746312,0.003656307129798903,0,0,4,0,NA,NA,NA,NA,NA,NA,NA,NA,NA,wada_adrv_2021_sport_totals.csv,2021,WADA 2021 Anti-Doping Rule Violation (ADRV) Report,FALSE,FALSE
2021,Motorcycling,Motorcycling,1,TRUE,Motorcycle Racing,ARISF,ARISF,188,7,4,0,0,0,3,1,4,0.42857142857142855,0.0029498525073746312,0.002742230347349177,0.003816793893129771,0,3,0,NA,NA,NA,NA,NA,NA,NA,NA,NA,wada_adrv_2021_sport_totals.csv,2021,WADA 2021 Anti-Doping Rule Violation (ADRV) Report,FALSE,FALSE
2021,Muaythai,Muaythai,1,TRUE,Muaythai,ARISF,ARISF,192,4,0,0,0,0,4,0,4,1,0.0029498525073746312,0.003656307129798903,0,0,4,0,NA,NA,NA,NA,NA,NA,NA,NA,NA,wada_adrv_2021_sport_totals.csv,2021,WADA 2021 Anti-Doping Rule Violation (ADRV) Report,FALSE,FALSE
2021,School Sports,School Sports,1,TRUE,School Sports,OTHER-CS,OTHER-CS,90,5,0,1,0,0,4,0,4,0.8,0.0029498525073746312,0.003656307129798903,0,0,4,0,NA,NA,NA,NA,NA,NA,NA,NA,NA,wada_adrv_2021_sport_totals.csv,2021,WADA 2021 Anti-Doping Rule Violation (ADRV) Report,FALSE,FALSE
2021,Table Tennis,Table Tennis,1,TRUE,Table Tennis,ASOIF | IMPAIRED,ASOIF | IMPAIRED,1539,6,1,0,0,1,4,0,4,0.6666666666666666,0.0029498525073746312,0.003656307129798903,0,0,4,0,NA,NA,NA,NA,NA,NA,NA,NA,NA,wada_adrv_2021_sport_totals.csv,2021,WADA 2021 Anti-Doping Rule Violation (ADRV) Report,FALSE,FALSE
2021,Fencing,Fencing,1,TRUE,Fencing,ASOIF | IMPAIRED,ASOIF | IMPAIRED,1304,4,1,0,0,0,3,0,3,0.75,0.0022123893805309734,0.002742230347349177,0,0,3,0,NA,NA,NA,NA,NA,NA,NA,NA,NA,wada_adrv_2021_sport_totals.csv,2021,WADA 2021 Anti-Doping Rule Violation (ADRV) Report,FALSE,FALSE
2021,Functional Fitness,Functional Fitness,1,TRUE,Functional Fitness,ADO Specific-CS,ADO Specific-CS,21,2,1,0,0,0,1,2,3,0.5,0.0022123893805309734,9.140767824497258e-4,0.007633587786259542,0,1,0,NA,NA,NA,NA,NA,NA,NA,NA,NA,wada_adrv_2021_sport_totals.csv,2021,WADA 2021 Anti-Doping Rule Violation (ADRV) Report,FALSE,FALSE
2021,Kettlebell Lifting,Kettlebell Lifting,1,TRUE,Kettlebell Lifting,OTHER-CS,OTHER-CS,106,3,0,0,0,0,3,0,3,1,0.0022123893805309734,0.002742230347349177,0,0,3,0,NA,NA,NA,NA,NA,NA,NA,NA,NA,wada_adrv_2021_sport_totals.csv,2021,WADA 2021 Anti-Doping Rule Violation (ADRV) Report,FALSE,FALSE
2021,Wushu,Wushu,1,TRUE,Wushu,ARISF,ARISF,333,3,0,0,0,0,3,0,3,1,0.0022123893805309734,0.002742230347349177,0,0,3,0,NA,NA,NA,NA,NA,NA,NA,NA,NA,wada_adrv_2021_sport_totals.csv,2021,WADA 2021 Anti-Doping Rule Violation (ADRV) Report,FALSE,FALSE
2021,Automobile Sports,Automobile Sports,1,TRUE,Automobile Sports,ARISF,ARISF,264,4,2,0,0,0,2,0,2,0.5,0.0014749262536873156,0.0018281535648994515,0,0,2,0,NA,NA,NA,NA,NA,NA,NA,NA,NA,wada_adrv_2021_sport_totals.csv,2021,WADA 2021 Anti-Doping Rule Violation (ADRV) Report,FALSE,FALSE
2021,Baseball / Softball,Softball,1,TRUE,Softball,ARISF,ARISF,422,2,0,0,0,0,2,0,2,1,0.0014749262536873156,0.0018281535648994515,0,0,2,0,NA,NA,NA,NA,NA,NA,NA,NA,NA,wada_adrv_2021_sport_totals.csv,2021,WADA 2021 Anti-Doping Rule Violation (ADRV) Report,FALSE,FALSE
2021,Boules Sports,Boules Sports,1,TRUE,Boules Sports,ARISF,ARISF,35,2,0,0,0,0,2,0,2,1,0.0014749262536873156,0.0018281535648994515,0,0,2,0,NA,NA,NA,NA,NA,NA,NA,NA,NA,wada_adrv_2021_sport_totals.csv,2021,WADA 2021 Anti-Doping Rule Violation (ADRV) Report,FALSE,FALSE
2021,Cricket,Cricket,1,TRUE,Cricket,ARISF,ARISF,1123,3,1,0,0,0,2,0,2,0.6666666666666666,0.0014749262536873156,0.0018281535648994515,0,0,2,0,NA,NA,NA,NA,NA,NA,NA,NA,NA,wada_adrv_2021_sport_totals.csv,2021,WADA 2021 Anti-Doping Rule Violation (ADRV) Report,FALSE,FALSE
2021,Field Hockey,Field Hockey,1,TRUE,Field Hockey,ASOIF,ASOIF,1654,4,1,1,0,0,2,0,2,0.5,0.0014749262536873156,0.0018281535648994515,0,0,2,0,NA,NA,NA,NA,NA,NA,NA,NA,NA,wada_adrv_2021_sport_totals.csv,2021,WADA 2021 Anti-Doping Rule Violation (ADRV) Report,FALSE,FALSE
2021,Sport Climbing,Sport Climbing,1,TRUE,Sport Climbing,ARISF,ARISF,150,1,0,0,0,0,1,1,2,1,0.0014749262536873156,9.140767824497258e-4,0.003816793893129771,0,1,0,NA,NA,NA,NA,NA,NA,NA,NA,NA,wada_adrv_2021_sport_totals.csv,2021,WADA 2021 Anti-Doping Rule Violation (ADRV) Report,FALSE,FALSE
2021,Squash,Squash,1,TRUE,Squash,ARISF,ARISF,232,3,1,0,0,0,2,0,2,0.6666666666666666,0.0014749262536873156,0.0018281535648994515,0,0,2,0,NA,NA,NA,NA,NA,NA,NA,NA,NA,wada_adrv_2021_sport_totals.csv,2021,WADA 2021 Anti-Doping Rule Violation (ADRV) Report,FALSE,FALSE
2021,Surfing,Surfing,1,TRUE,Surfing,ARISF,ARISF,200,3,0,1,0,0,2,0,2,0.6666666666666666,0.0014749262536873156,0.0018281535648994515,0,0,2,0,NA,NA,NA,NA,NA,NA,NA,NA,NA,wada_adrv_2021_sport_totals.csv,2021,WADA 2021 Anti-Doping Rule Violation (ADRV) Report,FALSE,FALSE
2021,Underwater Sports,Underwater Sports,1,TRUE,Underwater Sports,ARISF,ARISF,172,2,0,0,0,0,2,0,2,1,0.0014749262536873156,0.0018281535648994515,0,0,2,0,NA,NA,NA,NA,NA,NA,NA,NA,NA,wada_adrv_2021_sport_totals.csv,2021,WADA 2021 Anti-Doping Rule Violation (ADRV) Report,FALSE,FALSE
2021,Water Skiing,Water Skiing,1,TRUE,Waterskiing,ARISF,ARISF,101,2,0,0,0,0,2,0,2,1,0.0014749262536873156,0.0018281535648994515,0,0,2,0,NA,NA,NA,NA,NA,NA,NA,NA,NA,wada_adrv_2021_sport_totals.csv,2021,WADA 2021 Anti-Doping Rule Violation (ADRV) Report,FALSE,FALSE
2021,Australian Rules Football,Australian Rules Football,1,TRUE,Australian Rules Football,OTHER-CS,OTHER-CS,273,4,0,3,0,0,1,0,1,0.25,7.374631268436578e-4,9.140767824497258e-4,0,0,1,0,NA,NA,NA,NA,NA,NA,NA,NA,NA,wada_adrv_2021_sport_totals.csv,2021,WADA 2021 Anti-Doping Rule Violation (ADRV) Report,FALSE,FALSE
2021,Badminton,Badminton,1,TRUE,Badminton,ASOIF | IMPAIRED,ASOIF | IMPAIRED,1921,4,1,2,0,0,1,0,1,0.25,7.374631268436578e-4,9.140767824497258e-4,0,0,1,0,NA,NA,NA,NA,NA,NA,NA,NA,NA,wada_adrv_2021_sport_totals.csv,2021,WADA 2021 Anti-Doping Rule Violation (ADRV) Report,FALSE,FALSE
2021,Billiards,Billiards,1,TRUE,Billiards Sports,ARISF,ARISF,53,2,1,0,0,0,1,0,1,0.5,7.374631268436578e-4,9.140767824497258e-4,0,0,1,0,NA,NA,NA,NA,NA,NA,NA,NA,NA,wada_adrv_2021_sport_totals.csv,2021,WADA 2021 Anti-Doping Rule Violation (ADRV) Report,FALSE,FALSE
2021,Bobsleigh,Bobsleigh,1,TRUE,NA,NA,NA,0,0,0,0,0,0,0,1,1,NA,7.374631268436578e-4,0,0.003816793893129771,0,0,0,NA,NA,NA,NA,NA,NA,NA,NA,NA,wada_adrv_2021_sport_totals.csv,2021,WADA 2021 Anti-Doping Rule Violation (ADRV) Report,FALSE,FALSE
2021,Brazilian Jiu-Jitsu,Brazilian Jiu-Jitsu,1,TRUE,Brazilian Jiu-Jitsu,ADO Specific-CS,ADO Specific-CS,23,1,0,0,0,0,1,0,1,1,7.374631268436578e-4,9.140767824497258e-4,0,0,1,0,NA,NA,NA,NA,NA,NA,NA,NA,NA,wada_adrv_2021_sport_totals.csv,2021,WADA 2021 Anti-Doping Rule Violation (ADRV) Report,FALSE,FALSE
2021,Cheer,Cheer,1,TRUE,Cheer,ARISF,ARISF,43,1,0,0,0,0,1,0,1,1,7.374631268436578e-4,9.140767824497258e-4,0,0,1,0,NA,NA,NA,NA,NA,NA,NA,NA,NA,wada_adrv_2021_sport_totals.csv,2021,WADA 2021 Anti-Doping Rule Violation (ADRV) Report,FALSE,FALSE
2021,DanceSport,DanceSport,1,TRUE,DanceSport,ARISF,ARISF,138,2,1,0,0,0,1,0,1,0.5,7.374631268436578e-4,9.140767824497258e-4,0,0,1,0,NA,NA,NA,NA,NA,NA,NA,NA,NA,wada_adrv_2021_sport_totals.csv,2021,WADA 2021 Anti-Doping Rule Violation (ADRV) Report,FALSE,FALSE
2021,Floorball,Floorball,1,TRUE,Floorball,ARISF,ARISF,385,3,2,0,0,0,1,0,1,0.3333333333333333,7.374631268436578e-4,9.140767824497258e-4,0,0,1,0,NA,NA,NA,NA,NA,NA,NA,NA,NA,wada_adrv_2021_sport_totals.csv,2021,WADA 2021 Anti-Doping Rule Violation (ADRV) Report,FALSE,FALSE
2021,Flying Disc,Flying Disc,1,TRUE,Flying Disc,ADO Specific-CS,ADO Specific-CS,4,1,0,0,0,0,1,0,1,1,7.374631268436578e-4,9.140767824497258e-4,0,0,1,0,NA,NA,NA,NA,NA,NA,NA,NA,NA,wada_adrv_2021_sport_totals.csv,2021,WADA 2021 Anti-Doping Rule Violation (ADRV) Report,FALSE,FALSE
2021,Goalball,Goalball,1,TRUE,Goalball,IMPAIRED,IMPAIRED,189,9,0,8,0,0,1,0,1,0.1111111111111111,7.374631268436578e-4,9.140767824497258e-4,0,0,1,0,NA,NA,NA,NA,NA,NA,NA,NA,NA,wada_adrv_2021_sport_totals.csv,2021,WADA 2021 Anti-Doping Rule Violation (ADRV) Report,FALSE,FALSE
2021,Golf,Golf,1,TRUE,Golf,ASOIF,ASOIF,571,7,5,0,1,0,1,0,1,0.14285714285714285,7.374631268436578e-4,9.140767824497258e-4,0,0,1,0,NA,NA,NA,NA,NA,NA,NA,NA,NA,wada_adrv_2021_sport_totals.csv,2021,WADA 2021 Anti-Doping Rule Violation (ADRV) Report,FALSE,FALSE
2021,Hornussen,Hornussen,1,FALSE,NA,NA,NA,0,0,0,0,0,0,0,1,1,NA,7.374631268436578e-4,0,0.003816793893129771,0,0,0,NA,NA,NA,NA,NA,NA,NA,NA,NA,wada_adrv_2021_sport_totals.csv,2021,WADA 2021 Anti-Doping Rule Violation (ADRV) Report,FALSE,FALSE
2021,Kabaddi,Kabaddi,1,TRUE,Kabaddi,ADO Specific-CS,ADO Specific-CS,25,1,0,0,0,0,1,0,1,1,7.374631268436578e-4,9.140767824497258e-4,0,0,1,0,NA,NA,NA,NA,NA,NA,NA,NA,NA,wada_adrv_2021_sport_totals.csv,2021,WADA 2021 Anti-Doping Rule Violation (ADRV) Report,FALSE,FALSE
2021,Life Saving,Life Saving,1,TRUE,Lifesaving,ARISF,ARISF,198,2,1,0,0,0,1,0,1,0.5,7.374631268436578e-4,9.140767824497258e-4,0,0,1,0,NA,NA,NA,NA,NA,NA,NA,NA,NA,wada_adrv_2021_sport_totals.csv,2021,WADA 2021 Anti-Doping Rule Violation (ADRV) Report,FALSE,FALSE
2021,Modern Pentathlon,Modern Pentathlon,1,TRUE,Modern Pentathlon,ASOIF,ASOIF,818,1,0,0,0,0,1,0,1,1,7.374631268436578e-4,9.140767824497258e-4,0,0,1,0,NA,NA,NA,NA,NA,NA,NA,NA,NA,wada_adrv_2021_sport_totals.csv,2021,WADA 2021 Anti-Doping Rule Violation (ADRV) Report,FALSE,FALSE
2021,Mountaineering and Climbing,Mountaineering and Climbing,1,TRUE,Mountaineering and Climbing,ARISF,ARISF,10,1,0,0,0,0,1,0,1,1,7.374631268436578e-4,9.140767824497258e-4,0,0,1,0,NA,NA,NA,NA,NA,NA,NA,NA,NA,wada_adrv_2021_sport_totals.csv,2021,WADA 2021 Anti-Doping Rule Violation (ADRV) Report,FALSE,FALSE
2021,Para-Ice Hockey,Para-Ice Hockey,1,TRUE,Para-Ice Hockey,IPC,IPC,236,1,0,0,0,0,1,0,1,1,7.374631268436578e-4,9.140767824497258e-4,0,0,1,0,NA,NA,NA,NA,NA,NA,NA,NA,NA,wada_adrv_2021_sport_totals.csv,2021,WADA 2021 Anti-Doping Rule Violation (ADRV) Report,FALSE,FALSE
2021,Powerboating,Powerboating,1,TRUE,Powerboating,ARISF,ARISF,30,1,0,0,0,0,1,0,1,1,7.374631268436578e-4,9.140767824497258e-4,0,0,1,0,NA,NA,NA,NA,NA,NA,NA,NA,NA,wada_adrv_2021_sport_totals.csv,2021,WADA 2021 Anti-Doping Rule Violation (ADRV) Report,FALSE,FALSE
2021,Sitting Volleyball,Sitting Volleyball,1,TRUE,ParaVolley,IMPAIRED,IMPAIRED,327,1,0,0,0,0,1,0,1,1,7.374631268436578e-4,9.140767824497258e-4,0,0,1,0,NA,NA,NA,NA,NA,NA,NA,NA,NA,wada_adrv_2021_sport_totals.csv,2021,WADA 2021 Anti-Doping Rule Violation (ADRV) Report,FALSE,FALSE
2021,Ski Mountaineering,Ski Mountaineering,1,TRUE,NA,NA,NA,0,0,0,0,0,0,0,1,1,NA,7.374631268436578e-4,0,0.003816793893129771,0,0,0,NA,NA,NA,NA,NA,NA,NA,NA,NA,wada_adrv_2021_sport_totals.csv,2021,WADA 2021 Anti-Doping Rule Violation (ADRV) Report,FALSE,FALSE
2021,Sumo,Sumo,1,TRUE,Sumo,ARISF,ARISF,61,1,0,0,0,0,1,0,1,1,7.374631268436578e-4,9.140767824497258e-4,0,0,1,0,NA,NA,NA,NA,NA,NA,NA,NA,NA,wada_adrv_2021_sport_totals.csv,2021,WADA 2021 Anti-Doping Rule Violation (ADRV) Report,FALSE,FALSE
2021,Bandy,Bandy,1,TRUE,Bandy,ARISF,ARISF,53,1,1,0,0,0,0,0,0,0,0,0,0,0,0,0,NA,NA,NA,NA,NA,NA,NA,NA,NA,wada_adrv_2021_sport_totals.csv,2021,WADA 2021 Anti-Doping Rule Violation (ADRV) Report,FALSE,FALSE
2021,Basque Pelota,Basque Pelota,1,TRUE,Basque Pelota,ARISF,ARISF,61,1,0,0,0,1,0,0,0,0,0,0,0,0,0,0,NA,NA,NA,NA,NA,NA,NA,NA,NA,wada_adrv_2021_sport_totals.csv,2021,WADA 2021 Anti-Doping Rule Violation (ADRV) Report,FALSE,FALSE
2021,Boccia,Boccia,1,TRUE,Boccia,IMPAIRED,IMPAIRED,140,3,3,0,0,0,0,0,0,0,0,0,0,0,0,0,NA,NA,NA,NA,NA,NA,NA,NA,NA,wada_adrv_2021_sport_totals.csv,2021,WADA 2021 Anti-Doping Rule Violation (ADRV) Report,FALSE,FALSE
2021,Football 5-a-Side,Blind Football,1,TRUE,Blind Football,IMPAIRED,IMPAIRED,153,2,0,2,0,0,0,0,0,0,0,0,0,0,0,0,NA,NA,NA,NA,NA,NA,NA,NA,NA,wada_adrv_2021_sport_totals.csv,2021,WADA 2021 Anti-Doping Rule Violation (ADRV) Report,FALSE,FALSE
2021,Gaelic Games,Gaelic Games,1,TRUE,Gaelic Games,OTHER,OTHER,76,1,1,0,0,0,0,0,0,0,0,0,0,0,0,0,NA,NA,NA,NA,NA,NA,NA,NA,NA,wada_adrv_2021_sport_totals.csv,2021,WADA 2021 Anti-Doping Rule Violation (ADRV) Report,FALSE,FALSE
2021,Orienteering,Orienteering,1,TRUE,Orienteering,ARISF,ARISF,32,1,1,0,0,0,0,0,0,0,0,0,0,0,0,0,NA,NA,NA,NA,NA,NA,NA,NA,NA,wada_adrv_2021_sport_totals.csv,2021,WADA 2021 Anti-Doping Rule Violation (ADRV) Report,FALSE,FALSE
2021,Para-Alpine Skiing,Para-Alpine Skiing,1,TRUE,Para-Alpine Skiing,IPC,IPC,236,1,0,1,0,0,0,0,0,0,0,0,0,0,0,0,NA,NA,NA,NA,NA,NA,NA,NA,NA,wada_adrv_2021_sport_totals.csv,2021,WADA 2021 Anti-Doping Rule Violation (ADRV) Report,FALSE,FALSE
2021,Para-Nordic Skiing,Para-Nordic Skiing,1,TRUE,Para-Nordic Skiing,IPC,IPC,300,1,0,1,0,0,0,0,0,0,0,0,0,0,0,0,NA,NA,NA,NA,NA,NA,NA,NA,NA,wada_adrv_2021_sport_totals.csv,2021,WADA 2021 Anti-Doping Rule Violation (ADRV) Report,FALSE,FALSE
2021,Para-Snowboard,Para-Snowboard,1,TRUE,Para-Snowboard,IPC,IPC,104,1,1,0,0,0,0,0,0,0,0,0,0,0,0,0,NA,NA,NA,NA,NA,NA,NA,NA,NA,wada_adrv_2021_sport_totals.csv,2021,WADA 2021 Anti-Doping Rule Violation (ADRV) Report,FALSE,FALSE
2021,Polo,Polo,1,TRUE,Polo,ARISF,ARISF,4,1,0,0,0,1,0,0,0,0,0,0,0,0,0,0,NA,NA,NA,NA,NA,NA,NA,NA,NA,wada_adrv_2021_sport_totals.csv,2021,WADA 2021 Anti-Doping Rule Violation (ADRV) Report,FALSE,FALSE
2021,Sailing,Sailing,1,TRUE,Sailing,ASOIF,ASOIF,1051,2,1,0,0,1,0,0,0,0,0,0,0,0,0,0,NA,NA,NA,NA,NA,NA,NA,NA,NA,wada_adrv_2021_sport_totals.csv,2021,WADA 2021 Anti-Doping Rule Violation (ADRV) Report,FALSE,FALSE
2021,Savate,Savate,1,TRUE,Savate,AIMS,AIMS,43,1,1,0,0,0,0,0,0,0,0,0,0,0,0,0,NA,NA,NA,NA,NA,NA,NA,NA,NA,wada_adrv_2021_sport_totals.csv,2021,WADA 2021 Anti-Doping Rule Violation (ADRV) Report,FALSE,FALSE
2021,Sport Fishing,Sport Fishing,1,TRUE,Sport Fishing,AIMS,AIMS,12,2,2,0,0,0,0,0,0,0,0,0,0,0,0,0,NA,NA,NA,NA,NA,NA,NA,NA,NA,wada_adrv_2021_sport_totals.csv,2021,WADA 2021 Anti-Doping Rule Violation (ADRV) Report,FALSE,FALSE
2021,Tug of War,Tug of War,1,TRUE,Tug of War,ARISF,ARISF,41,1,1,0,0,0,0,0,0,0,0,0,0,0,0,0,NA,NA,NA,NA,NA,NA,NA,NA,NA,wada_adrv_2021_sport_totals.csv,2021,WADA 2021 Anti-Doping Rule Violation (ADRV) Report,FALSE,FALSE
2022,Athletics,Athletics,1,TRUE,Athletics,ASOIF | IMPAIRED | OTHER-CSU,Table 2 - AAF Outcomes - ASOIF Sports/Disciplines | Table 7 - AAF Outcomes - Sports/Disciplines for Athletes with an Impairment | Table 9 - AAF Outcomes - Other Sports (University) - Code Signatories,33993,264,36,15,2,8,203,48,251,0.7689393939393939,0.15484268969771744,0.14752906976744187,0.19591836734693877,0,203,0,67,132,199,2,2,4,NA,NA,NA,wada_adrv_2022_sport_totals.csv,2022,2022_adrv_report.pdf,FALSE,FALSE
2022,Bodybuilding,Bodybuilding,1,TRUE,Bodybuilding,AIMS,Table 5 - AAF Outcomes - AIMS Sports/Disciplines,969,141,1,2,0,25,113,36,149,0.8014184397163121,0.0919185687847008,0.08212209302325581,0.1469387755102041,0,113,0,27,86,113,0,0,0,NA,NA,NA,wada_adrv_2022_sport_totals.csv,2022,2022_adrv_report.pdf,FALSE,FALSE
2022,Weightlifting,Weightlifting,1,TRUE,Weightlifting,ASOIF,Table 2 - AAF Outcomes - ASOIF Sports/Disciplines,12874,153,10,6,0,15,122,25,147,0.7973856209150327,0.09068476249228871,0.08866279069767442,0.10204081632653061,0,122,0,42,79,121,0,1,1,NA,NA,NA,wada_adrv_2022_sport_totals.csv,2022,2022_adrv_report.pdf,FALSE,FALSE
2022,Cycling,Cycling,1,TRUE,Cycling,ASOIF | IMPAIRED,Table 2 - AAF Outcomes - ASOIF Sports/Disciplines | Table 7 - AAF Outcomes - Sports/Disciplines for Athletes with an Impairment,23453,166,60,13,2,5,86,38,124,0.5180722891566265,0.07649599012954966,0.0625,0.15510204081632653,0,86,0,17,66,83,3,0,3,NA,NA,NA,wada_adrv_2022_sport_totals.csv,2022,2022_adrv_report.pdf,FALSE,FALSE
2022,Powerlifting,Powerlifting,1,TRUE,Powerlifting,AIMS,Table 5 - AAF Outcomes - AIMS Sports/Disciplines,3115,119,11,1,0,17,90,12,102,0.7563025210084033,0.06292412091301666,0.06540697674418605,0.04897959183673469,0,89,-1,14,75,89,0,0,0,NA,NA,NA,wada_adrv_2022_sport_totals.csv,2022,2022_adrv_report.pdf,FALSE,FALSE
2022,Wrestling,Wrestling,1,TRUE,Wrestling,ASOIF | IMPAIRED | OTHER-CSU,Table 2 - AAF Outcomes - ASOIF Sports/Disciplines | Table 7 - AAF Outcomes - Sports/Disciplines for Athletes with an Impairment | Table 9 - AAF Outcomes - Other Sports (University) - Code Signatories,6944,75,2,4,0,3,66,18,84,0.88,0.05181986428130783,0.04796511627906977,0.07346938775510205,0,66,0,17,48,65,1,0,1,NA,NA,NA,wada_adrv_2022_sport_totals.csv,2022,2022_adrv_report.pdf,FALSE,FALSE
2022,Football,Football,1,TRUE,Football,ADO Specific-CS | ASOIF,Table 10 - AAF Outcomes - ADO Specific - Code Signatories | Table 2 - AAF Outcomes - ASOIF Sports/Disciplines,33500,93,14,6,0,11,62,4,66,0.6666666666666666,0.040715607649599014,0.04505813953488372,0.0163265306122449,0,62,0,13,49,62,0,0,0,NA,NA,NA,wada_adrv_2022_sport_totals.csv,2022,2022_adrv_report.pdf,FALSE,FALSE
2022,Rugby Union,Rugby Union,1,TRUE,Rugby Union,ASOIF | IMPAIRED | OTHER-CSU,Table 2 - AAF Outcomes - ASOIF Sports/Disciplines | Table 7 - AAF Outcomes - Sports/Disciplines for Athletes with an Impairment | Table 9 - AAF Outcomes - Other Sports (University) - Code Signatories,8707,74,9,4,0,3,58,2,60,0.7837837837837838,0.03701418877236274,0.04215116279069767,0.00816326530612245,0,58,0,18,40,58,0,0,0,NA,NA,NA,wada_adrv_2022_sport_totals.csv,2022,2022_adrv_report.pdf,FALSE,FALSE
2022,Boxing,Boxing,1,TRUE,Boxing,ADO Specific-CS | ASOIF,Table 10 - AAF Outcomes - ADO Specific - Code Signatories | Table 2 - AAF Outcomes - ASOIF Sports/Disciplines,4794,52,4,0,1,2,45,3,48,0.8653846153846154,0.02961135101789019,0.032703488372093026,0.012244897959183673,0,45,0,15,30,45,0,0,0,NA,NA,NA,wada_adrv_2022_sport_totals.csv,2022,2022_adrv_report.pdf,FALSE,FALSE
2022,Aquatics,Aquatics,1,TRUE,Aquatics,ASOIF | IMPAIRED | OTHER-CSU,Table 2 - AAF Outcomes - ASOIF Sports/Disciplines | Table 7 - AAF Outcomes - Sports/Disciplines for Athletes with an Impairment | Table 9 - AAF Outcomes - Other Sports (University) - Code Signatories,15972,69,26,6,0,0,37,9,46,0.5362318840579711,0.0283775447254781,0.02688953488372093,0.036734693877551024,0,37,0,15,22,37,0,0,0,NA,NA,NA,wada_adrv_2022_sport_totals.csv,2022,2022_adrv_report.pdf,FALSE,FALSE
2022,Basketball,Basketball,1,TRUE,Basketball,ASOIF | IMPAIRED,Table 2 - AAF Outcomes - ASOIF Sports/Disciplines | Table 7 - AAF Outcomes - Sports/Disciplines for Athletes with an Impairment,6108,51,8,1,0,2,40,6,46,0.7843137254901961,0.0283775447254781,0.029069767441860465,0.024489795918367346,0,40,0,5,35,40,0,0,0,NA,NA,NA,wada_adrv_2022_sport_totals.csv,2022,2022_adrv_report.pdf,FALSE,FALSE
2022,Judo,Judo,1,TRUE,Judo,ASOIF | IMPAIRED,Table 2 - AAF Outcomes - ASOIF Sports/Disciplines | Table 7 - AAF Outcomes - Sports/Disciplines for Athletes with an Impairment,4512,43,7,6,0,1,29,1,30,0.6744186046511628,0.01850709438618137,0.021075581395348836,0.004081632653061225,0,29,0,13,16,29,0,0,0,NA,NA,NA,wada_adrv_2022_sport_totals.csv,2022,2022_adrv_report.pdf,FALSE,FALSE
2022,Arm Wrestling,Arm Wrestling,1,TRUE,Arm Wrestling,AIMS | IMPAIRED,Table 5 - AAF Outcomes - AIMS Sports/Disciplines | Table 7 - AAF Outcomes - Sports/Disciplines for Athletes with an Impairment,236,25,0,0,0,2,23,0,23,0.92,0.01418877236273905,0.016715116279069766,0,0,23,0,2,21,23,0,0,0,NA,NA,NA,wada_adrv_2022_sport_totals.csv,2022,2022_adrv_report.pdf,FALSE,FALSE
2022,Triathlon,Triathlon,1,TRUE,Triathlon,ASOIF | IMPAIRED | OTHER-CS,Table 2 - AAF Outcomes - ASOIF Sports/Disciplines | Table 7 - AAF Outcomes - Sports/Disciplines for Athletes with an Impairment | Table 8 - AAF Outcomes - Other Sports - Code Signatories,4708,36,16,1,0,1,18,5,23,0.5,0.01418877236273905,0.01308139534883721,0.02040816326530612,0,18,0,3,15,18,0,0,0,NA,NA,NA,wada_adrv_2022_sport_totals.csv,2022,2022_adrv_report.pdf,FALSE,FALSE
2022,Kickboxing,Kickboxing,1,TRUE,Kickboxing,ARISF,Table 4 - AAF Outcomes - ARISF Sports/Disciplines,555,27,5,1,0,0,21,1,22,0.7777777777777778,0.013571869216533004,0.015261627906976744,0.004081632653061225,0,21,0,1,20,21,0,0,0,NA,NA,NA,wada_adrv_2022_sport_totals.csv,2022,2022_adrv_report.pdf,FALSE,FALSE
2022,Canoe / Kayak,Canoe / Kayak,1,TRUE,Canoe,ASOIF | IMPAIRED,Table 2 - AAF Outcomes - ASOIF Sports/Disciplines | Table 7 - AAF Outcomes - Sports/Disciplines for Athletes with an Impairment,3830,25,7,2,0,1,15,5,20,0.6,0.012338062924120914,0.010901162790697675,0.02040816326530612,0,15,0,3,12,15,0,0,0,NA,NA,NA,wada_adrv_2022_sport_totals.csv,2022,2022_adrv_report.pdf,FALSE,FALSE
2022,American Football,American Football,1,TRUE,American Football,ARISF | OTHER-CSU,Table 4 - AAF Outcomes - ARISF Sports/Disciplines | Table 9 - AAF Outcomes - Other Sports (University) - Code Signatories,1067,26,1,6,0,0,19,0,19,0.7307692307692307,0.011721159777914868,0.013808139534883721,0,0,18,-1,5,13,18,0,0,0,NA,NA,NA,wada_adrv_2022_sport_totals.csv,2022,2022_adrv_report.pdf,FALSE,FALSE
2022,Tennis,Tennis,1,TRUE,Tennis,ASOIF | IMPAIRED,Table 2 - AAF Outcomes - ASOIF Sports/Disciplines | Table 7 - AAF Outcomes - Sports/Disciplines for Athletes with an Impairment,7449,30,10,0,0,5,15,4,19,0.5,0.011721159777914868,0.010901162790697675,0.0163265306122449,0,15,0,1,14,15,0,0,0,NA,NA,NA,wada_adrv_2022_sport_totals.csv,2022,2022_adrv_report.pdf,FALSE,FALSE
2022,Para-Powerlifting,Para-Powerlifting,1,TRUE,Para-Powerlifting,IPC,Table 6 - AAF Outcomes - IPC Sports/Disciplines,1164,24,5,0,0,1,18,0,18,0.75,0.011104256631708822,0.01308139534883721,0,0,18,0,5,13,18,0,0,0,NA,NA,NA,wada_adrv_2022_sport_totals.csv,2022,2022_adrv_report.pdf,FALSE,FALSE
2022,Rugby League,Rugby League,1,TRUE,Rugby League,OTHER-CS,Table 8 - AAF Outcomes - Other Sports - Code Signatories,1959,20,3,0,0,0,17,1,18,0.85,0.011104256631708822,0.012354651162790697,0.004081632653061225,0,17,0,11,6,17,0,0,0,NA,NA,NA,wada_adrv_2022_sport_totals.csv,2022,2022_adrv_report.pdf,FALSE,FALSE
2022,Mixed Martial Arts,Mixed Martial Arts,1,TRUE,Mixed Martial Arts,OTHER-CS,Table 8 - AAF Outcomes - Other Sports - Code Signatories,358,19,0,0,0,3,16,0,16,0.8421052631578947,0.00987045033929673,0.011627906976744186,0,0,16,0,0,16,16,0,0,0,NA,NA,NA,wada_adrv_2022_sport_totals.csv,2022,2022_adrv_report.pdf,FALSE,FALSE
2022,Taekwondo,Taekwondo,1,TRUE,Taekwondo,ASOIF | IMPAIRED | OTHER-CS,Table 2 - AAF Outcomes - ASOIF Sports/Disciplines | Table 7 - AAF Outcomes - Sports/Disciplines for Athletes with an Impairment | Table 8 - AAF Outcomes - Other Sports - Code Signatories,2480,19,0,2,0,2,15,0,15,0.7894736842105263,0.009253547193090685,0.010901162790697675,0,0,15,0,6,9,15,0,0,0,NA,NA,NA,wada_adrv_2022_sport_totals.csv,2022,2022_adrv_report.pdf,FALSE,FALSE
2022,Handball,Handball,1,TRUE,Handball,ASOIF,Table 2 - AAF Outcomes - ASOIF Sports/Disciplines,4418,17,1,1,0,1,14,0,14,0.8235294117647058,0.00863664404688464,0.010174418604651164,0,0,14,0,3,11,14,0,0,0,NA,NA,NA,wada_adrv_2022_sport_totals.csv,2022,2022_adrv_report.pdf,FALSE,FALSE
2022,Rowing,Rowing,1,TRUE,Rowing,ASOIF | IMPAIRED,Table 2 - AAF Outcomes - ASOIF Sports/Disciplines | Table 7 - AAF Outcomes - Sports/Disciplines for Athletes with an Impairment,5228,18,4,1,0,1,12,2,14,0.6666666666666666,0.00863664404688464,0.00872093023255814,0.00816326530612245,0,12,0,3,9,12,0,0,0,NA,NA,NA,wada_adrv_2022_sport_totals.csv,2022,2022_adrv_report.pdf,FALSE,FALSE
2022,Sambo,Sambo,1,TRUE,Sambo,ARISF,Table 4 - AAF Outcomes - ARISF Sports/Disciplines,488,11,0,0,0,0,11,1,12,1,0.007402837754472548,0.007994186046511628,0.004081632653061225,0,11,0,1,10,11,0,0,0,NA,NA,NA,wada_adrv_2022_sport_totals.csv,2022,2022_adrv_report.pdf,FALSE,FALSE
2022,Baseball,Baseball,1,TRUE,Baseball,ARISF,Table 4 - AAF Outcomes - ARISF Sports/Disciplines,859,18,3,0,0,4,11,0,11,0.6111111111111112,0.006785934608266502,0.007994186046511628,0,0,11,0,3,8,11,0,0,0,NA,NA,NA,wada_adrv_2022_sport_totals.csv,2022,2022_adrv_report.pdf,FALSE,FALSE
2022,Para-Athletics,Para-Athletics,1,TRUE,Para-Athletics,IPC,Table 6 - AAF Outcomes - IPC Sports/Disciplines,2530,27,5,12,0,0,10,1,11,0.37037037037037035,0.006785934608266502,0.007267441860465116,0.004081632653061225,0,10,0,3,7,10,0,0,0,NA,NA,NA,wada_adrv_2022_sport_totals.csv,2022,2022_adrv_report.pdf,FALSE,FALSE
2022,Skiing,Skiing,1,TRUE,Skiing,WOF,Table 3 - AAF Outcomes - WOF Sports/Disciplines,6193,10,2,0,0,1,7,4,11,0.7,0.006785934608266502,0.005087209302325582,0.0163265306122449,0,7,0,2,5,7,0,0,0,NA,NA,NA,wada_adrv_2022_sport_totals.csv,2022,2022_adrv_report.pdf,FALSE,FALSE
2022,Volleyball,Volleyball,1,TRUE,Volleyball,ASOIF,Table 2 - AAF Outcomes - ASOIF Sports/Disciplines,4045,14,4,0,0,0,10,1,11,0.7142857142857143,0.006785934608266502,0.007267441860465116,0.004081632653061225,0,10,0,1,9,10,0,0,0,NA,NA,NA,wada_adrv_2022_sport_totals.csv,2022,2022_adrv_report.pdf,FALSE,FALSE
2022,Ice Hockey,Ice Hockey,1,TRUE,Ice Hockey,OTHER-CSU | WOF,Table 3 - AAF Outcomes - WOF Sports/Disciplines | Table 9 - AAF Outcomes - Other Sports (University) - Code Signatories,3858,17,6,2,0,0,9,1,10,0.5294117647058824,0.006169031462060457,0.006540697674418605,0.004081632653061225,0,9,0,4,5,9,0,0,0,NA,NA,NA,wada_adrv_2022_sport_totals.csv,2022,2022_adrv_report.pdf,FALSE,FALSE
2022,Fencing,Fencing,1,TRUE,Fencing,ASOIF,Table 2 - AAF Outcomes - ASOIF Sports/Disciplines,1809,11,1,0,0,1,9,0,9,0.8181818181818182,0.005552128315854411,0.006540697674418605,0,0,9,0,5,4,9,0,0,0,NA,NA,NA,wada_adrv_2022_sport_totals.csv,2022,2022_adrv_report.pdf,FALSE,FALSE
2022,Equestrian,Equestrian,1,TRUE,Equestrian,ASOIF | IMPAIRED,Table 2 - AAF Outcomes - ASOIF Sports/Disciplines | Table 7 - AAF Outcomes - Sports/Disciplines for Athletes with an Impairment,944,14,3,1,0,3,7,1,8,0.5,0.004935225169648365,0.005087209302325582,0.004081632653061225,0,7,0,1,6,7,0,0,0,NA,NA,NA,wada_adrv_2022_sport_totals.csv,2022,2022_adrv_report.pdf,FALSE,FALSE
2022,Field Hockey,Field Hockey,1,TRUE,Field Hockey,ASOIF | IMPAIRED,Table 2 - AAF Outcomes - ASOIF Sports/Disciplines | Table 7 - AAF Outcomes - Sports/Disciplines for Athletes with an Impairment,1554,12,3,0,0,1,8,0,8,0.6666666666666666,0.004935225169648365,0.005813953488372093,0,0,8,0,1,7,8,0,0,0,NA,NA,NA,wada_adrv_2022_sport_totals.csv,2022,2022_adrv_report.pdf,FALSE,FALSE
2022,Bobsleigh,Bobsleigh,1,TRUE,Bobsleigh,WOF,Table 3 - AAF Outcomes - WOF Sports/Disciplines,1845,8,2,1,0,1,4,3,7,0.5,0.00431832202344232,0.0029069767441860465,0.012244897959183673,0,4,0,2,2,4,0,0,0,NA,NA,NA,wada_adrv_2022_sport_totals.csv,2022,2022_adrv_report.pdf,FALSE,FALSE
2022,Karate,Karate,1,TRUE,Karate,ARISF | OTHER-CS,Table 4 - AAF Outcomes - ARISF Sports/Disciplines | Table 8 - AAF Outcomes - Other Sports - Code Signatories,1408,9,1,0,0,1,7,0,7,0.7777777777777778,0.00431832202344232,0.005087209302325582,0,0,7,0,0,7,7,0,0,0,NA,NA,NA,wada_adrv_2022_sport_totals.csv,2022,2022_adrv_report.pdf,FALSE,FALSE
2022,Muaythai,Muaythai,1,TRUE,Muaythai,ARISF,Table 4 - AAF Outcomes - ARISF Sports/Disciplines,357,9,2,0,0,0,7,0,7,0.7777777777777778,0.00431832202344232,0.005087209302325582,0,0,7,0,1,6,7,0,0,0,NA,NA,NA,wada_adrv_2022_sport_totals.csv,2022,2022_adrv_report.pdf,FALSE,FALSE
2022,Archery,Archery,1,TRUE,Archery,ASOIF | IMPAIRED,Table 2 - AAF Outcomes - ASOIF Sports/Disciplines | Table 7 - AAF Outcomes - Sports/Disciplines for Athletes with an Impairment,894,11,4,2,0,2,3,2,5,0.2727272727272727,0.0030845157310302285,0.002180232558139535,0.00816326530612245,0,3,0,0,3,3,0,0,0,NA,NA,NA,wada_adrv_2022_sport_totals.csv,2022,2022_adrv_report.pdf,FALSE,FALSE
2022,Gymnastics,Gymnastics,1,TRUE,Gymnastics,ASOIF,Table 2 - AAF Outcomes - ASOIF Sports/Disciplines,3311,8,3,0,0,0,5,0,5,0.625,0.0030845157310302285,0.003633720930232558,0,0,5,0,1,4,5,0,0,0,NA,NA,NA,wada_adrv_2022_sport_totals.csv,2022,2022_adrv_report.pdf,FALSE,FALSE
2022,Kabaddi,Kabaddi,1,TRUE,Kabaddi,ADO Specific-CS,Table 10 - AAF Outcomes - ADO Specific - Code Signatories,131,4,0,0,0,0,4,1,5,1,0.0030845157310302285,0.0029069767441860465,0.004081632653061225,0,4,0,0,4,4,0,0,0,NA,NA,NA,wada_adrv_2022_sport_totals.csv,2022,2022_adrv_report.pdf,FALSE,FALSE
2022,Kettlebell Lifting,Kettlebell Lifting,1,TRUE,Kettlebell Lifting,OTHER-CS,Table 8 - AAF Outcomes - Other Sports - Code Signatories,79,4,0,0,0,0,4,1,5,1,0.0030845157310302285,0.0029069767441860465,0.004081632653061225,0,4,0,0,4,4,0,0,0,NA,NA,NA,wada_adrv_2022_sport_totals.csv,2022,2022_adrv_report.pdf,FALSE,FALSE
2022,Kurash,Kurash,1,TRUE,Kurash,OTHER-CS,Table 8 - AAF Outcomes - Other Sports - Code Signatories,63,5,0,0,0,0,5,0,5,1,0.0030845157310302285,0.003633720930232558,0,0,5,0,3,2,5,0,0,0,NA,NA,NA,wada_adrv_2022_sport_totals.csv,2022,2022_adrv_report.pdf,FALSE,FALSE
2022,Para-Swimming,Para-Swimming,1,TRUE,Para-Swimming,IPC,Table 6 - AAF Outcomes - IPC Sports/Disciplines,1511,12,4,3,0,0,5,0,5,0.4166666666666667,0.0030845157310302285,0.003633720930232558,0,0,5,0,2,3,5,0,0,0,NA,NA,NA,wada_adrv_2022_sport_totals.csv,2022,2022_adrv_report.pdf,FALSE,FALSE
2022,School Sports,School Sports,1,TRUE,School Sports,OTHER-CS,Table 8 - AAF Outcomes - Other Sports - Code Signatories,79,4,0,0,0,0,4,1,5,1,0.0030845157310302285,0.0029069767441860465,0.004081632653061225,0,4,0,1,3,4,0,0,0,NA,NA,NA,wada_adrv_2022_sport_totals.csv,2022,2022_adrv_report.pdf,FALSE,FALSE
2022,Shooting,Shooting,1,TRUE,Shooting,ASOIF,Table 2 - AAF Outcomes - ASOIF Sports/Disciplines,1620,5,1,0,0,0,4,1,5,0.8,0.0030845157310302285,0.0029069767441860465,0.004081632653061225,0,4,0,0,4,4,0,0,0,NA,NA,NA,wada_adrv_2022_sport_totals.csv,2022,2022_adrv_report.pdf,FALSE,FALSE
2022,Skating,Skating,1,TRUE,Skating,WOF,Table 3 - AAF Outcomes - WOF Sports/Disciplines,2073,6,2,0,0,0,4,1,5,0.6666666666666666,0.0030845157310302285,0.0029069767441860465,0.004081632653061225,0,4,0,0,4,4,0,0,0,NA,NA,NA,wada_adrv_2022_sport_totals.csv,2022,2022_adrv_report.pdf,FALSE,FALSE
2022,Baseball / Softball,Softball,1,TRUE,Softball,ARISF,Table 4 - AAF Outcomes - ARISF Sports/Disciplines,369,7,1,0,0,3,3,1,4,0.42857142857142855,0.0024676125848241827,0.002180232558139535,0.004081632653061225,0,3,0,1,2,3,0,0,0,NA,NA,NA,wada_adrv_2022_sport_totals.csv,2022,2022_adrv_report.pdf,FALSE,FALSE
2022,Football 7-a-Side,Football 7-a-Side,1,TRUE,Football 7-a-Side,IMPAIRED,Table 7 - AAF Outcomes - Sports/Disciplines for Athletes with an Impairment,78,4,0,0,0,0,4,0,4,1,0.0024676125848241827,0.0029069767441860465,0,0,4,0,0,4,4,0,0,0,NA,NA,NA,wada_adrv_2022_sport_totals.csv,2022,2022_adrv_report.pdf,FALSE,FALSE
2022,Motorcycling,Motorcycling,1,TRUE,Motorcycle Racing,ARISF,Table 4 - AAF Outcomes - ARISF Sports/Disciplines,186,8,4,0,0,0,4,0,4,0.5,0.0024676125848241827,0.0029069767441860465,0,0,4,0,0,4,4,0,0,0,NA,NA,NA,wada_adrv_2022_sport_totals.csv,2022,2022_adrv_report.pdf,FALSE,FALSE
2022,Shooting Para Sport,Shooting Para Sport,1,TRUE,Shooting Para Sport,IPC,Table 6 - AAF Outcomes - IPC Sports/Disciplines,298,8,4,0,0,0,4,0,4,0.5,0.0024676125848241827,0.0029069767441860465,0,0,4,0,1,3,4,0,0,0,NA,NA,NA,wada_adrv_2022_sport_totals.csv,2022,2022_adrv_report.pdf,FALSE,FALSE
2022,Bandy,Bandy,1,TRUE,Bandy,ARISF,Table 4 - AAF Outcomes - ARISF Sports/Disciplines,136,3,0,0,0,0,3,0,3,1,0.001850709438618137,0.002180232558139535,0,0,3,0,0,3,3,0,0,0,NA,NA,NA,wada_adrv_2022_sport_totals.csv,2022,2022_adrv_report.pdf,FALSE,FALSE
2022,Biathlon,Biathlon,1,TRUE,Biathlon,WOF,Table 3 - AAF Outcomes - WOF Sports/Disciplines,2814,1,0,0,0,0,1,2,3,1,0.001850709438618137,7.267441860465116e-4,0.00816326530612245,0,1,0,0,1,1,0,0,0,NA,NA,NA,wada_adrv_2022_sport_totals.csv,2022,2022_adrv_report.pdf,FALSE,FALSE
2022,Cheer,Cheer,1,TRUE,Cheer,ARISF,Table 4 - AAF Outcomes - ARISF Sports/Disciplines,93,3,0,0,0,1,2,1,3,0.6666666666666666,0.001850709438618137,0.0014534883720930232,0.004081632653061225,0,2,0,0,2,2,0,0,0,NA,NA,NA,wada_adrv_2022_sport_totals.csv,2022,2022_adrv_report.pdf,FALSE,FALSE
2022,Cricket,Cricket,1,TRUE,Cricket,ARISF,Table 4 - AAF Outcomes - ARISF Sports/Disciplines,1389,3,0,0,0,0,3,0,3,1,0.001850709438618137,0.002180232558139535,0,0,3,0,3,0,3,0,0,0,NA,NA,NA,wada_adrv_2022_sport_totals.csv,2022,2022_adrv_report.pdf,FALSE,FALSE
2022,Floorball,Floorball,1,TRUE,Floorball,ARISF,Table 4 - AAF Outcomes - ARISF Sports/Disciplines,414,3,0,0,0,0,3,0,3,1,0.001850709438618137,0.002180232558139535,0,0,3,0,0,3,3,0,0,0,NA,NA,NA,wada_adrv_2022_sport_totals.csv,2022,2022_adrv_report.pdf,FALSE,FALSE
2022,Lacrosse,Lacrosse,1,TRUE,Lacrosse,ARISF,Table 4 - AAF Outcomes - ARISF Sports/Disciplines,147,6,3,0,0,0,3,0,3,0.5,0.001850709438618137,0.002180232558139535,0,0,3,0,0,3,3,0,0,0,NA,NA,NA,wada_adrv_2022_sport_totals.csv,2022,2022_adrv_report.pdf,FALSE,FALSE
2022,Roller Sports,Roller Sports,1,TRUE,Roller Sports,ARISF,Table 4 - AAF Outcomes - ARISF Sports/Disciplines,659,5,1,0,0,1,3,0,3,0.6,0.001850709438618137,0.002180232558139535,0,0,3,0,0,3,3,0,0,0,NA,NA,NA,wada_adrv_2022_sport_totals.csv,2022,2022_adrv_report.pdf,FALSE,FALSE
2022,Sailing,Sailing,1,TRUE,Sailing,ASOIF | IMPAIRED,Table 2 - AAF Outcomes - ASOIF Sports/Disciplines | Table 7 - AAF Outcomes - Sports/Disciplines for Athletes with an Impairment,653,4,1,0,0,0,3,0,3,0.75,0.001850709438618137,0.002180232558139535,0,0,3,0,3,0,3,0,0,0,NA,NA,NA,wada_adrv_2022_sport_totals.csv,2022,2022_adrv_report.pdf,FALSE,FALSE
2022,Savate,Savate,1,TRUE,Savate,AIMS,Table 5 - AAF Outcomes - AIMS Sports/Disciplines,58,3,0,0,0,0,3,0,3,1,0.001850709438618137,0.002180232558139535,0,0,3,0,0,3,3,0,0,0,NA,NA,NA,wada_adrv_2022_sport_totals.csv,2022,2022_adrv_report.pdf,FALSE,FALSE
2022,Underwater Sports,Underwater Sports,1,TRUE,Underwater Sports,ARISF,Table 4 - AAF Outcomes - ARISF Sports/Disciplines,289,3,0,0,0,0,3,0,3,1,0.001850709438618137,0.002180232558139535,0,0,3,0,0,3,3,0,0,0,NA,NA,NA,wada_adrv_2022_sport_totals.csv,2022,2022_adrv_report.pdf,FALSE,FALSE
2022,Basque Pelota,Basque Pelota,1,TRUE,Basque Pelota,ARISF,Table 4 - AAF Outcomes - ARISF Sports/Disciplines,121,2,0,0,0,0,2,0,2,1,0.0012338062924120913,0.0014534883720930232,0,0,2,0,0,2,2,0,0,0,NA,NA,NA,wada_adrv_2022_sport_totals.csv,2022,2022_adrv_report.pdf,FALSE,FALSE
2022,Billiards,Billiards,1,TRUE,Billiards Sports,ARISF,Table 4 - AAF Outcomes - ARISF Sports/Disciplines,125,4,2,0,0,0,2,0,2,0.5,0.0012338062924120913,0.0014534883720930232,0,0,2,0,0,2,2,0,0,0,NA,NA,NA,wada_adrv_2022_sport_totals.csv,2022,2022_adrv_report.pdf,FALSE,FALSE
2022,Bowls,Bowls,1,TRUE,Bowls,OTHER-CS,Table 8 - AAF Outcomes - Other Sports - Code Signatories,56,2,0,0,0,0,2,0,2,1,0.0012338062924120913,0.0014534883720930232,0,0,2,0,0,2,2,0,0,0,NA,NA,NA,wada_adrv_2022_sport_totals.csv,2022,2022_adrv_report.pdf,FALSE,FALSE
2022,Brazilian Jiu-Jitsu,Brazilian Jiu-Jitsu,1,TRUE,Brazilian Jiu-Jitsu,ADO Specific-CS,Table 10 - AAF Outcomes - ADO Specific - Code Signatories,36,3,1,0,0,0,2,0,2,0.6666666666666666,0.0012338062924120913,0.0014534883720930232,0,0,2,0,0,2,2,0,0,0,NA,NA,NA,wada_adrv_2022_sport_totals.csv,2022,2022_adrv_report.pdf,FALSE,FALSE
2022,Bridge,Bridge,1,TRUE,Bridge,ARISF,Table 4 - AAF Outcomes - ARISF Sports/Disciplines,51,5,3,0,0,0,2,0,2,0.4,0.0012338062924120913,0.0014534883720930232,0,0,2,0,2,0,2,0,0,0,NA,NA,NA,wada_adrv_2022_sport_totals.csv,2022,2022_adrv_report.pdf,FALSE,FALSE
2022,Life Saving,Life Saving,1,TRUE,Lifesaving,ARISF,Table 4 - AAF Outcomes - ARISF Sports/Disciplines,260,2,0,0,0,0,2,0,2,1,0.0012338062924120913,0.0014534883720930232,0,0,2,0,1,1,2,0,0,0,NA,NA,NA,wada_adrv_2022_sport_totals.csv,2022,2022_adrv_report.pdf,FALSE,FALSE
2022,Polo,Polo,1,TRUE,Polo,ARISF,Table 4 - AAF Outcomes - ARISF Sports/Disciplines,19,2,0,0,0,0,2,0,2,1,0.0012338062924120913,0.0014534883720930232,0,0,2,0,1,1,2,0,0,0,NA,NA,NA,wada_adrv_2022_sport_totals.csv,2022,2022_adrv_report.pdf,FALSE,FALSE
2022,Sitting Volleyball,Sitting Volleyball,1,TRUE,ParaVolley,IMPAIRED,Table 7 - AAF Outcomes - Sports/Disciplines for Athletes with an Impairment,142,2,0,0,0,1,1,1,2,0.5,0.0012338062924120913,7.267441860465116e-4,0.004081632653061225,0,1,0,1,0,1,0,0,0,NA,NA,NA,wada_adrv_2022_sport_totals.csv,2022,2022_adrv_report.pdf,FALSE,FALSE
2022,Squash,Squash,1,TRUE,Squash,ARISF,Table 4 - AAF Outcomes - ARISF Sports/Disciplines,423,3,1,0,0,0,2,0,2,0.6666666666666666,0.0012338062924120913,0.0014534883720930232,0,0,2,0,0,2,2,0,0,0,NA,NA,NA,wada_adrv_2022_sport_totals.csv,2022,2022_adrv_report.pdf,FALSE,FALSE
2022,Sumo,Sumo,1,TRUE,Sumo,ARISF,Table 4 - AAF Outcomes - ARISF Sports/Disciplines,55,2,0,0,0,0,2,0,2,1,0.0012338062924120913,0.0014534883720930232,0,0,2,0,1,1,2,0,0,0,NA,NA,NA,wada_adrv_2022_sport_totals.csv,2022,2022_adrv_report.pdf,FALSE,FALSE
2022,Water Skiing,Water Skiing,1,TRUE,Waterskiing,ARISF,Table 4 - AAF Outcomes - ARISF Sports/Disciplines,91,2,0,0,0,0,2,0,2,1,0.0012338062924120913,0.0014534883720930232,0,0,2,0,0,2,2,0,0,0,NA,NA,NA,wada_adrv_2022_sport_totals.csv,2022,2022_adrv_report.pdf,FALSE,FALSE
2022,Automobile Sports,Automobile Sports,1,TRUE,Automobile Sports,ARISF,Table 4 - AAF Outcomes - ARISF Sports/Disciplines,314,6,4,1,0,0,1,0,1,0.16666666666666666,6.169031462060457e-4,7.267441860465116e-4,0,0,1,0,0,1,1,0,0,0,NA,NA,NA,wada_adrv_2022_sport_totals.csv,2022,2022_adrv_report.pdf,FALSE,FALSE
2022,Badminton,Badminton,1,TRUE,Badminton,ASOIF | IMPAIRED,Table 2 - AAF Outcomes - ASOIF Sports/Disciplines | Table 7 - AAF Outcomes - Sports/Disciplines for Athletes with an Impairment,2075,9,6,2,0,0,1,0,1,0.1111111111111111,6.169031462060457e-4,7.267441860465116e-4,0,0,1,0,0,1,1,0,0,0,NA,NA,NA,wada_adrv_2022_sport_totals.csv,2022,2022_adrv_report.pdf,FALSE,FALSE
2022,Boccia,Boccia,1,TRUE,Boccia,IMPAIRED,Table 7 - AAF Outcomes - Sports/Disciplines for Athletes with an Impairment,123,2,1,0,0,0,1,0,1,0.5,6.169031462060457e-4,7.267441860465116e-4,0,0,1,0,1,0,1,0,0,0,NA,NA,NA,wada_adrv_2022_sport_totals.csv,2022,2022_adrv_report.pdf,FALSE,FALSE
2022,Boules Sports,Boules Sports,1,TRUE,Boules Sports,ARISF,Table 4 - AAF Outcomes - ARISF Sports/Disciplines,58,3,0,0,0,2,1,0,1,0.3333333333333333,6.169031462060457e-4,7.267441860465116e-4,0,0,1,0,0,1,1,0,0,0,NA,NA,NA,wada_adrv_2022_sport_totals.csv,2022,2022_adrv_report.pdf,FALSE,FALSE
2022,Bowling,Bowling,1,TRUE,Bowling,ARISF,Table 4 - AAF Outcomes - ARISF Sports/Disciplines,92,1,0,0,0,0,1,0,1,1,6.169031462060457e-4,7.267441860465116e-4,0,0,1,0,0,1,1,0,0,0,NA,NA,NA,wada_adrv_2022_sport_totals.csv,2022,2022_adrv_report.pdf,FALSE,FALSE
2022,CrossFit,CrossFit,1,TRUE,CrossFit,ADO Specific-CS,Table 10 - AAF Outcomes - ADO Specific - Code Signatories,17,1,0,0,0,0,1,0,1,1,6.169031462060457e-4,7.267441860465116e-4,0,0,1,0,0,1,1,0,0,0,NA,NA,NA,wada_adrv_2022_sport_totals.csv,2022,2022_adrv_report.pdf,FALSE,FALSE
2022,Curling,Curling,1,TRUE,Curling,IMPAIRED | WOF,Table 3 - AAF Outcomes - WOF Sports/Disciplines | Table 7 - AAF Outcomes - Sports/Disciplines for Athletes with an Impairment,590,9,2,6,0,0,1,0,1,0.1111111111111111,6.169031462060457e-4,7.267441860465116e-4,0,0,1,0,1,0,1,0,0,0,NA,NA,NA,wada_adrv_2022_sport_totals.csv,2022,2022_adrv_report.pdf,FALSE,FALSE
2022,Electronic Sports,Electronic Sports,1,TRUE,Electronic Sports,OTHER-CS,Table 8 - AAF Outcomes - Other Sports - Code Signatories,25,1,0,0,0,0,1,0,1,1,6.169031462060457e-4,7.267441860465116e-4,0,0,1,0,0,1,1,0,0,0,NA,NA,NA,wada_adrv_2022_sport_totals.csv,2022,2022_adrv_report.pdf,FALSE,FALSE
2022,Football - IBSA Football,Blind Football,1,TRUE,Blind Football,IMPAIRED,Table 7 - AAF Outcomes - Sports/Disciplines for Athletes with an Impairment,107,4,0,3,0,0,1,0,1,0.25,6.169031462060457e-4,7.267441860465116e-4,0,0,1,0,1,0,1,0,0,0,NA,NA,NA,wada_adrv_2022_sport_totals.csv,2022,2022_adrv_report.pdf,FALSE,FALSE
2022,Functional Fitness,Functional Fitness,1,TRUE,NA,NA,NA,0,0,0,0,0,0,0,1,1,NA,6.169031462060457e-4,0,0.004081632653061225,0,0,0,NA,NA,NA,NA,NA,NA,NA,NA,NA,wada_adrv_2022_sport_totals.csv,2022,2022_adrv_report.pdf,FALSE,FALSE
2022,Golf,Golf,1,TRUE,Golf,ASOIF,Table 2 - AAF Outcomes - ASOIF Sports/Disciplines,372,4,3,0,0,0,1,0,1,0.25,6.169031462060457e-4,7.267441860465116e-4,0,0,1,0,0,1,1,0,0,0,NA,NA,NA,wada_adrv_2022_sport_totals.csv,2022,2022_adrv_report.pdf,FALSE,FALSE
2022,Jiu-Jitsu,Jiu-Jitsu,1,TRUE,Ju-Jitsu,AIMS,Table 5 - AAF Outcomes - AIMS Sports/Disciplines,432,3,0,0,0,2,1,0,1,0.3333333333333333,6.169031462060457e-4,7.267441860465116e-4,0,0,1,0,0,1,1,0,0,0,NA,NA,NA,wada_adrv_2022_sport_totals.csv,2022,2022_adrv_report.pdf,FALSE,FALSE
2022,Orienteering,Orienteering,1,TRUE,Orienteering,ARISF,Table 4 - AAF Outcomes - ARISF Sports/Disciplines,133,3,2,0,0,0,1,0,1,0.3333333333333333,6.169031462060457e-4,7.267441860465116e-4,0,0,1,0,0,1,1,0,0,0,NA,NA,NA,wada_adrv_2022_sport_totals.csv,2022,2022_adrv_report.pdf,FALSE,FALSE
2022,Para-Nordic Skiing,Para-Nordic Skiing,1,TRUE,Para-Nordic Skiing,IPC,Table 6 - AAF Outcomes - IPC Sports/Disciplines,651,6,0,5,0,0,1,0,1,0.16666666666666666,6.169031462060457e-4,7.267441860465116e-4,0,0,1,0,0,1,1,0,0,0,NA,NA,NA,wada_adrv_2022_sport_totals.csv,2022,2022_adrv_report.pdf,FALSE,FALSE
2022,Para-Snowboard,Para-Snowboard,1,TRUE,Para-Snowboard,IPC,Table 6 - AAF Outcomes - IPC Sports/Disciplines,165,1,0,0,0,0,1,0,1,1,6.169031462060457e-4,7.267441860465116e-4,0,0,1,0,1,0,1,0,0,0,NA,NA,NA,wada_adrv_2022_sport_totals.csv,2022,2022_adrv_report.pdf,FALSE,FALSE
2022,Sleddog,Sleddog,1,TRUE,Sleddog,AIMS,Table 5 - AAF Outcomes - AIMS Sports/Disciplines,15,1,0,0,0,0,1,0,1,1,6.169031462060457e-4,7.267441860465116e-4,0,0,1,0,0,1,1,0,0,0,NA,NA,NA,wada_adrv_2022_sport_totals.csv,2022,2022_adrv_report.pdf,FALSE,FALSE
2022,Sport Climbing,Sport Climbing,1,TRUE,Sport Climbing,ARISF,Table 4 - AAF Outcomes - ARISF Sports/Disciplines,158,1,0,0,0,0,1,0,1,1,6.169031462060457e-4,7.267441860465116e-4,0,0,1,0,0,1,1,0,0,0,NA,NA,NA,wada_adrv_2022_sport_totals.csv,2022,2022_adrv_report.pdf,FALSE,FALSE
2022,Sport Fishing,Sport Fishing,1,TRUE,Sport Fishing,AIMS,Table 5 - AAF Outcomes - AIMS Sports/Disciplines,18,3,2,0,0,0,1,0,1,0.3333333333333333,6.169031462060457e-4,7.267441860465116e-4,0,0,1,0,1,0,1,0,0,0,NA,NA,NA,wada_adrv_2022_sport_totals.csv,2022,2022_adrv_report.pdf,FALSE,FALSE
2022,Surfing,Surfing,1,TRUE,Surfing,ARISF,Table 4 - AAF Outcomes - ARISF Sports/Disciplines,244,5,4,0,0,0,1,0,1,0.2,6.169031462060457e-4,7.267441860465116e-4,0,0,1,0,1,0,1,0,0,0,NA,NA,NA,wada_adrv_2022_sport_totals.csv,2022,2022_adrv_report.pdf,FALSE,FALSE
2022,Table Tennis,Table Tennis,1,TRUE,Table Tennis,ASOIF | IMPAIRED,Table 2 - AAF Outcomes - ASOIF Sports/Disciplines | Table 7 - AAF Outcomes - Sports/Disciplines for Athletes with an Impairment,1310,4,2,0,0,1,1,0,1,0.25,6.169031462060457e-4,7.267441860465116e-4,0,0,1,0,0,1,1,0,0,0,NA,NA,NA,wada_adrv_2022_sport_totals.csv,2022,2022_adrv_report.pdf,FALSE,FALSE
2022,Tug of War,Tug of War,1,TRUE,Tug of War,ARISF,Table 4 - AAF Outcomes - ARISF Sports/Disciplines,135,1,0,0,0,0,1,0,1,1,6.169031462060457e-4,7.267441860465116e-4,0,0,1,0,0,1,1,0,0,0,NA,NA,NA,wada_adrv_2022_sport_totals.csv,2022,2022_adrv_report.pdf,FALSE,FALSE
2022,Wushu,Wushu,1,TRUE,Wushu,ARISF,Table 4 - AAF Outcomes - ARISF Sports/Disciplines,217,1,0,0,0,0,1,0,1,1,6.169031462060457e-4,7.267441860465116e-4,0,0,1,0,0,1,1,0,0,0,NA,NA,NA,wada_adrv_2022_sport_totals.csv,2022,2022_adrv_report.pdf,FALSE,FALSE
2022,Broomball,Broomball,1,TRUE,Broomball,ADO Specific-CS,Table 10 - AAF Outcomes - ADO Specific - Code Signatories,7,1,1,0,0,0,0,0,0,0,0,0,0,0,0,0,NA,NA,NA,NA,NA,NA,NA,NA,NA,wada_adrv_2022_sport_totals.csv,2022,2022_adrv_report.pdf,FALSE,FALSE
2022,CP Football,CP Football,1,TRUE,CP Football,IMPAIRED,Table 7 - AAF Outcomes - Sports/Disciplines for Athletes with an Impairment,27,1,1,0,0,0,0,0,0,0,0,0,0,0,0,0,NA,NA,NA,NA,NA,NA,NA,NA,NA,wada_adrv_2022_sport_totals.csv,2022,2022_adrv_report.pdf,FALSE,FALSE
2022,Dragon Boat,Dragon Boat,1,TRUE,Dragon Boat,AIMS,Table 5 - AAF Outcomes - AIMS Sports/Disciplines,36,1,1,0,0,0,0,0,0,0,0,0,0,0,0,0,NA,NA,NA,NA,NA,NA,NA,NA,NA,wada_adrv_2022_sport_totals.csv,2022,2022_adrv_report.pdf,FALSE,FALSE
2022,Draughts,Draughts,1,TRUE,Draughts,AIMS,Table 5 - AAF Outcomes - AIMS Sports/Disciplines,17,1,0,0,0,1,0,0,0,0,0,0,0,0,0,0,NA,NA,NA,NA,NA,NA,NA,NA,NA,wada_adrv_2022_sport_totals.csv,2022,2022_adrv_report.pdf,FALSE,FALSE
2022,Goalball,Goalball,1,TRUE,Goalball,IMPAIRED,Table 7 - AAF Outcomes - Sports/Disciplines for Athletes with an Impairment,111,5,0,4,0,1,0,0,0,0,0,0,0,0,0,0,NA,NA,NA,NA,NA,NA,NA,NA,NA,wada_adrv_2022_sport_totals.csv,2022,2022_adrv_report.pdf,FALSE,FALSE
2022,Icestocksport,Icestocksport,1,TRUE,Icestocksport,ARISF,Table 4 - AAF Outcomes - ARISF Sports/Disciplines,19,1,1,0,0,0,0,0,0,0,0,0,0,0,0,0,NA,NA,NA,NA,NA,NA,NA,NA,NA,wada_adrv_2022_sport_totals.csv,2022,2022_adrv_report.pdf,FALSE,FALSE
2022,Netball,Netball,1,TRUE,Netball,ARISF,Table 4 - AAF Outcomes - ARISF Sports/Disciplines,233,1,1,0,0,0,0,0,0,0,0,0,0,0,0,0,NA,NA,NA,NA,NA,NA,NA,NA,NA,wada_adrv_2022_sport_totals.csv,2022,2022_adrv_report.pdf,FALSE,FALSE
2022,Para-Alpine Skiing,Para-Alpine Skiing,1,TRUE,Para-Alpine Skiing,IPC,Table 6 - AAF Outcomes - IPC Sports/Disciplines,365,2,1,1,0,0,0,0,0,0,0,0,0,0,0,0,NA,NA,NA,NA,NA,NA,NA,NA,NA,wada_adrv_2022_sport_totals.csv,2022,2022_adrv_report.pdf,FALSE,FALSE
2022,Racquetball,Racquetball,1,TRUE,Racquetball,ARISF,Table 4 - AAF Outcomes - ARISF Sports/Disciplines,71,2,2,0,0,0,0,0,0,0,0,0,0,0,0,0,NA,NA,NA,NA,NA,NA,NA,NA,NA,wada_adrv_2022_sport_totals.csv,2022,2022_adrv_report.pdf,FALSE,FALSE
2023,Athletics,Athletics,1,TRUE,Athletics,NA,NA,NA,336,43,5,0,15,273,68,341,0.8125,0.17075613420130195,0.16505441354292624,0.19825072886297376,0,NA,NA,64,198,262,10,1,11,0,0,0,wada_adrv_2023_sport_totals.csv,2023,dynamic_dashboard_2023_protected_v5_publication_v3.xlsx,FALSE,FALSE
2023,Weightlifting,Weightlifting,1,TRUE,Weightlifting,NA,NA,NA,214,16,3,0,13,182,37,219,0.8504672897196262,0.10966449674511768,0.11003627569528417,0.10787172011661808,0,NA,NA,71,111,182,0,0,0,0,0,0,wada_adrv_2023_sport_totals.csv,2023,dynamic_dashboard_2023_protected_v5_publication_v3.xlsx,FALSE,FALSE
2023,Cycling,Cycling,1,TRUE,Cycling,NA,NA,NA,191,37,19,4,10,121,47,168,0.6335078534031413,0.08412618928392589,0.07315598548972188,0.13702623906705538,0,NA,NA,28,81,109,8,3,11,1,0,1,wada_adrv_2023_sport_totals.csv,2023,dynamic_dashboard_2023_protected_v5_publication_v3.xlsx,FALSE,FALSE
2023,Powerlifting,Powerlifting,1,TRUE,Powerlifting,NA,NA,NA,156,14,3,1,7,131,20,151,0.8397435897435898,0.0756134201301953,0.07920193470374849,0.05830903790087463,0,NA,NA,16,115,131,0,0,0,0,0,0,wada_adrv_2023_sport_totals.csv,2023,dynamic_dashboard_2023_protected_v5_publication_v3.xlsx,FALSE,FALSE
2023,Bodybuilding,Bodybuilding,1,TRUE,Bodybuilding,NA,NA,NA,153,0,1,0,54,98,49,147,0.6405228758169934,0.07361041562343515,0.0592503022974607,0.14285714285714285,0,NA,NA,23,73,96,0,0,0,1,1,2,wada_adrv_2023_sport_totals.csv,2023,dynamic_dashboard_2023_protected_v5_publication_v3.xlsx,FALSE,FALSE
2023,Wrestling,Wrestling,1,TRUE,Wrestling,NA,NA,NA,84,6,3,0,5,70,12,82,0.8333333333333334,0.041061592388582875,0.04232164449818621,0.03498542274052478,0,NA,NA,21,49,70,0,0,0,0,0,0,wada_adrv_2023_sport_totals.csv,2023,dynamic_dashboard_2023_protected_v5_publication_v3.xlsx,FALSE,FALSE
2023,Boxing,Boxing,1,TRUE,Boxing,NA,NA,NA,74,3,4,0,4,63,9,72,0.8513513513513513,0.03605408112168253,0.0380894800483676,0.026239067055393587,0,NA,NA,17,46,63,0,0,0,0,0,0,wada_adrv_2023_sport_totals.csv,2023,dynamic_dashboard_2023_protected_v5_publication_v3.xlsx,FALSE,FALSE
2023,Football,Football,1,TRUE,Football,NA,NA,NA,89,23,4,0,2,60,10,70,0.6741573033707865,0.03505257886830245,0.036275695284159616,0.029154518950437316,0,NA,NA,5,55,60,0,0,0,0,0,0,wada_adrv_2023_sport_totals.csv,2023,dynamic_dashboard_2023_protected_v5_publication_v3.xlsx,FALSE,FALSE
2023,Rugby Union,Rugby Union,1,TRUE,Rugby Union,NA,NA,NA,63,10,2,0,2,49,2,51,0.7777777777777778,0.02553830746119179,0.02962515114873035,0.0058309037900874635,0,NA,NA,11,37,48,1,0,1,0,0,0,wada_adrv_2023_sport_totals.csv,2023,dynamic_dashboard_2023_protected_v5_publication_v3.xlsx,FALSE,FALSE
2023,Basketball,Basketball,1,TRUE,Basketball,NA,NA,NA,54,7,0,0,2,45,3,48,0.8333333333333334,0.024036054081121683,0.02720677146311971,0.008746355685131196,0,NA,NA,2,43,45,0,0,0,0,0,0,wada_adrv_2023_sport_totals.csv,2023,dynamic_dashboard_2023_protected_v5_publication_v3.xlsx,FALSE,FALSE
2023,Judo,Judo,1,TRUE,Judo,NA,NA,NA,61,9,9,0,0,43,2,45,0.7049180327868853,0.022533800701051578,0.02599758162031439,0.0058309037900874635,0,NA,NA,18,25,43,0,0,0,0,0,0,wada_adrv_2023_sport_totals.csv,2023,dynamic_dashboard_2023_protected_v5_publication_v3.xlsx,FALSE,FALSE
2023,Aquatics,Aquatics,1,TRUE,Aquatics,NA,NA,NA,50,18,1,0,3,28,9,37,0.56,0.018527791687531298,0.016928657799274487,0.026239067055393587,0,NA,NA,2,26,28,0,0,0,0,0,0,wada_adrv_2023_sport_totals.csv,2023,dynamic_dashboard_2023_protected_v5_publication_v3.xlsx,FALSE,FALSE
2023,Mixed Martial Arts,Mixed Martial Arts,1,TRUE,Mixed Martial Arts,NA,NA,NA,34,0,0,0,0,34,0,34,1,0.01702553830746119,0.020556227327690448,0,0,NA,NA,3,31,34,0,0,0,0,0,0,wada_adrv_2023_sport_totals.csv,2023,dynamic_dashboard_2023_protected_v5_publication_v3.xlsx,FALSE,FALSE
2023,Para-Athletics,Para-Athletics,1,TRUE,Para-Athletics,NA,NA,NA,49,8,14,0,2,25,2,27,0.5102040816326531,0.013520280420630946,0.015114873035066506,0.0058309037900874635,0,NA,NA,13,12,25,0,0,0,0,0,0,wada_adrv_2023_sport_totals.csv,2023,dynamic_dashboard_2023_protected_v5_publication_v3.xlsx,FALSE,FALSE
2023,Arm Wrestling,Arm Wrestling,1,TRUE,Arm Wrestling,NA,NA,NA,21,0,0,0,1,20,4,24,0.9523809523809523,0.012018027040560842,0.012091898428053204,0.011661807580174927,0,NA,NA,9,11,20,0,0,0,0,0,0,wada_adrv_2023_sport_totals.csv,2023,dynamic_dashboard_2023_protected_v5_publication_v3.xlsx,FALSE,FALSE
2023,Canoe / Kayak,Canoe,1,TRUE,Canoe,NA,NA,NA,36,4,12,0,1,19,2,21,0.5277777777777778,0.010515773660490736,0.011487303506650543,0.0058309037900874635,0,NA,NA,10,9,19,0,0,0,0,0,0,wada_adrv_2023_sport_totals.csv,2023,dynamic_dashboard_2023_protected_v5_publication_v3.xlsx,FALSE,FALSE
2023,Volleyball,Volleyball,1,TRUE,Volleyball,NA,NA,NA,19,3,0,0,1,15,6,21,0.7894736842105263,0.010515773660490736,0.009068923821039904,0.01749271137026239,0,NA,NA,1,14,15,0,0,0,0,0,0,wada_adrv_2023_sport_totals.csv,2023,dynamic_dashboard_2023_protected_v5_publication_v3.xlsx,FALSE,FALSE
2023,American Football,American Football,1,TRUE,American Football,NA,NA,NA,31,13,0,0,1,17,3,20,0.5483870967741935,0.010015022533800702,0.010278113663845224,0.008746355685131196,0,NA,NA,1,15,16,0,0,0,1,0,1,wada_adrv_2023_sport_totals.csv,2023,dynamic_dashboard_2023_protected_v5_publication_v3.xlsx,FALSE,FALSE
2023,Baseball,Baseball,1,TRUE,Baseball,NA,NA,NA,27,5,0,3,1,18,2,20,0.6666666666666666,0.010015022533800702,0.010882708585247884,0.0058309037900874635,0,NA,NA,3,15,18,0,0,0,0,0,0,wada_adrv_2023_sport_totals.csv,2023,dynamic_dashboard_2023_protected_v5_publication_v3.xlsx,FALSE,FALSE
2023,Ice Hockey,Ice Hockey,1,TRUE,Ice Hockey,NA,NA,NA,26,6,0,0,0,20,0,20,0.7692307692307693,0.010015022533800702,0.012091898428053204,0,0,NA,NA,2,18,20,0,0,0,0,0,0,wada_adrv_2023_sport_totals.csv,2023,dynamic_dashboard_2023_protected_v5_publication_v3.xlsx,FALSE,FALSE
2023,Rugby League,Rugby League,1,TRUE,Rugby League,NA,NA,NA,18,0,0,0,0,18,2,20,1,0.010015022533800702,0.010882708585247884,0.0058309037900874635,0,NA,NA,4,14,18,0,0,0,0,0,0,wada_adrv_2023_sport_totals.csv,2023,dynamic_dashboard_2023_protected_v5_publication_v3.xlsx,FALSE,FALSE
2023,Kickboxing,Kickboxing,1,TRUE,Kickboxing,NA,NA,NA,21,2,0,0,0,19,0,19,0.9047619047619048,0.009514271407110666,0.011487303506650543,0,0,NA,NA,1,18,19,0,0,0,0,0,0,wada_adrv_2023_sport_totals.csv,2023,dynamic_dashboard_2023_protected_v5_publication_v3.xlsx,FALSE,FALSE
2023,Para-Powerlifting,Para-Powerlifting,1,TRUE,Para-Powerlifting,NA,NA,NA,23,3,0,0,1,19,0,19,0.8260869565217391,0.009514271407110666,0.011487303506650543,0,0,NA,NA,7,12,19,0,0,0,0,0,0,wada_adrv_2023_sport_totals.csv,2023,dynamic_dashboard_2023_protected_v5_publication_v3.xlsx,FALSE,FALSE
2023,Wushu,Wushu,1,TRUE,Wushu,NA,NA,NA,19,0,0,0,0,19,0,19,1,0.009514271407110666,0.011487303506650543,0,0,NA,NA,5,14,19,0,0,0,0,0,0,wada_adrv_2023_sport_totals.csv,2023,dynamic_dashboard_2023_protected_v5_publication_v3.xlsx,FALSE,FALSE
2023,Taekwondo,Taekwondo,1,TRUE,Taekwondo,NA,NA,NA,21,2,0,0,3,16,2,18,0.7619047619047619,0.009013520280420632,0.009673518742442563,0.0058309037900874635,0,NA,NA,1,15,16,0,0,0,0,0,0,wada_adrv_2023_sport_totals.csv,2023,dynamic_dashboard_2023_protected_v5_publication_v3.xlsx,FALSE,FALSE
2023,Rowing,Rowing,1,TRUE,Rowing,NA,NA,NA,27,8,3,0,2,14,3,17,0.5185185185185185,0.008512769153730596,0.008464328899637243,0.008746355685131196,0,NA,NA,1,13,14,0,0,0,0,0,0,wada_adrv_2023_sport_totals.csv,2023,dynamic_dashboard_2023_protected_v5_publication_v3.xlsx,FALSE,FALSE
2023,Triathlon,Triathlon,1,TRUE,Triathlon,NA,NA,NA,30,12,3,0,0,15,2,17,0.5,0.008512769153730596,0.009068923821039904,0.0058309037900874635,0,NA,NA,5,7,12,3,0,3,0,0,0,wada_adrv_2023_sport_totals.csv,2023,dynamic_dashboard_2023_protected_v5_publication_v3.xlsx,FALSE,FALSE
2023,Kurash,Kurash,1,TRUE,Kurash,NA,NA,NA,13,0,0,0,1,12,0,12,0.9230769230769231,0.006009013520280421,0.007255139056831923,0,0,NA,NA,4,8,12,0,0,0,0,0,0,wada_adrv_2023_sport_totals.csv,2023,dynamic_dashboard_2023_protected_v5_publication_v3.xlsx,FALSE,FALSE
2023,Muaythai,Muaythai,1,TRUE,Muaythai,NA,NA,NA,10,0,1,0,0,9,3,12,0.9,0.006009013520280421,0.005441354292623942,0.008746355685131196,0,NA,NA,2,7,9,0,0,0,0,0,0,wada_adrv_2023_sport_totals.csv,2023,dynamic_dashboard_2023_protected_v5_publication_v3.xlsx,FALSE,FALSE
2023,Roller Sports,Roller Sports,1,TRUE,Roller Sports,NA,NA,NA,12,1,0,0,0,11,1,12,0.9166666666666666,0.006009013520280421,0.006650544135429262,0.0029154518950437317,0,NA,NA,1,9,10,0,1,1,0,0,0,wada_adrv_2023_sport_totals.csv,2023,dynamic_dashboard_2023_protected_v5_publication_v3.xlsx,FALSE,FALSE
2023,Shooting,Shooting,1,TRUE,Shooting,NA,NA,NA,13,2,1,0,0,10,2,12,0.7692307692307693,0.006009013520280421,0.006045949214026602,0.0058309037900874635,0,NA,NA,0,10,10,0,0,0,0,0,0,wada_adrv_2023_sport_totals.csv,2023,dynamic_dashboard_2023_protected_v5_publication_v3.xlsx,FALSE,FALSE
2023,Tennis,Tennis,1,TRUE,Tennis,NA,NA,NA,12,4,1,0,1,6,6,12,0.5,0.006009013520280421,0.0036275695284159614,0.01749271137026239,0,NA,NA,1,5,6,0,0,0,0,0,0,wada_adrv_2023_sport_totals.csv,2023,dynamic_dashboard_2023_protected_v5_publication_v3.xlsx,FALSE,FALSE
2023,Sambo,Sambo,1,TRUE,Sambo,NA,NA,NA,11,0,1,0,0,10,1,11,0.9090909090909091,0.005508262393590386,0.006045949214026602,0.0029154518950437317,0,NA,NA,1,9,10,0,0,0,0,0,0,wada_adrv_2023_sport_totals.csv,2023,dynamic_dashboard_2023_protected_v5_publication_v3.xlsx,FALSE,FALSE
2023,Skiing,Skiing,1,TRUE,Skiing,NA,NA,NA,13,2,2,0,4,5,6,11,0.38461538461538464,0.005508262393590386,0.003022974607013301,0.01749271137026239,0,NA,NA,0,5,5,0,0,0,0,0,0,wada_adrv_2023_sport_totals.csv,2023,dynamic_dashboard_2023_protected_v5_publication_v3.xlsx,FALSE,FALSE
2023,Handball,Handball,1,TRUE,Handball,NA,NA,NA,17,3,5,0,0,9,1,10,0.5294117647058824,0.005007511266900351,0.005441354292623942,0.0029154518950437317,0,NA,NA,0,9,9,0,0,0,0,0,0,wada_adrv_2023_sport_totals.csv,2023,dynamic_dashboard_2023_protected_v5_publication_v3.xlsx,FALSE,FALSE
2023,Karate,Karate,1,TRUE,Karate,NA,NA,NA,12,2,0,0,1,9,0,9,0.75,0.004506760140210316,0.005441354292623942,0,0,NA,NA,2,7,9,0,0,0,0,0,0,wada_adrv_2023_sport_totals.csv,2023,dynamic_dashboard_2023_protected_v5_publication_v3.xlsx,FALSE,FALSE
2023,Kabaddi,Kabaddi,1,TRUE,Kabaddi,NA,NA,NA,8,0,0,0,1,7,1,8,0.875,0.00400600901352028,0.004232164449818622,0.0029154518950437317,0,NA,NA,3,4,7,0,0,0,0,0,0,wada_adrv_2023_sport_totals.csv,2023,dynamic_dashboard_2023_protected_v5_publication_v3.xlsx,FALSE,FALSE
2023,Motorcycling,Motorcycle Racing,1,TRUE,Motorcycle Racing,NA,NA,NA,10,2,0,0,0,8,0,8,0.8,0.00400600901352028,0.0048367593712212815,0,0,NA,NA,0,8,8,0,0,0,0,0,0,wada_adrv_2023_sport_totals.csv,2023,dynamic_dashboard_2023_protected_v5_publication_v3.xlsx,FALSE,FALSE
2023,Jiu-Jitsu,Jiu-Jitsu,1,TRUE,Ju-Jitsu,NA,NA,NA,8,0,0,0,1,7,0,7,0.875,0.0035052578868302454,0.004232164449818622,0,0,NA,NA,2,5,7,0,0,0,0,0,0,wada_adrv_2023_sport_totals.csv,2023,dynamic_dashboard_2023_protected_v5_publication_v3.xlsx,FALSE,FALSE
2023,Field Hockey,Field Hockey,1,TRUE,Field Hockey,NA,NA,NA,7,1,1,0,0,5,1,6,0.7142857142857143,0.0030045067601402104,0.003022974607013301,0.0029154518950437317,0,NA,NA,3,2,5,0,0,0,0,0,0,wada_adrv_2023_sport_totals.csv,2023,dynamic_dashboard_2023_protected_v5_publication_v3.xlsx,FALSE,FALSE
2023,Functional Fitness,Functional Fitness,1,TRUE,Functional Fitness,NA,NA,NA,6,0,0,0,0,6,0,6,1,0.0030045067601402104,0.0036275695284159614,0,0,NA,NA,1,5,6,0,0,0,0,0,0,wada_adrv_2023_sport_totals.csv,2023,dynamic_dashboard_2023_protected_v5_publication_v3.xlsx,FALSE,FALSE
2023,Table Tennis,Table Tennis,1,TRUE,Table Tennis,NA,NA,NA,7,2,1,0,1,3,3,6,0.42857142857142855,0.0030045067601402104,0.0018137847642079807,0.008746355685131196,0,NA,NA,0,3,3,0,0,0,0,0,0,wada_adrv_2023_sport_totals.csv,2023,dynamic_dashboard_2023_protected_v5_publication_v3.xlsx,FALSE,FALSE
2023,Archery,Archery,1,TRUE,Archery,NA,NA,NA,10,5,0,0,0,5,0,5,0.5,0.0025037556334501754,0.003022974607013301,0,0,NA,NA,2,3,5,0,0,0,0,0,0,wada_adrv_2023_sport_totals.csv,2023,dynamic_dashboard_2023_protected_v5_publication_v3.xlsx,FALSE,FALSE
2023,Bobsleigh,Bobsleigh,1,TRUE,Bobsleigh,NA,NA,NA,2,1,1,0,0,0,5,5,0,0.0025037556334501754,0,0.014577259475218658,0,NA,NA,0,0,0,0,0,0,0,0,0,wada_adrv_2023_sport_totals.csv,2023,dynamic_dashboard_2023_protected_v5_publication_v3.xlsx,FALSE,FALSE
2023,Equestrian,Equestrian,1,TRUE,Equestrian,NA,NA,NA,13,10,0,0,0,3,2,5,0.23076923076923078,0.0025037556334501754,0.0018137847642079807,0.0058309037900874635,0,NA,NA,0,3,3,0,0,0,0,0,0,wada_adrv_2023_sport_totals.csv,2023,dynamic_dashboard_2023_protected_v5_publication_v3.xlsx,FALSE,FALSE
2023,Gymnastics,Gymnastics,1,TRUE,Gymnastics,NA,NA,NA,11,5,1,0,0,5,0,5,0.45454545454545453,0.0025037556334501754,0.003022974607013301,0,0,NA,NA,3,2,5,0,0,0,0,0,0,wada_adrv_2023_sport_totals.csv,2023,dynamic_dashboard_2023_protected_v5_publication_v3.xlsx,FALSE,FALSE
2023,Skating,Skating,1,TRUE,Skating,NA,NA,NA,13,5,3,0,0,5,0,5,0.38461538461538464,0.0025037556334501754,0.003022974607013301,0,0,NA,NA,1,4,5,0,0,0,0,0,0,wada_adrv_2023_sport_totals.csv,2023,dynamic_dashboard_2023_protected_v5_publication_v3.xlsx,FALSE,FALSE
2023,Biathlon,Biathlon,1,TRUE,Biathlon,NA,NA,NA,2,0,0,0,0,2,2,4,1,0.00200300450676014,0.0012091898428053204,0.0058309037900874635,0,NA,NA,2,0,2,0,0,0,0,0,0,wada_adrv_2023_sport_totals.csv,2023,dynamic_dashboard_2023_protected_v5_publication_v3.xlsx,FALSE,FALSE
2023,Para-Swimming,Para-Swimming,1,TRUE,Para-Swimming,NA,NA,NA,22,9,8,0,1,4,0,4,0.18181818181818182,0.00200300450676014,0.0024183796856106408,0,0,NA,NA,1,3,4,0,0,0,0,0,0,wada_adrv_2023_sport_totals.csv,2023,dynamic_dashboard_2023_protected_v5_publication_v3.xlsx,FALSE,FALSE
2023,Automobile Sports,Automobile Sports,1,TRUE,Automobile Sports,NA,NA,NA,7,3,0,0,1,3,0,3,0.42857142857142855,0.0015022533800701052,0.0018137847642079807,0,0,NA,NA,0,3,3,0,0,0,0,0,0,wada_adrv_2023_sport_totals.csv,2023,dynamic_dashboard_2023_protected_v5_publication_v3.xlsx,FALSE,FALSE
2023,Badminton,Badminton,1,TRUE,Badminton,NA,NA,NA,11,4,2,0,2,3,0,3,0.2727272727272727,0.0015022533800701052,0.0018137847642079807,0,0,NA,NA,1,2,3,0,0,0,0,0,0,wada_adrv_2023_sport_totals.csv,2023,dynamic_dashboard_2023_protected_v5_publication_v3.xlsx,FALSE,FALSE
2023,Baseball / Softball,Softball,1,TRUE,Softball,NA,NA,NA,6,3,0,0,0,3,0,3,0.5,0.0015022533800701052,0.0018137847642079807,0,0,NA,NA,0,3,3,0,0,0,0,0,0,wada_adrv_2023_sport_totals.csv,2023,dynamic_dashboard_2023_protected_v5_publication_v3.xlsx,FALSE,FALSE
2023,Billiards,Billiards Sports,1,TRUE,Billiards Sports,NA,NA,NA,3,0,0,0,0,3,0,3,1,0.0015022533800701052,0.0018137847642079807,0,0,NA,NA,0,3,3,0,0,0,0,0,0,wada_adrv_2023_sport_totals.csv,2023,dynamic_dashboard_2023_protected_v5_publication_v3.xlsx,FALSE,FALSE
2023,Lacrosse,Lacrosse,1,TRUE,Lacrosse,NA,NA,NA,3,0,0,0,0,3,0,3,1,0.0015022533800701052,0.0018137847642079807,0,0,NA,NA,0,3,3,0,0,0,0,0,0,wada_adrv_2023_sport_totals.csv,2023,dynamic_dashboard_2023_protected_v5_publication_v3.xlsx,FALSE,FALSE
2023,Sport Climbing,Sport Climbing,1,TRUE,Sport Climbing,NA,NA,NA,5,0,2,0,0,3,0,3,0.6,0.0015022533800701052,0.0018137847642079807,0,0,NA,NA,0,3,3,0,0,0,0,0,0,wada_adrv_2023_sport_totals.csv,2023,dynamic_dashboard_2023_protected_v5_publication_v3.xlsx,FALSE,FALSE
2023,Water Skiing,Water Skiing,1,TRUE,Waterskiing,NA,NA,NA,6,1,0,0,2,3,0,3,0.5,0.0015022533800701052,0.0018137847642079807,0,0,NA,NA,0,3,3,0,0,0,0,0,0,wada_adrv_2023_sport_totals.csv,2023,dynamic_dashboard_2023_protected_v5_publication_v3.xlsx,FALSE,FALSE
2023,Bandy,Bandy,1,TRUE,Bandy,NA,NA,NA,2,0,0,0,0,2,0,2,1,0.00100150225338007,0.0012091898428053204,0,0,NA,NA,1,1,2,0,0,0,0,0,0,wada_adrv_2023_sport_totals.csv,2023,dynamic_dashboard_2023_protected_v5_publication_v3.xlsx,FALSE,FALSE
2023,Bowling,Bowling,1,TRUE,Bowling,NA,NA,NA,2,0,2,0,0,0,2,2,0,0.00100150225338007,0,0.0058309037900874635,0,NA,NA,0,0,0,0,0,0,0,0,0,wada_adrv_2023_sport_totals.csv,2023,dynamic_dashboard_2023_protected_v5_publication_v3.xlsx,FALSE,FALSE
2023,Cheer,Cheer,1,TRUE,Cheer,NA,NA,NA,2,0,0,0,1,1,1,2,0.5,0.00100150225338007,6.045949214026602e-4,0.0029154518950437317,0,NA,NA,0,1,1,0,0,0,0,0,0,wada_adrv_2023_sport_totals.csv,2023,dynamic_dashboard_2023_protected_v5_publication_v3.xlsx,FALSE,FALSE
2023,Cricket,Cricket,1,TRUE,Cricket,NA,NA,NA,1,0,0,0,0,1,1,2,1,0.00100150225338007,6.045949214026602e-4,0.0029154518950437317,0,NA,NA,1,0,1,0,0,0,0,0,0,wada_adrv_2023_sport_totals.csv,2023,dynamic_dashboard_2023_protected_v5_publication_v3.xlsx,FALSE,FALSE
2023,Curling,Curling,1,TRUE,Curling,NA,NA,NA,7,2,3,0,0,2,0,2,0.2857142857142857,0.00100150225338007,0.0012091898428053204,0,0,NA,NA,0,2,2,0,0,0,0,0,0,wada_adrv_2023_sport_totals.csv,2023,dynamic_dashboard_2023_protected_v5_publication_v3.xlsx,FALSE,FALSE
2023,DanceSport,DanceSport,1,TRUE,DanceSport,NA,NA,NA,2,0,0,0,0,2,0,2,1,0.00100150225338007,0.0012091898428053204,0,0,NA,NA,0,2,2,0,0,0,0,0,0,wada_adrv_2023_sport_totals.csv,2023,dynamic_dashboard_2023_protected_v5_publication_v3.xlsx,FALSE,FALSE
2023,Fencing,Fencing,1,TRUE,Fencing,NA,NA,NA,8,5,0,0,1,2,0,2,0.25,0.00100150225338007,0.0012091898428053204,0,0,NA,NA,0,2,2,0,0,0,0,0,0,wada_adrv_2023_sport_totals.csv,2023,dynamic_dashboard_2023_protected_v5_publication_v3.xlsx,FALSE,FALSE
2023,Floorball,Floorball,1,TRUE,Floorball,NA,NA,NA,3,2,0,0,0,1,1,2,0.3333333333333333,0.00100150225338007,6.045949214026602e-4,0.0029154518950437317,0,NA,NA,0,1,1,0,0,0,0,0,0,wada_adrv_2023_sport_totals.csv,2023,dynamic_dashboard_2023_protected_v5_publication_v3.xlsx,FALSE,FALSE
2023,Golf,Golf,1,TRUE,Golf,NA,NA,NA,5,2,0,0,1,2,0,2,0.4,0.00100150225338007,0.0012091898428053204,0,0,NA,NA,0,2,2,0,0,0,0,0,0,wada_adrv_2023_sport_totals.csv,2023,dynamic_dashboard_2023_protected_v5_publication_v3.xlsx,FALSE,FALSE
2023,Modern Pentathlon,Modern Pentathlon,1,TRUE,Modern Pentathlon,NA,NA,NA,0,0,0,0,0,0,2,2,NA,0.00100150225338007,0,0.0058309037900874635,0,NA,NA,0,0,0,0,0,0,0,0,0,wada_adrv_2023_sport_totals.csv,2023,dynamic_dashboard_2023_protected_v5_publication_v3.xlsx,FALSE,FALSE
2023,Pencak Silat,Pencak Silat,1,TRUE,Pencak Silat,NA,NA,NA,2,0,0,0,0,2,0,2,1,0.00100150225338007,0.0012091898428053204,0,0,NA,NA,0,2,2,0,0,0,0,0,0,wada_adrv_2023_sport_totals.csv,2023,dynamic_dashboard_2023_protected_v5_publication_v3.xlsx,FALSE,FALSE
2023,Savate,Savate,1,TRUE,Savate,NA,NA,NA,2,0,0,0,0,2,0,2,1,0.00100150225338007,0.0012091898428053204,0,0,NA,NA,0,2,2,0,0,0,0,0,0,wada_adrv_2023_sport_totals.csv,2023,dynamic_dashboard_2023_protected_v5_publication_v3.xlsx,FALSE,FALSE
2023,School Sports,School Sports,1,TRUE,School Sports,NA,NA,NA,0,0,0,0,0,0,2,2,NA,0.00100150225338007,0,0.0058309037900874635,0,NA,NA,0,0,0,0,0,0,0,0,0,wada_adrv_2023_sport_totals.csv,2023,dynamic_dashboard_2023_protected_v5_publication_v3.xlsx,FALSE,FALSE
2023,Shooting Para Sport,Shooting Para Sport,1,TRUE,Shooting Para Sport,NA,NA,NA,3,1,0,0,0,2,0,2,0.6666666666666666,0.00100150225338007,0.0012091898428053204,0,0,NA,NA,0,2,2,0,0,0,0,0,0,wada_adrv_2023_sport_totals.csv,2023,dynamic_dashboard_2023_protected_v5_publication_v3.xlsx,FALSE,FALSE
2023,Sitting Volleyball,ParaVolley,1,TRUE,ParaVolley,NA,NA,NA,3,1,0,0,0,2,0,2,0.6666666666666666,0.00100150225338007,0.0012091898428053204,0,0,NA,NA,0,2,2,0,0,0,0,0,0,wada_adrv_2023_sport_totals.csv,2023,dynamic_dashboard_2023_protected_v5_publication_v3.xlsx,FALSE,FALSE
2023,Squash,Squash,1,TRUE,Squash,NA,NA,NA,1,0,0,0,0,1,1,2,1,0.00100150225338007,6.045949214026602e-4,0.0029154518950437317,0,NA,NA,1,0,1,0,0,0,0,0,0,wada_adrv_2023_sport_totals.csv,2023,dynamic_dashboard_2023_protected_v5_publication_v3.xlsx,FALSE,FALSE
2023,Australian Rules Football,Australian Rules Football,1,TRUE,Australian Rules Football,NA,NA,NA,2,1,0,0,0,1,0,1,0.5,5.00751126690035e-4,6.045949214026602e-4,0,0,NA,NA,0,1,1,0,0,0,0,0,0,wada_adrv_2023_sport_totals.csv,2023,dynamic_dashboard_2023_protected_v5_publication_v3.xlsx,FALSE,FALSE
2023,Basque Pelota,Basque Pelota,1,TRUE,Basque Pelota,NA,NA,NA,1,0,0,0,0,1,0,1,1,5.00751126690035e-4,6.045949214026602e-4,0,0,NA,NA,0,1,1,0,0,0,0,0,0,wada_adrv_2023_sport_totals.csv,2023,dynamic_dashboard_2023_protected_v5_publication_v3.xlsx,FALSE,FALSE
2023,Boccia,Boccia,1,TRUE,Boccia,NA,NA,NA,2,1,0,0,0,1,0,1,0.5,5.00751126690035e-4,6.045949214026602e-4,0,0,NA,NA,1,0,1,0,0,0,0,0,0,wada_adrv_2023_sport_totals.csv,2023,dynamic_dashboard_2023_protected_v5_publication_v3.xlsx,FALSE,FALSE
2023,Bridge,Bridge,1,TRUE,Bridge,NA,NA,NA,2,1,0,0,0,1,0,1,0.5,5.00751126690035e-4,6.045949214026602e-4,0,0,NA,NA,1,0,1,0,0,0,0,0,0,wada_adrv_2023_sport_totals.csv,2023,dynamic_dashboard_2023_protected_v5_publication_v3.xlsx,FALSE,FALSE
2023,Chess,Chess,1,TRUE,Chess,NA,NA,NA,1,0,0,0,0,1,0,1,1,5.00751126690035e-4,6.045949214026602e-4,0,0,NA,NA,0,1,1,0,0,0,0,0,0,wada_adrv_2023_sport_totals.csv,2023,dynamic_dashboard_2023_protected_v5_publication_v3.xlsx,FALSE,FALSE
2023,Darts,Darts,1,TRUE,Darts,NA,NA,NA,2,0,0,0,1,1,0,1,0.5,5.00751126690035e-4,6.045949214026602e-4,0,0,NA,NA,0,1,1,0,0,0,0,0,0,wada_adrv_2023_sport_totals.csv,2023,dynamic_dashboard_2023_protected_v5_publication_v3.xlsx,FALSE,FALSE
2023,Electronic Sports,Electronic Sports,1,TRUE,Electronic Sports,NA,NA,NA,1,0,0,0,0,1,0,1,1,5.00751126690035e-4,6.045949214026602e-4,0,0,NA,NA,1,0,1,0,0,0,0,0,0,wada_adrv_2023_sport_totals.csv,2023,dynamic_dashboard_2023_protected_v5_publication_v3.xlsx,FALSE,FALSE
2023,Football 7-a-Side,Football 7-a-Side,1,TRUE,Football 7-a-Side,NA,NA,NA,1,0,0,0,0,1,0,1,1,5.00751126690035e-4,6.045949214026602e-4,0,0,NA,NA,0,1,1,0,0,0,0,0,0,wada_adrv_2023_sport_totals.csv,2023,dynamic_dashboard_2023_protected_v5_publication_v3.xlsx,FALSE,FALSE
2023,Go,Go,1,TRUE,Go,NA,NA,NA,2,1,0,0,0,1,0,1,0.5,5.00751126690035e-4,6.045949214026602e-4,0,0,NA,NA,0,1,1,0,0,0,0,0,0,wada_adrv_2023_sport_totals.csv,2023,dynamic_dashboard_2023_protected_v5_publication_v3.xlsx,FALSE,FALSE
2023,Kendo,Kendo,1,TRUE,Kendo,NA,NA,NA,1,0,0,0,0,1,0,1,1,5.00751126690035e-4,6.045949214026602e-4,0,0,NA,NA,0,1,1,0,0,0,0,0,0,wada_adrv_2023_sport_totals.csv,2023,dynamic_dashboard_2023_protected_v5_publication_v3.xlsx,FALSE,FALSE
2023,Mountaineering and Climbing,Mountaineering and Climbing,1,TRUE,Mountaineering and Climbing,NA,NA,NA,1,1,0,0,0,0,1,1,0,5.00751126690035e-4,0,0.0029154518950437317,0,NA,NA,0,0,0,0,0,0,0,0,0,wada_adrv_2023_sport_totals.csv,2023,dynamic_dashboard_2023_protected_v5_publication_v3.xlsx,FALSE,FALSE
2023,Netball,Netball,1,TRUE,Netball,NA,NA,NA,3,1,0,0,1,1,0,1,0.3333333333333333,5.00751126690035e-4,6.045949214026602e-4,0,0,NA,NA,0,1,1,0,0,0,0,0,0,wada_adrv_2023_sport_totals.csv,2023,dynamic_dashboard_2023_protected_v5_publication_v3.xlsx,FALSE,FALSE
2023,Para-Alpine Skiing,Para-Alpine Skiing,1,TRUE,Para-Alpine Skiing,NA,NA,NA,1,0,0,0,0,1,0,1,1,5.00751126690035e-4,6.045949214026602e-4,0,0,NA,NA,1,0,1,0,0,0,0,0,0,wada_adrv_2023_sport_totals.csv,2023,dynamic_dashboard_2023_protected_v5_publication_v3.xlsx,FALSE,FALSE
2023,Para-Nordic Skiing,Para-Nordic Skiing,1,TRUE,Para-Nordic Skiing,NA,NA,NA,0,0,0,0,0,0,1,1,NA,5.00751126690035e-4,0,0.0029154518950437317,0,NA,NA,0,0,0,0,0,0,0,0,0,wada_adrv_2023_sport_totals.csv,2023,dynamic_dashboard_2023_protected_v5_publication_v3.xlsx,FALSE,FALSE
2023,Para-Snowboard,Para-Snowboard,1,TRUE,Para-Snowboard,NA,NA,NA,0,0,0,0,0,0,1,1,NA,5.00751126690035e-4,0,0.0029154518950437317,0,NA,NA,0,0,0,0,0,0,0,0,0,wada_adrv_2023_sport_totals.csv,2023,dynamic_dashboard_2023_protected_v5_publication_v3.xlsx,FALSE,FALSE
2023,Pole Sports,Pole sports,1,TRUE,Pole sports,NA,NA,NA,1,0,0,0,0,1,0,1,1,5.00751126690035e-4,6.045949214026602e-4,0,0,NA,NA,0,1,1,0,0,0,0,0,0,wada_adrv_2023_sport_totals.csv,2023,dynamic_dashboard_2023_protected_v5_publication_v3.xlsx,FALSE,FALSE
2023,Sailing,Sailing,1,TRUE,Sailing,NA,NA,NA,1,0,0,0,0,1,0,1,1,5.00751126690035e-4,6.045949214026602e-4,0,0,NA,NA,1,0,1,0,0,0,0,0,0,wada_adrv_2023_sport_totals.csv,2023,dynamic_dashboard_2023_protected_v5_publication_v3.xlsx,FALSE,FALSE
2023,Sport Fishing,Sport Fishing,1,TRUE,Sport Fishing,NA,NA,NA,2,0,0,0,1,1,0,1,0.5,5.00751126690035e-4,6.045949214026602e-4,0,0,NA,NA,0,1,1,0,0,0,0,0,0,wada_adrv_2023_sport_totals.csv,2023,dynamic_dashboard_2023_protected_v5_publication_v3.xlsx,FALSE,FALSE
2023,Surfing,Surfing,1,TRUE,Surfing,NA,NA,NA,1,0,0,0,0,1,0,1,1,5.00751126690035e-4,6.045949214026602e-4,0,0,NA,NA,0,1,1,0,0,0,0,0,0,wada_adrv_2023_sport_totals.csv,2023,dynamic_dashboard_2023_protected_v5_publication_v3.xlsx,FALSE,FALSE
2023,Teqball,Teqball,1,TRUE,Teqball,NA,NA,NA,1,0,0,0,0,1,0,1,1,5.00751126690035e-4,6.045949214026602e-4,0,0,NA,NA,0,1,1,0,0,0,0,0,0,wada_adrv_2023_sport_totals.csv,2023,dynamic_dashboard_2023_protected_v5_publication_v3.xlsx,FALSE,FALSE
2023,Tug of War,Tug of War,1,TRUE,Tug of War,NA,NA,NA,1,0,0,0,0,1,0,1,1,5.00751126690035e-4,6.045949214026602e-4,0,0,NA,NA,0,1,1,0,0,0,0,0,0,wada_adrv_2023_sport_totals.csv,2023,dynamic_dashboard_2023_protected_v5_publication_v3.xlsx,FALSE,FALSE
2023,Underwater Sports,Underwater Sports,1,TRUE,Underwater Sports,NA,NA,NA,6,1,1,0,3,1,0,1,0.16666666666666666,5.00751126690035e-4,6.045949214026602e-4,0,0,NA,NA,0,1,1,0,0,0,0,0,0,wada_adrv_2023_sport_totals.csv,2023,dynamic_dashboard_2023_protected_v5_publication_v3.xlsx,FALSE,FALSE
2023,Boules Sports,Boules Sports,1,TRUE,Boules Sports,NA,NA,NA,1,0,0,0,1,0,0,0,0,0,0,0,0,NA,NA,0,0,0,0,0,0,0,0,0,wada_adrv_2023_sport_totals.csv,2023,dynamic_dashboard_2023_protected_v5_publication_v3.xlsx,FALSE,FALSE
2023,Bowls,Bowls,1,TRUE,Bowls,NA,NA,NA,1,0,1,0,0,0,0,0,0,0,0,0,0,NA,NA,0,0,0,0,0,0,0,0,0,wada_adrv_2023_sport_totals.csv,2023,dynamic_dashboard_2023_protected_v5_publication_v3.xlsx,FALSE,FALSE
2023,Broomball,Broomball,1,TRUE,Broomball,NA,NA,NA,1,1,0,0,0,0,0,0,0,0,0,0,0,NA,NA,0,0,0,0,0,0,0,0,0,wada_adrv_2023_sport_totals.csv,2023,dynamic_dashboard_2023_protected_v5_publication_v3.xlsx,FALSE,FALSE
2023,College,College Sports,1,TRUE,College Sports,NA,NA,NA,2,2,0,0,0,0,0,0,0,0,0,0,0,NA,NA,0,0,0,0,0,0,0,0,0,wada_adrv_2023_sport_totals.csv,2023,dynamic_dashboard_2023_protected_v5_publication_v3.xlsx,FALSE,FALSE
2023,CrossFit,CrossFit,1,TRUE,CrossFit,NA,NA,NA,1,0,0,0,1,0,0,0,0,0,0,0,0,NA,NA,0,0,0,0,0,0,0,0,0,wada_adrv_2023_sport_totals.csv,2023,dynamic_dashboard_2023_protected_v5_publication_v3.xlsx,FALSE,FALSE
2023,Dragon Boat,Dragon Boat,1,TRUE,Dragon Boat,NA,NA,NA,1,0,1,0,0,0,0,0,0,0,0,0,0,NA,NA,0,0,0,0,0,0,0,0,0,wada_adrv_2023_sport_totals.csv,2023,dynamic_dashboard_2023_protected_v5_publication_v3.xlsx,FALSE,FALSE
2023,Draughts,Draughts,1,TRUE,Draughts,NA,NA,NA,2,1,0,0,1,0,0,0,0,0,0,0,0,NA,NA,0,0,0,0,0,0,0,0,0,wada_adrv_2023_sport_totals.csv,2023,dynamic_dashboard_2023_protected_v5_publication_v3.xlsx,FALSE,FALSE
2023,Football - IBSA Football,Blind Football,1,TRUE,Blind Football,NA,NA,NA,5,1,4,0,0,0,0,0,0,0,0,0,0,NA,NA,0,0,0,0,0,0,0,0,0,wada_adrv_2023_sport_totals.csv,2023,dynamic_dashboard_2023_protected_v5_publication_v3.xlsx,FALSE,FALSE
2023,Gaelic Games,Gaelic Games,1,TRUE,Gaelic Games,NA,NA,NA,1,1,0,0,0,0,0,0,0,0,0,0,0,NA,NA,0,0,0,0,0,0,0,0,0,wada_adrv_2023_sport_totals.csv,2023,dynamic_dashboard_2023_protected_v5_publication_v3.xlsx,FALSE,FALSE
2023,Goalball,Goalball,1,TRUE,Goalball,NA,NA,NA,6,1,5,0,0,0,0,0,0,0,0,0,0,NA,NA,0,0,0,0,0,0,0,0,0,wada_adrv_2023_sport_totals.csv,2023,dynamic_dashboard_2023_protected_v5_publication_v3.xlsx,FALSE,FALSE
2023,Life Saving,Life Saving,1,TRUE,Lifesaving,NA,NA,NA,1,1,0,0,0,0,0,0,0,0,0,0,0,NA,NA,0,0,0,0,0,0,0,0,0,wada_adrv_2023_sport_totals.csv,2023,dynamic_dashboard_2023_protected_v5_publication_v3.xlsx,FALSE,FALSE
2023,Powerboating,Powerboating,1,TRUE,Powerboating,NA,NA,NA,1,0,0,0,1,0,0,0,0,0,0,0,0,NA,NA,0,0,0,0,0,0,0,0,0,wada_adrv_2023_sport_totals.csv,2023,dynamic_dashboard_2023_protected_v5_publication_v3.xlsx,FALSE,FALSE
2023,Racquetball,Racquetball,1,TRUE,Racquetball,NA,NA,NA,1,0,0,0,1,0,0,0,0,0,0,0,0,NA,NA,0,0,0,0,0,0,0,0,0,wada_adrv_2023_sport_totals.csv,2023,dynamic_dashboard_2023_protected_v5_publication_v3.xlsx,FALSE,FALSE
2023,Ultra Triathlon,Ultra Triathlon,1,TRUE,Ultra Triathlon,NA,NA,NA,1,0,0,0,1,0,0,0,0,0,0,0,0,NA,NA,0,0,0,0,0,0,0,0,0,wada_adrv_2023_sport_totals.csv,2023,dynamic_dashboard_2023_protected_v5_publication_v3.xlsx,FALSE,FALSE
