year,sport_clean,germany_comparison_join_key,global_testing_old_sport_names,global_testing_sport_group_tables,global_total_samples,global_in_competition_samples,global_out_competition_samples,global_urine_samples,global_blood_samples,global_dbs_samples,global_aaf_count,global_testing_n_source_rows,global_testing_source_reports,global_testing_source_files,global_testing_source_level_split_issues,global_testing_row_present,global_adrv_old_sport_names,global_adrv_n_source_rows,global_adrv_sport_raw_sources,global_adrv_sport_category_sources,global_adrv_source_tables,global_adrv_report_aaf_outcome_total,global_medical_reasons_count,global_no_case_to_answer_count,global_no_sanction_count,global_pending_count,global_analytical_adrv_count,global_non_analytical_adrv_count_sport_allocated,global_total_adrv_count_sport_allocated,global_adrv_report_aaf_to_analytical_adrv_rate,global_has_aaf_outcome_data,global_has_non_analytical_adrv_data,global_adrv_report_row_present,global_year_analytical_adrvs_all_adrv_rows,global_year_non_analytical_adrvs_sport_allocated_all_adrv_rows,global_year_total_adrvs_sport_allocated_all_adrv_rows,global_adrv_data_available,global_aaf_rate_per_1000_tests,global_in_competition_share,global_out_competition_share,global_urine_share,global_blood_share,global_dbs_share,global_year_total_samples,global_year_aaf_count,global_year_aaf_rate_per_1000_tests,global_testing_share,global_aaf_share,global_year_total_adrvs_sport_allocated_joinable_to_testing,global_year_total_adrvs_sport_allocated,global_year_analytical_adrvs,global_year_non_analytical_adrvs_sport_allocated,global_adrv_share_sport_allocated,global_adrv_rate_per_1000_tests,global_analytical_adrv_rate_per_1000_tests,global_non_analytical_adrv_rate_per_1000_tests,global_year_adrv_rate_per_1000_tests,global_adrv_rate_index_vs_year,global_testing_aaf_to_analytical_adrv_rate,global_testing_vs_adrv_gap,global_adrv_to_testing_share_ratio,global_testing_volume_rank_in_year,global_aaf_count_rank_in_year,global_adrv_count_rank_in_year,benchmark_min_100_tests,benchmark_min_500_tests,benchmark_min_1000_tests,global_adrv_rate_rank_min_100_tests_in_year,global_aaf_rate_rank_min_100_tests_in_year,usable_for_testing_benchmark,usable_for_adrv_rate_benchmark,adrv_counts_filled_zero_because_no_sport_report_row
2016,Athletics,Athletics,Athletics,ASOIF Summer Olympic sports | Other sports/disciplines - Non-Code Signatories | Paralympic sports/disciplines | Sports for Athletes with an Impairment,34025,16390,17635,30872,3153,0,399,4,2016_anti-doping_testing_figures.pdf,wada_testing_2016_sport_totals.csv,0,TRUE,Athletics,1,Athletics,ASOIF | IPC | Other Sports - Non-Code Signatories | Sports for Athletes with an Impairment,ASOIF | IPC | Other Sports - Non-Code Signatories | Sports for Athletes with an Impairment,399,44,11,133,42,169,47,216,0.423558897243108,TRUE,TRUE,TRUE,1326,248,1574,TRUE,11.726671565025717,0.481704628949302,0.518295371050698,0.9073328434974284,0.09266715650257164,0,229514,3032,13.210523105344336,0.14824803715677476,0.1315963060686016,1574,1574,1326,248,0.1372299872935197,6.348273328434974,4.966936076414401,1.3813372520205731,6.857969448486803,0.9256782749062418,0.42355889724310775,-0.011018049863255053,0.9256782749062419,1,1,1,TRUE,TRUE,TRUE,51,64,TRUE,TRUE,FALSE
2016,Football,Football,Football,ASOIF Summer Olympic sports | Other sports/disciplines - Non-Code Signatories | Sports for Athletes with an Impairment,33346,25237,8109,31617,1729,0,170,3,2016_anti-doping_testing_figures.pdf,wada_testing_2016_sport_totals.csv,0,TRUE,Football,1,Football,ASOIF | Other Sports - Non-Code Signatories,ASOIF | Other Sports - Non-Code Signatories,170,8,14,40,32,76,5,81,0.447058823529412,TRUE,TRUE,TRUE,1326,248,1574,TRUE,5.098062736160259,0.7568224074851556,0.24317759251484436,0.9481497031128171,0.05185029688718287,0,229514,3032,13.210523105344336,0.14528961196266896,0.056068601583113456,1574,1574,1326,248,0.05146124523506988,2.429076950758712,2.2791339291069392,0.1499430216517723,6.857969448486803,0.3541976920434784,0.4470588235294118,-0.09382836672759907,0.35419769204347834,2,4,6,TRUE,TRUE,TRUE,73,97,TRUE,TRUE,FALSE
2016,Cycling,Cycling,Cycling,ASOIF Summer Olympic sports | Other sports/disciplines - Non-Code Signatories | Sports for Athletes with an Impairment,24026,14017,10009,21601,2425,0,273,3,2016_anti-doping_testing_figures.pdf,wada_testing_2016_sport_totals.csv,0,TRUE,Cycling,1,Cycling,ASOIF | Sports for Athletes with an Impairment,ASOIF | Sports for Athletes with an Impairment,273,41,11,31,43,147,22,169,0.538461538461538,TRUE,TRUE,TRUE,1326,248,1574,TRUE,11.362690418713061,0.5834096395571464,0.4165903604428536,0.8990676766835928,0.10093232331640722,0,229514,3032,13.210523105344336,0.10468206732486907,0.09003957783641162,1574,1574,1326,248,0.10736975857687421,7.034046449679513,6.1183717639224175,0.9156746857570965,6.857969448486803,1.0256748010493923,0.5384615384615384,0.002687691252005145,1.0256748010493928,3,3,3,TRUE,TRUE,TRUE,49,67,TRUE,TRUE,FALSE
2016,Aquatics,Aquatics,Aquatics,ASOIF Summer Olympic sports | Other sports/disciplines - Non-Code Signatories | Paralympic sports/disciplines | Sports for Athletes with an Impairment,16287,6791,9496,14739,1548,0,157,4,2016_anti-doping_testing_figures.pdf,wada_testing_2016_sport_totals.csv,0,TRUE,Aquatics,1,Aquatics,ASOIF | IPC,ASOIF | IPC,157,47,5,59,13,33,2,35,0.210191082802548,TRUE,TRUE,TRUE,1326,248,1574,TRUE,9.63958985694112,0.4169583103088353,0.5830416896911648,0.9049548719837908,0.09504512801620925,0,229514,3032,13.210523105344336,0.07096299136436121,0.05178100263852243,1574,1574,1326,248,0.022236340533672173,2.1489531528212686,2.0261558298029105,0.12279732301835819,6.857969448486803,0.31335122866367254,0.21019108280254778,-0.04872665083068904,0.3133512286636726,4,6,10,TRUE,TRUE,TRUE,76,76,TRUE,TRUE,FALSE
2016,Weightlifting,Weightlifting,Weightlifting,ASOIF Summer Olympic sports | Other sports/disciplines - Non-Code Signatories,8883,4158,4725,7761,1122,0,167,2,2016_anti-doping_testing_figures.pdf,wada_testing_2016_sport_totals.csv,0,TRUE,Weightlifting,1,Weightlifting,ASOIF,ASOIF,167,4,2,26,26,109,7,116,0.652694610778443,TRUE,TRUE,TRUE,1326,248,1574,TRUE,18.799954970167736,0.46808510638297873,0.5319148936170213,0.8736913204998311,0.12630867950016886,0,229514,3032,13.210523105344336,0.038703521353817195,0.05507915567282322,1574,1574,1326,248,0.07369758576874205,13.058651356523697,12.270629291905887,0.7880220646178093,6.857969448486803,1.9041571203565308,0.6526946107784432,0.03499406441492486,1.9041571203565308,5,5,4,TRUE,TRUE,TRUE,27,47,TRUE,TRUE,FALSE
2016,Rugby Union,Rugby Union,Rugby Union,ASOIF Summer Olympic sports,7366,2673,4693,6636,730,0,75,1,2016_anti-doping_testing_figures.pdf,wada_testing_2016_sport_totals.csv,0,TRUE,Rugby Union,1,Rugby Union,ASOIF | Other Sports - Non-Code Signatories | Sports for Athletes with an Impairment,ASOIF | Other Sports - Non-Code Signatories | Sports for Athletes with an Impairment,82,16,7,2,6,51,6,57,0.621951219512195,TRUE,TRUE,TRUE,1326,248,1574,TRUE,10.181916915557968,0.36288351887048603,0.637116481129514,0.9008960086885691,0.0991039913114309,0,229514,3032,13.210523105344336,0.03209390276845857,0.024736147757255935,1574,1574,1326,248,0.03621346886912325,7.738256855824057,6.923703502579419,0.8145533532446375,6.857969448486803,1.1283597738294806,0.68,0.004119566100664683,1.1283597738294806,6,10,8,TRUE,TRUE,TRUE,43,70,TRUE,TRUE,FALSE
2016,Basketball,Basketball,Basketball,ASOIF Summer Olympic sports | Other sports/disciplines - Non-Code Signatories | Sports for Athletes with an Impairment,5512,3742,1770,5436,76,0,56,3,2016_anti-doping_testing_figures.pdf,wada_testing_2016_sport_totals.csv,0,TRUE,Basketball | Wheelchair Basketball,2,Basketball | Wheelchair Basketball,ASOIF | Other Sports - Non-Code Signatories | Sports for Athletes with an Impairment,ASOIF | Other Sports - Non-Code Signatories | Sports for Athletes with an Impairment,56,10,5,7,5,29,3,32,0.517857142857143,TRUE,TRUE,TRUE,1326,248,1574,TRUE,10.159651669085632,0.6788824383164006,0.3211175616835994,0.9862119013062409,0.013788098693759071,0,229514,3032,13.210523105344336,0.024015964167763186,0.018469656992084433,1574,1574,1326,248,0.020330368487928845,5.805515239477503,5.261248185776488,0.5442670537010159,6.857969448486803,0.8465355938204826,0.5178571428571429,-0.0036855956798343414,0.8465355938204827,7,15,11,TRUE,TRUE,TRUE,55,71,TRUE,TRUE,FALSE
2016,Wrestling,Wrestling,Wrestling,ASOIF Summer Olympic sports | Other sports/disciplines - Non-Code Signatories | Sports for Athletes with an Impairment,5139,2536,2603,4760,379,0,135,3,2016_anti-doping_testing_figures.pdf,wada_testing_2016_sport_totals.csv,0,TRUE,Wrestling,1,Wrestling,ASOIF,ASOIF,135,5,3,52,14,61,3,64,0.451851851851852,TRUE,TRUE,TRUE,1326,248,1574,TRUE,26.26970227670753,0.49348122202763184,0.5065187779723682,0.926250243237984,0.07374975676201595,0,229514,3032,13.210523105344336,0.0223907909757139,0.04452506596306069,1574,1574,1326,248,0.04066073697585769,12.453784783031718,11.870013621327107,0.5837711617046117,6.857969448486803,1.8159580436421485,0.45185185185185184,0.01826994600014379,1.8159580436421487,8,8,7,TRUE,TRUE,TRUE,31,40,TRUE,TRUE,FALSE
2016,Rowing,Rowing,Rowing,ASOIF Summer Olympic sports | Other sports/disciplines - Non-Code Signatories | Sports for Athletes with an Impairment,5117,1522,3595,4742,375,0,33,3,2016_anti-doping_testing_figures.pdf,wada_testing_2016_sport_totals.csv,0,TRUE,Rowing,1,Rowing,ASOIF | Other Sports - Non-Code Signatories | Sports for Athletes with an Impairment,ASOIF | Other Sports - Non-Code Signatories | Sports for Athletes with an Impairment,33,7,1,3,14,8,0,8,0.242424242424242,TRUE,FALSE,TRUE,1326,248,1574,TRUE,6.4490912644127425,0.29743990619503613,0.7025600938049639,0.9267148719953098,0.07328512800469025,0,229514,3032,13.210523105344336,0.022294936256611796,0.010883905013192613,1574,1574,1326,248,0.005082592121982211,1.5634160641000585,1.5634160641000585,0,6.857969448486803,0.22797069538491793,0.24242424242424243,-0.017212344134629583,0.227970695384918,9,20,30,TRUE,TRUE,TRUE,81,90,TRUE,TRUE,FALSE
2016,Boxing,Boxing,Boxing,ASOIF Summer Olympic sports | Other sports/disciplines - Non-Code Signatories,4999,2376,2623,4363,636,0,107,2,2016_anti-doping_testing_figures.pdf,wada_testing_2016_sport_totals.csv,0,TRUE,Boxing,1,Boxing,ASOIF | Other Sports - Non-Code Signatories,ASOIF | Other Sports - Non-Code Signatories,107,2,7,19,45,34,2,36,0.317757009345794,TRUE,TRUE,TRUE,1326,248,1574,TRUE,21.404280856171237,0.47529505901180236,0.5247049409881976,0.8727745549109822,0.1272254450890178,0,229514,3032,13.210523105344336,0.02178080639960961,0.03529023746701847,1574,1574,1326,248,0.022871664548919948,7.201440288057611,6.801360272054411,0.40008001600320064,6.857969448486803,1.050083460148192,0.3177570093457944,0.0010908581493103385,1.0500834601481923,10,9,9,TRUE,TRUE,TRUE,48,44,TRUE,TRUE,FALSE
2016,Skiing,Skiing,Skiing,AIOWF Winter Olympic sports | Other sports/disciplines - Non-Code Signatories | Paralympic sports/disciplines | Sports for Athletes with an Impairment,4946,1728,3218,4373,573,0,15,4,2016_anti-doping_testing_figures.pdf,wada_testing_2016_sport_totals.csv,0,TRUE,Skiing,1,Skiing,AIOWF | IPC,AIOWF | IPC,15,4,1,6,0,4,3,7,0.266666666666667,TRUE,TRUE,TRUE,1326,248,1574,TRUE,3.03275374039628,0.3493732308936514,0.6506267691063485,0.8841488071168621,0.11585119288313789,0,229514,3032,13.210523105344336,0.021549883667227272,0.004947229551451188,1574,1574,1326,248,0.0044472681067344345,1.4152850788515972,0.8087343307723412,0.6065507480792559,6.857969448486803,0.20637086377861846,0.26666666666666666,-0.017102615560492838,0.20637086377861846,11,33,32,TRUE,TRUE,TRUE,84,106,TRUE,TRUE,FALSE
2016,Tennis,Tennis,Tennis,ASOIF Summer Olympic sports | Other sports/disciplines - Non-Code Signatories | Sports for Athletes with an Impairment,4834,2758,2076,3811,1023,0,35,3,2016_anti-doping_testing_figures.pdf,wada_testing_2016_sport_totals.csv,0,TRUE,Tennis,1,Tennis,ASOIF | Sports for Athletes with an Impairment,ASOIF | Sports for Athletes with an Impairment,35,4,1,21,2,7,1,8,0.2,TRUE,TRUE,TRUE,1326,248,1574,TRUE,7.240380637153496,0.5705419942076955,0.42945800579230453,0.7883740173769135,0.21162598262308646,0,229514,3032,13.210523105344336,0.02106189600634384,0.01154353562005277,1574,1574,1326,248,0.005082592121982211,1.6549441456350846,1.4480761274306992,0.20686801820438558,6.857969448486803,0.2413169317924338,0.2,-0.015979303884361626,0.24131693179243385,12,19,30,TRUE,TRUE,TRUE,79,87,TRUE,TRUE,FALSE
2016,Triathlon,Triathlon,Triathlon,ASOIF Summer Olympic sports | Other sports/disciplines from Code Signatories | Sports for Athletes with an Impairment,4691,2524,2167,4257,434,0,46,3,2016_anti-doping_testing_figures.pdf,wada_testing_2016_sport_totals.csv,0,TRUE,Triathlon,1,Triathlon,ASOIF | Other Code Signatories | Sports for Athletes with an Impairment,ASOIF | Other Code Signatories | Sports for Athletes with an Impairment,46,13,0,8,5,20,3,23,0.434782608695652,TRUE,TRUE,TRUE,1326,248,1574,TRUE,9.806011511404817,0.5380515881475165,0.4619484118524835,0.9074824131315284,0.09251758686847154,0,229514,3032,13.210523105344336,0.020438840332180172,0.015171503957783642,1574,1574,1326,248,0.014612452350698857,4.9030057557024085,4.263483265828182,0.6395224898742272,6.857969448486803,0.7149354911145378,0.43478260869565216,-0.005826387981481315,0.7149354911145379,13,17,17,TRUE,TRUE,TRUE,59,72,TRUE,TRUE,FALSE
2016,Judo,Judo,Judo,ASOIF Summer Olympic sports | Other sports/disciplines - Non-Code Signatories | Sports for Athletes with an Impairment,4465,2284,2181,4271,194,0,51,3,2016_anti-doping_testing_figures.pdf,wada_testing_2016_sport_totals.csv,0,TRUE,Judo,1,Judo,ASOIF | Sports for Athletes with an Impairment,ASOIF | Sports for Athletes with an Impairment,51,3,1,14,8,25,3,28,0.490196078431373,TRUE,TRUE,TRUE,1326,248,1574,TRUE,11.422172452407615,0.5115341545352744,0.48846584546472566,0.9565509518477043,0.04344904815229563,0,229514,3032,13.210523105344336,0.01945415094504039,0.016820580474934038,1574,1574,1326,248,0.017789072426937738,6.270996640537514,5.599104143337066,0.6718924972004479,6.857969448486803,0.9144101162365482,0.49019607843137253,-0.0016650785181026515,0.9144101162365483,14,16,14,TRUE,TRUE,TRUE,53,66,TRUE,TRUE,FALSE
2016,Canoe / Kayak,Canoe / Kayak,Canoe / Kayak,ASOIF Summer Olympic sports | Other sports/disciplines - Non-Code Signatories | Sports for Athletes with an Impairment,4359,1627,2732,3960,399,0,73,3,2016_anti-doping_testing_figures.pdf,wada_testing_2016_sport_totals.csv,0,TRUE,Canoe / Kayak,1,Canoe/Kayak,ASOIF | Sports for Athletes with an Impairment,ASOIF | Sports for Athletes with an Impairment,73,5,1,33,5,29,3,32,0.397260273972603,TRUE,TRUE,TRUE,1326,248,1574,TRUE,16.746960311998166,0.3732507455838495,0.6267492544161505,0.9084652443220922,0.09153475567790778,0,229514,3032,13.210523105344336,0.018992305480275713,0.024076517150395778,1574,1574,1326,248,0.020330368487928845,7.34113328745125,6.652902041752696,0.68823124569855465,6.857969448486803,1.070452900467653,0.3972602739726027,0.001338063007653132,1.0704529004676533,15,11,11,TRUE,TRUE,TRUE,47,51,TRUE,TRUE,FALSE
2016,Volleyball,Volleyball,Volleyball,ASOIF Summer Olympic sports | Other sports/disciplines - Non-Code Signatories | Sports for Athletes with an Impairment,4338,2599,1739,4160,178,0,31,3,2016_anti-doping_testing_figures.pdf,wada_testing_2016_sport_totals.csv,0,TRUE,Volleyball,1,Volleyball,ASOIF,ASOIF,31,2,1,9,4,15,1,16,0.483870967741935,TRUE,TRUE,TRUE,1326,248,1574,TRUE,7.14615029967727,0.599124020285846,0.400875979714154,0.958967266021208,0.04103273397879207,0,229514,3032,13.210523105344336,0.01890080779386007,0.010224274406332454,1574,1574,1326,248,0.010165184243964422,3.688335638543107,3.457814661134163,0.2305209774089442,6.857969448486803,0.53781744964713,0.4838709677419355,-0.008735623549895648,0.5378174496471301,16,22,22,TRUE,TRUE,TRUE,65,88,TRUE,TRUE,FALSE
2016,Handball,Handball,Handball,ASOIF Summer Olympic sports | Other sports/disciplines - Non-Code Signatories | Sports for Athletes with an Impairment,3939,2156,1783,3768,171,0,17,3,2016_anti-doping_testing_figures.pdf,wada_testing_2016_sport_totals.csv,0,TRUE,Handball,1,Handball,ASOIF | Other Sports - Non-Code Signatories,ASOIF | Other Sports - Non-Code Signatories,17,3,1,0,2,11,5,16,0.647058823529412,TRUE,TRUE,TRUE,1326,248,1574,TRUE,4.315816197004316,0.5473470423965473,0.45265295760345264,0.9565879664889566,0.04341203351104341,0,229514,3032,13.210523105344336,0.017162351751962842,0.005606860158311346,1574,1574,1326,248,0.010165184243964422,4.061944656004062,2.7925869510027925,1.2693577050012694,6.857969448486803,0.5922955309899087,0.6470588235294118,-0.00699716750799842,0.5922955309899087,17,30,22,TRUE,TRUE,TRUE,63,104,TRUE,TRUE,FALSE
2016,Powerlifting,Powerlifting,Powerlifting,AIMS sports | Other sports/disciplines - Non-Code Signatories | Paralympic sports/disciplines,3878,2395,1483,3542,336,0,155,3,2016_anti-doping_testing_figures.pdf,wada_testing_2016_sport_totals.csv,0,TRUE,Powerlifting,1,Powerlifting,AIMS | IPC | Other Sports - Non-Code Signatories,AIMS | IPC | Other Sports - Non-Code Signatories,155,18,7,7,45,78,5,83,0.503225806451613,TRUE,TRUE,TRUE,1326,248,1574,TRUE,39.96905621454358,0.6175863847343992,0.3824136152656008,0.9133574007220217,0.08664259927797834,0,229514,3032,13.210523105344336,0.01689657275808883,0.05112137203166227,1574,1574,1326,248,0.05273189326556544,21.402784940691078,20.113460546673544,1.289324394017535,6.857969448486803,3.120863267393756,0.5032258064516129,0.035835320507476606,3.1208632673937564,18,7,5,TRUE,TRUE,TRUE,21,20,TRUE,TRUE,FALSE
2016,Skating,Skating,Skating,AIOWF Winter Olympic sports,3611,1878,1733,3338,273,0,27,1,2016_anti-doping_testing_figures.pdf,wada_testing_2016_sport_totals.csv,0,TRUE,Skating,1,Skating,AIOWF,AIOWF,26,1,0,22,0,3,1,4,0.115384615384615,TRUE,TRUE,TRUE,1326,248,1574,TRUE,7.477153143173636,0.5200775408474106,0.4799224591525893,0.9243976737745777,0.07560232622542232,0,229514,3032,13.210523105344336,0.01573324503080422,0.008905013192612138,1574,1574,1326,248,0.0025412960609911056,1.1077263915812794,0.8307947936859595,0.27693159789531985,6.857969448486803,0.16152396126898713,0.1111111111111111,-0.013191948969813114,0.16152396126898716,19,23,40,TRUE,TRUE,TRUE,86,86,TRUE,TRUE,FALSE
2016,Ice Hockey,Ice Hockey,Ice Hockey,AIOWF Winter Olympic sports | Other sports/disciplines - Non-Code Signatories | Sports for Athletes with an Impairment,3287,1711,1576,3120,167,0,36,3,2016_anti-doping_testing_figures.pdf,wada_testing_2016_sport_totals.csv,0,TRUE,Ice Hockey,1,Ice Hockey,AIOWF,AIOWF,36,11,1,10,3,11,1,12,0.305555555555556,TRUE,TRUE,TRUE,1326,248,1574,TRUE,10.952236081533314,0.520535442652875,0.47946455734712506,0.9491937937328871,0.050806206267112866,0,229514,3032,13.210523105344336,0.014321566440391436,0.011873350923482849,1574,1574,1326,248,0.007623888182973317,3.650745360511104,3.346516580468512,0.304228780042592,6.857969448486803,0.5323361948363059,0.3055555555555556,-0.006697678257418119,0.532336194836306,20,18,25,TRUE,TRUE,TRUE,67,68,TRUE,TRUE,FALSE
2016,Gymnastics,Gymnastics,Gymnastics,ASOIF Summer Olympic sports,2123,955,1168,2038,85,0,18,1,2016_anti-doping_testing_figures.pdf,wada_testing_2016_sport_totals.csv,0,TRUE,Gymnastics,1,Gymnastics,ASOIF,ASOIF,18,10,0,3,1,4,1,5,0.222222222222222,TRUE,TRUE,TRUE,1326,248,1574,TRUE,8.478568064060292,0.44983513895430993,0.5501648610456901,0.9599623174752708,0.040037682524729154,0,229514,3032,13.210523105344336,0.00924998039335291,0.005936675461741424,1574,1574,1326,248,0.0031766200762388818,2.3551577955723033,1.8841262364578428,0.4710315591144607,6.857969448486803,0.343419114544461,0.2222222222222222,-0.006073360317114029,0.343419114544461,21,29,38,TRUE,TRUE,TRUE,75,81,TRUE,TRUE,FALSE
2016,Mixed Martial Arts,Mixed Martial Arts,Mixed Martial Arts,Other sports/disciplines - Non-Code Signatories,2114,526,1588,2021,93,0,64,1,2016_anti-doping_testing_figures.pdf,wada_testing_2016_sport_totals.csv,0,TRUE,Mixed Martial Arts,1,Mixed Martial Arts,Other Sports - Non-Code Signatories,Other Sports - Non-Code Signatories,64,1,11,3,28,21,0,21,0.328125,TRUE,FALSE,TRUE,1326,248,1574,TRUE,30.274361400189214,0.24881740775780511,0.7511825922421949,0.9560075685903501,0.04399243140964995,0,229514,3032,13.210523105344336,0.009210767099174778,0.021108179419525065,1574,1574,1326,248,0.013341804320203304,9.933774834437086,9.933774834437086,0,6.857969448486803,1.4485008877706438,0.328125,0.004131037221028526,1.4485008877706438,22,13,18,TRUE,TRUE,TRUE,36,32,TRUE,TRUE,FALSE
2016,Shooting,Shooting,Shooting,ASOIF Summer Olympic sports | Other sports/disciplines - Non-Code Signatories | Paralympic sports/disciplines,1959,1237,722,1947,12,0,12,3,2016_anti-doping_testing_figures.pdf,wada_testing_2016_sport_totals.csv,0,TRUE,Shooting,1,Shooting,ASOIF | IPC,ASOIF | IPC,12,6,0,1,3,2,0,2,0.166666666666667,TRUE,FALSE,TRUE,1326,248,1574,TRUE,6.1255742725880555,0.6314446145992854,0.36855538540071464,0.9938744257274119,0.006125574272588055,0,229514,3032,13.210523105344336,0.0085354270327736,0.00395778364116095,1574,1574,1326,248,0.0012706480304955528,1.0209290454313427,1.0209290454313427,0,6.857969448486803,0.14886754061825233,0.16666666666666666,-0.0072647790022780465,0.14886754061825233,23,36,51,TRUE,TRUE,TRUE,88,91,TRUE,TRUE,FALSE
2016,Fencing,Fencing,Fencing,ASOIF Summer Olympic sports | Other sports/disciplines - Non-Code Signatories | Sports for Athletes with an Impairment,1816,976,840,1786,30,0,11,3,2016_anti-doping_testing_figures.pdf,wada_testing_2016_sport_totals.csv,0,TRUE,Fencing,1,Fencing,ASOIF | Sports for Athletes with an Impairment,ASOIF | Sports for Athletes with an Impairment,11,4,1,1,2,3,0,3,0.272727272727273,TRUE,FALSE,TRUE,1326,248,1574,TRUE,6.057268722466961,0.5374449339207048,0.46255506607929514,0.9834801762114538,0.016519823788546256,0,229514,3032,13.210523105344336,0.007912371358609933,0.0036279683377308707,1574,1574,1326,248,0.0019059720457433292,1.6519823788546255,1.6519823788546255,0,6.857969448486803,0.24088505953014008,0.2727272727272727,-0.006006399312866604,0.24088505953014008,24,38,42,TRUE,TRUE,TRUE,80,92,TRUE,TRUE,FALSE
2016,Taekwondo,Taekwondo,Taekwondo,ASOIF Summer Olympic sports | Other sports/disciplines - Non-Code Signatories | Other sports/disciplines from Code Signatories | Sports for Athletes with an Impairment,1813,1155,658,1773,40,0,27,4,2016_anti-doping_testing_figures.pdf,wada_testing_2016_sport_totals.csv,0,TRUE,Taekwondo,1,Taekwondo,ASOIF | Other Code Signatories | Sports for Athletes with an Impairment,ASOIF | Other Code Signatories | Sports for Athletes with an Impairment,27,0,1,1,6,19,0,19,0.703703703703704,TRUE,FALSE,TRUE,1326,248,1574,TRUE,14.892443463872034,0.637065637065637,0.36293436293436293,0.9779371207942636,0.02206287920573635,0,229514,3032,13.210523105344336,0.007899300260550555,0.008905013192612138,1574,1574,1326,248,0.01207115628970775,10.479867622724766,10.479867622724766,0,6.857969448486803,1.5281298205603888,0.7037037037037037,0.004171856029157196,1.5281298205603886,25,23,20,TRUE,TRUE,TRUE,33,56,TRUE,TRUE,FALSE
2016,Biathlon,Biathlon,Biathlon,AIOWF Winter Olympic sports | Paralympic sports/disciplines,1720,716,1004,1559,161,0,16,2,2016_anti-doping_testing_figures.pdf,wada_testing_2016_sport_totals.csv,0,TRUE,Biathlon,1,Biathlon,AIOWF,AIOWF,16,0,1,9,1,5,1,6,0.3125,TRUE,TRUE,TRUE,1326,248,1574,TRUE,9.30232558139535,0.41627906976744183,0.5837209302325581,0.9063953488372093,0.0936046511627907,0,229514,3032,13.210523105344336,0.0074940962207098475,0.005277044854881266,1574,1574,1326,248,0.0038119440914866584,3.488372093023256,2.9069767441860463,0.5813953488372093,6.857969448486803,0.5086596140775982,0.3125,-0.003682152129223189,0.5086596140775982,26,31,34,TRUE,TRUE,TRUE,69,78,TRUE,TRUE,FALSE
2016,Field Hockey,Field Hockey,Field Hockey,ASOIF Summer Olympic sports | Other sports/disciplines - Non-Code Signatories | Sports for Athletes with an Impairment,1675,800,875,1658,17,0,8,3,2016_anti-doping_testing_figures.pdf,wada_testing_2016_sport_totals.csv,0,TRUE,Field Hockey,1,Field Hockey,ASOIF | Sports for Athletes with an Impairment,ASOIF | Sports for Athletes with an Impairment,8,1,1,1,3,2,1,3,0.25,TRUE,TRUE,TRUE,1326,248,1574,TRUE,4.776119402985075,0.47761194029850745,0.5223880597014925,0.9898507462686568,0.010149253731343283,0,229514,3032,13.210523105344336,0.0072980297498191835,0.002638522427440633,1574,1574,1326,248,0.0019059720457433292,1.791044776119403,1.1940298507462688,0.5970149253731344,6.857969448486803,0.26116254812342354,0.25,-0.0053920577040758545,0.26116254812342354,27,42,42,TRUE,TRUE,TRUE,77,101,TRUE,TRUE,FALSE
2016,Rugby League,Rugby League,Rugby League,Other sports/disciplines from Code Signatories,1621,432,1189,1491,130,0,21,1,2016_anti-doping_testing_figures.pdf,wada_testing_2016_sport_totals.csv,0,TRUE,Rugby League,1,Rugby League,Other Code Signatories,Other Code Signatories,21,2,3,0,0,16,10,26,0.761904761904762,TRUE,TRUE,TRUE,1326,248,1574,TRUE,12.954966070326957,0.2665021591610117,0.7334978408389883,0.919802590993214,0.08019740900678593,0,229514,3032,13.210523105344336,0.0070627499847503855,0.006926121372031662,1574,1574,1326,248,0.016518424396442185,16.039481801357187,9.870450339296731,6.169031462060457,6.857969448486803,2.338809165283795,0.7619047619047619,0.0094556744116918,2.338809165283795,28,25,15,TRUE,TRUE,TRUE,26,58,TRUE,TRUE,FALSE
2016,American Football,American Football,American Football,ARISF recognized sports | Other sports/disciplines - Non-Code Signatories,1616,859,757,1520,96,0,70,2,2016_anti-doping_testing_figures.pdf,wada_testing_2016_sport_totals.csv,0,TRUE,American Football,1,American Football,ARISF | Other Sports - Non-Code Signatories,ARISF | Other Sports - Non-Code Signatories,70,7,2,0,40,21,0,21,0.3,TRUE,FALSE,TRUE,1326,248,1574,TRUE,43.31683168316832,0.531559405940594,0.46844059405940597,0.9405940594059405,0.0594059405940594,0,229514,3032,13.210523105344336,0.007040964821318089,0.02308707124010554,1574,1574,1326,248,0.013341804320203304,12.995049504950494,12.995049504950494,0,6.857969448486803,1.8948829682841215,0.3,0.006300839498885214,1.894882968284122,29,12,18,TRUE,TRUE,TRUE,28,18,TRUE,TRUE,FALSE
2016,Bodybuilding,Bodybuilding,Bodybuilding,AIMS sports | Other sports/disciplines - Non-Code Signatories,1565,1096,469,1473,92,0,291,2,2016_anti-doping_testing_figures.pdf,wada_testing_2016_sport_totals.csv,0,TRUE,Bodybuilding,1,Bodybuilding,AIMS | Other Sports - Non-Code Signatories,AIMS | Other Sports - Non-Code Signatories,291,1,10,2,130,148,50,198,0.508591065292096,TRUE,TRUE,TRUE,1326,248,1574,TRUE,185.94249201277955,0.7003194888178914,0.29968051118210864,0.9412140575079873,0.05878594249201278,0,229514,3032,13.210523105344336,0.00681875615430867,0.09597625329815303,1574,1574,1326,248,0.12579415501905972,126.51757188498402,94.56869009584665,31.948881789137378,6.857969448486803,18.44825539619455,0.5085910652920962,0.11897539886475104,18.44825539619455,30,2,2,TRUE,TRUE,TRUE,1,3,TRUE,TRUE,FALSE
2016,Badminton,Badminton,Badminton,ASOIF Summer Olympic sports | Other sports/disciplines - Non-Code Signatories | Sports for Athletes with an Impairment,1334,781,553,1300,34,0,7,3,2016_anti-doping_testing_figures.pdf,wada_testing_2016_sport_totals.csv,0,TRUE,Badminton,1,Badminton,ASOIF | Other Sports - Non-Code Signatories,ASOIF | Other Sports - Non-Code Signatories,7,2,1,2,0,2,0,2,0.285714285714286,TRUE,FALSE,TRUE,1326,248,1574,TRUE,5.247376311844078,0.5854572713643178,0.41454272863568215,0.974512743628186,0.025487256371814093,0,229514,3032,13.210523105344336,0.005812281603736591,0.002308707124010554,1574,1574,1326,248,0.0012706480304955528,1.4992503748125936,1.4992503748125936,0,6.857969448486803,0.21861432688992222,0.2857142857142857,-0.004541633573241038,0.21861432688992227,31,46,51,TRUE,TRUE,TRUE,83,96,TRUE,TRUE,FALSE
2016,Table Tennis,Table Tennis,Table Tennis,ASOIF Summer Olympic sports | Other sports/disciplines - Non-Code Signatories | Sports for Athletes with an Impairment,1326,605,721,1305,21,0,6,3,2016_anti-doping_testing_figures.pdf,wada_testing_2016_sport_totals.csv,0,TRUE,Table Tennis,1,Table Tennis,ASOIF | Sports for Athletes with an Impairment,ASOIF | Sports for Athletes with an Impairment,6,0,0,3,1,2,0,2,0.333333333333333,TRUE,FALSE,TRUE,1326,248,1574,TRUE,4.524886877828055,0.45625942684766213,0.5437405731523378,0.9841628959276018,0.01583710407239819,0,229514,3032,13.210523105344336,0.005777425342244917,0.001978891820580475,1574,1574,1326,248,0.0012706480304955528,1.5082956259426847,1.5082956259426847,0,6.857969448486803,0.21993326702198812,0.3333333333333333,-0.004506777311749364,0.21993326702198818,32,50,51,TRUE,TRUE,TRUE,82,102,TRUE,TRUE,FALSE
2016,Baseball / Softball,Baseball / Softball,Baseball / Softball,ARISF recognized sports,1180,731,449,1160,20,0,64,1,2016_anti-doping_testing_figures.pdf,wada_testing_2016_sport_totals.csv,0,TRUE,Softball,1,Softball,ARISF,ARISF,1,0,0,0,0,1,0,1,1,TRUE,FALSE,TRUE,1326,248,1574,TRUE,54.23728813559322,0.6194915254237288,0.3805084745762712,0.9830508474576272,0.01694915254237288,0,229514,3032,13.210523105344336,0.0051412985700218725,0.021108179419525065,1574,1574,1326,248,6.353240152477764e-4,0.847457627118644,0.847457627118644,0,6.857969448486803,0.12357267460642214,0.015625,-0.004505974554774096,0.12357267460642216,33,13,62,TRUE,TRUE,TRUE,89,16,TRUE,TRUE,FALSE
2016,Cricket,Cricket,Cricket,ARISF recognized sports,1164,626,538,1133,31,0,3,1,2016_anti-doping_testing_figures.pdf,wada_testing_2016_sport_totals.csv,0,TRUE,Cricket,1,Cricket,ARISF,ARISF,3,0,1,1,0,1,1,2,0.333333333333333,TRUE,TRUE,TRUE,1326,248,1574,TRUE,2.577319587628866,0.5378006872852233,0.46219931271477666,0.9733676975945017,0.02663230240549828,0,229514,3032,13.210523105344336,0.005071586047038525,9.894459102902375e-4,1574,1574,1326,248,0.0012706480304955528,1.7182130584192439,0.8591065292096219,0.8591065292096219,6.857969448486803,0.25054253614360505,0.3333333333333333,-0.0038009380165429725,0.25054253614360505,34,64,51,TRUE,TRUE,TRUE,78,107,TRUE,TRUE,FALSE
2016,Archery,Archery,Archery,ASOIF Summer Olympic sports | Other sports/disciplines - Non-Code Signatories | Sports for Athletes with an Impairment,1120,668,452,1119,1,0,14,3,2016_anti-doping_testing_figures.pdf,wada_testing_2016_sport_totals.csv,0,TRUE,Archery,1,Archery,ASOIF | Sports for Athletes with an Impairment,ASOIF | Sports for Athletes with an Impairment,14,8,2,0,0,4,1,5,0.285714285714286,TRUE,TRUE,TRUE,1326,248,1574,TRUE,12.5,0.5964285714285714,0.4035714285714286,0.9991071428571429,8.928571428571428e-4,0,229514,3032,13.210523105344336,0.00487987660883432,0.004617414248021108,1574,1574,1326,248,0.0031766200762388818,4.464285714285714,3.571428571428571,0.8928571428571428,6.857969448486803,0.6509631965874024,0.2857142857142857,-0.001703256532595438,0.6509631965874024,35,34,38,TRUE,TRUE,TRUE,62,62,TRUE,TRUE,FALSE
2016,Sailing,Sailing,Sailing,ASOIF Summer Olympic sports | Other sports/disciplines - Non-Code Signatories | Sports for Athletes with an Impairment,923,335,588,909,14,0,8,3,2016_anti-doping_testing_figures.pdf,wada_testing_2016_sport_totals.csv,0,TRUE,Sailing,1,Sailing,ASOIF | Sports for Athletes with an Impairment,ASOIF | Sports for Athletes with an Impairment,8,4,0,0,3,1,0,1,0.125,TRUE,FALSE,TRUE,1326,248,1574,TRUE,8.66738894907909,0.3629469122426869,0.6370530877573131,0.9848320693391116,0.015167930660888408,0,229514,3032,13.210523105344336,0.004021541169601854,0.002638522427440633,1574,1574,1326,248,6.353240152477764e-4,1.0834236186348862,1.0834236186348862,0,6.857969448486803,0.1579802340580478,0.125,-0.0033862171543540777,0.15798023405804784,36,42,62,TRUE,TRUE,FALSE,87,80,TRUE,TRUE,FALSE
2016,Karate,Karate,Karate,ARISF recognized sports | Other sports/disciplines - Non-Code Signatories | Other sports/disciplines from Code Signatories | Sports for Athletes with an Impairment,874,535,339,863,11,0,8,4,2016_anti-doping_testing_figures.pdf,wada_testing_2016_sport_totals.csv,0,TRUE,Karate,1,Karate,ARISF | Other Sports - Non-Code Signatories,ARISF | Other Sports - Non-Code Signatories,8,0,1,0,5,2,1,3,0.25,TRUE,TRUE,TRUE,1326,248,1574,TRUE,9.153318077803204,0.6121281464530892,0.3878718535469107,0.9874141876430206,0.012585812356979404,0,229514,3032,13.210523105344336,0.003808046567965353,0.002638522427440633,1574,1574,1326,248,0.0019059720457433292,3.432494279176201,2.288329519450801,1.1441647597254005,6.857969448486803,0.5005117484058745,0.25,-0.0019020745222220238,0.5005117484058746,37,42,42,TRUE,TRUE,FALSE,70,79,TRUE,TRUE,FALSE
2016,Roller Sports,Roller Sports,Roller Sports,ARISF recognized sports,823,623,200,796,27,0,4,1,2016_anti-doping_testing_figures.pdf,wada_testing_2016_sport_totals.csv,0,TRUE,Roller Sports,1,Roller Sports,ARISF,ARISF,5,0,0,0,0,5,4,9,1,TRUE,TRUE,TRUE,1326,248,1574,TRUE,4.860267314702308,0.7569866342648846,0.24301336573511542,0.9671931956257594,0.032806804374240585,0,229514,3032,13.210523105344336,0.003585837900955933,0.0013192612137203166,1574,1574,1326,248,0.005717916137229987,10.935601458080194,6.075334143377886,4.860267314702308,6.857969448486803,1.5945829943137342,1.25,0.002132078236274054,1.5945829943137342,38,57,26,TRUE,TRUE,FALSE,32,99,TRUE,TRUE,FALSE
2016,Bobsleigh,Bobsleigh,Bobsleigh,AIOWF Winter Olympic sports | Sports for Athletes with an Impairment,820,187,633,691,129,0,8,2,2016_anti-doping_testing_figures.pdf,wada_testing_2016_sport_totals.csv,0,TRUE,Bobsleigh,1,Bobsleigh,AIOWF | Sports for Athletes with an Impairment,AIOWF | Sports for Athletes with an Impairment,8,1,0,5,0,2,1,3,0.25,TRUE,TRUE,TRUE,1326,248,1574,TRUE,9.75609756097561,0.2280487804878049,0.7719512195121951,0.8426829268292683,0.1573170731707317,0,229514,3032,13.210523105344336,0.0035727668028965555,0.002638522427440633,1574,1574,1326,248,0.0019059720457433292,3.658536585365854,2.4390243902439024,1.2195121951219512,6.857969448486803,0.5334722781789444,0.25,-0.0016667947571532263,0.5334722781789445,39,42,42,TRUE,TRUE,FALSE,66,75,TRUE,TRUE,FALSE
2016,Equestrian,Equestrian,Equestrian,ASOIF Summer Olympic sports | Other sports/disciplines - Non-Code Signatories | Sports for Athletes with an Impairment,742,392,350,737,5,0,6,3,2016_anti-doping_testing_figures.pdf,wada_testing_2016_sport_totals.csv,0,TRUE,Equestrian,1,Equestrian,ASOIF | Sports for Athletes with an Impairment,ASOIF | Sports for Athletes with an Impairment,6,2,0,1,1,2,2,4,0.333333333333333,TRUE,TRUE,TRUE,1326,248,1574,TRUE,8.086253369272237,0.5283018867924528,0.4716981132075472,0.9932614555256065,0.006738544474393531,0,229514,3032,13.210523105344336,0.0032329182533527368,0.001978891820580475,1574,1574,1326,248,0.0025412960609911056,5.3908355795148255,2.6954177897574128,2.6954177897574128,6.857969448486803,0.7860687656904483,0.3333333333333333,-6.916221923616312e-4,0.7860687656904483,40,50,40,TRUE,TRUE,FALSE,57,83,TRUE,TRUE,FALSE
2016,Golf,Golf,Golf,ASOIF Summer Olympic sports | Other sports/disciplines - Non-Code Signatories,714,570,144,696,18,0,5,2,2016_anti-doping_testing_figures.pdf,wada_testing_2016_sport_totals.csv,0,TRUE,Golf,1,Golf,ASOIF | Other Sports - Non-Code Signatories,ASOIF | Other Sports - Non-Code Signatories,5,2,1,1,0,1,0,1,0.2,TRUE,FALSE,TRUE,1326,248,1574,TRUE,7.002801120448179,0.7983193277310925,0.20168067226890757,0.9747899159663865,0.025210084033613446,0,229514,3032,13.210523105344336,0.003110921338131879,0.0016490765171503958,1574,1574,1326,248,6.353240152477764e-4,1.4005602240896358,1.4005602240896358,0,6.857969448486803,0.20422374794898898,0.2,-0.0024755973228841027,0.204223747948989,41,56,62,TRUE,TRUE,FALSE,85,89,TRUE,TRUE,FALSE
2016,Modern Pentathlon,Modern Pentathlon,Modern Pentathlon,ASOIF Summer Olympic sports | Other sports/disciplines - Non-Code Signatories,645,281,364,583,62,0,7,2,2016_anti-doping_testing_figures.pdf,wada_testing_2016_sport_totals.csv,0,TRUE,Modern Pentathlon,1,Modern Pentathlon,ASOIF,ASOIF,7,0,2,2,1,2,0,2,0.285714285714286,TRUE,FALSE,TRUE,1326,248,1574,TRUE,10.852713178294573,0.4356589147286822,0.5643410852713179,0.9038759689922481,0.09612403100775194,0,229514,3032,13.210523105344336,0.0028102860827661927,0.002308707124010554,1574,1574,1326,248,0.0012706480304955528,3.10077519379845,3.10077519379845,0,6.857969448486803,0.45214187918008725,0.2857142857142857,-0.00153963805227064,0.4521418791800873,42,46,51,TRUE,TRUE,FALSE,71,69,TRUE,TRUE,FALSE
2016,Underwater Sports,Underwater Sports,Underwater Sports,ARISF recognized sports,612,524,88,598,14,0,11,1,2016_anti-doping_testing_figures.pdf,wada_testing_2016_sport_totals.csv,0,TRUE,Underwater Sports,1,Underwater Sports,ARISF,ARISF,11,2,0,2,1,6,0,6,0.545454545454545,TRUE,FALSE,TRUE,1326,248,1574,TRUE,17.973856209150327,0.8562091503267973,0.1437908496732026,0.9771241830065359,0.02287581699346405,0,229514,3032,13.210523105344336,0.002666504004113039,0.0036279683377308707,1574,1574,1326,248,0.0038119440914866584,9.803921568627452,9.803921568627452,0,6.857969448486803,1.429566235642923,0.5454545454545454,0.0011454400873736194,1.429566235642923,43,38,34,TRUE,TRUE,FALSE,38,49,TRUE,TRUE,FALSE
2016,Baseball,Baseball,Baseball,Other sports/disciplines - Non-Code Signatories,577,495,82,568,9,0,1,1,2016_anti-doping_testing_figures.pdf,wada_testing_2016_sport_totals.csv,0,TRUE,Baseball,1,Baseball,ARISF | Other Sports - Non-Code Signatories,ARISF | Other Sports - Non-Code Signatories,64,5,4,0,50,5,1,6,0.078125,TRUE,TRUE,TRUE,1326,248,1574,TRUE,1.7331022530329288,0.8578856152512998,0.14211438474870017,0.9844020797227037,0.01559792027729636,0,229514,3032,13.210523105344336,0.0025140078600869665,3.2981530343007914e-4,1574,1574,1326,248,0.0038119440914866584,10.398613518197575,8.665511265164644,1.7331022530329288,6.857969448486803,1.5162816918777624,5,0.001297936231399692,1.5162816918777624,44,84,34,TRUE,TRUE,FALSE,34,108,TRUE,TRUE,FALSE
2016,Kickboxing,Kickboxing,Kickboxing,AIMS sports,517,362,155,507,10,0,33,1,2016_anti-doping_testing_figures.pdf,wada_testing_2016_sport_totals.csv,0,TRUE,Kickboxing,1,Kickboxing,AIMS,AIMS,33,4,1,2,2,24,2,26,0.727272727272727,TRUE,TRUE,TRUE,1326,248,1574,TRUE,63.82978723404255,0.7001934235976789,0.29980657640232106,0.9806576402321083,0.019342359767891684,0,229514,3032,13.210523105344336,0.0022525858988994133,0.010883905013192613,1574,1574,1326,248,0.016518424396442185,50.29013539651837,46.42166344294004,3.8684719535783367,6.857969448486803,7.333094113974916,0.7272727272727273,0.014265838497542772,7.333094113974917,45,20,15,TRUE,TRUE,FALSE,10,13,TRUE,TRUE,FALSE
2016,Australian Rules Football,Australian Rules Football,Australian Rules Football,Other sports/disciplines - Non-Code Signatories,479,112,367,443,36,0,4,1,2016_anti-doping_testing_figures.pdf,wada_testing_2016_sport_totals.csv,0,TRUE,Australian Rules Football,1,Australian Rules Football,Other Sports - Non-Code Signatories,Other Sports - Non-Code Signatories,4,3,0,0,0,1,30,31,0.25,TRUE,TRUE,TRUE,1326,248,1574,TRUE,8.35073068893528,0.23382045929018788,0.7661795407098121,0.9248434237995825,0.07515657620041753,0,229514,3032,13.210523105344336,0.0020870186568139634,0.0013192612137203166,1574,1574,1326,248,0.019695044472681066,64.71816283924844,2.08768267223382,62.63048016701461,6.857969448486803,9.436927843638669,0.25,0.017608025815867102,9.436927843638669,46,57,13,TRUE,FALSE,FALSE,8,82,TRUE,TRUE,FALSE
2016,Motorcycling,Motorcycling,Motorcycling,ARISF recognized sports,441,396,45,425,16,0,11,1,2016_anti-doping_testing_figures.pdf,wada_testing_2016_sport_totals.csv,0,TRUE,Motorcycle Racing,1,Motorcycle Racing,ARISF,ARISF,11,2,0,0,1,8,1,9,0.727272727272727,TRUE,TRUE,TRUE,1326,248,1574,TRUE,24.943310657596374,0.8979591836734694,0.10204081632653061,0.963718820861678,0.036281179138321996,0,229514,3032,13.210523105344336,0.0019214514147285133,0.0036279683377308707,1574,1574,1326,248,0.005717916137229987,20.408163265306122,18.140589569160998,2.2675736961451247,6.857969448486803,2.9758317558281253,0.7272727272727273,0.003796464722501474,2.9758317558281253,47,38,26,TRUE,FALSE,FALSE,22,41,TRUE,TRUE,FALSE
2016,Orienteering,Orienteering,Orienteering,ARISF recognized sports | Other sports/disciplines - Non-Code Signatories | Sports for Athletes with an Impairment,417,261,156,398,19,0,2,3,2016_anti-doping_testing_figures.pdf,wada_testing_2016_sport_totals.csv,0,TRUE,Orienteering,1,Orienteering,ARISF,ARISF,2,1,0,0,0,1,0,1,0.5,TRUE,FALSE,TRUE,1326,248,1574,TRUE,4.796163069544364,0.6258992805755396,0.37410071942446044,0.9544364508393285,0.045563549160671464,0,229514,3032,13.210523105344336,0.001816882630253492,6.596306068601583e-4,1574,1574,1326,248,6.353240152477764e-4,2.398081534772182,2.398081534772182,0,6.857969448486803,0.3496780720277653,0.5,-0.0011815586150057157,0.34967807202776535,48,70,62,TRUE,FALSE,FALSE,74,100,TRUE,TRUE,FALSE
2016,Automobile Sports,Automobile Sports,Automobile Sports,ARISF recognized sports,402,388,14,402,0,0,12,1,2016_anti-doping_testing_figures.pdf,wada_testing_2016_sport_totals.csv,0,TRUE,Automobile Sports,1,Automobile Sports,ARISF,ARISF,12,4,0,0,2,6,12,18,0.5,TRUE,TRUE,TRUE,1326,248,1574,TRUE,29.850746268656717,0.9651741293532339,0.03482587064676617,1,0,0,229514,3032,13.210523105344336,0.001751527139956604,0.00395778364116095,1574,1574,1326,248,0.011435832274459974,44.776119402985074,14.925373134328359,29.850746268656717,6.857969448486803,6.529063703085588,0.5,0.00968430513450337,6.529063703085588,49,36,21,TRUE,FALSE,FALSE,11,33,TRUE,TRUE,FALSE
2016,Floorball,Floorball,Floorball,ARISF recognized sports | Other sports/disciplines - Non-Code Signatories,394,235,159,385,9,0,2,2,2016_anti-doping_testing_figures.pdf,wada_testing_2016_sport_totals.csv,0,TRUE,Floorball,1,Floorball,ARISF,ARISF,2,1,0,0,0,1,0,1,0.5,TRUE,FALSE,TRUE,1326,248,1574,TRUE,5.076142131979695,0.5964467005076142,0.4035532994923858,0.9771573604060914,0.02284263959390863,0,229514,3032,13.210523105344336,0.0017166708784649301,6.596306068601583e-4,1574,1574,1326,248,6.353240152477764e-4,2.5380710659898473,2.5380710659898473,0,6.857969448486803,0.37009075135933533,0.5,-0.0010813468632171537,0.37009075135933545,50,70,62,TRUE,FALSE,FALSE,72,98,TRUE,TRUE,FALSE
2016,Muaythai,Muaythai,Muaythai,AIMS sports,364,301,63,348,16,0,20,1,2016_anti-doping_testing_figures.pdf,wada_testing_2016_sport_totals.csv,0,TRUE,Muaythai,1,Muaythai,AIMS,AIMS,20,1,0,0,6,13,0,13,0.65,TRUE,FALSE,TRUE,1326,248,1574,TRUE,54.94505494505494,0.8269230769230769,0.17307692307692307,0.9560439560439561,0.04395604395604396,0,229514,3032,13.210523105344336,0.0015859598978711538,0.006596306068601583,1574,1574,1326,248,0.008259212198221092,35.714285714285715,35.714285714285715,0,6.857969448486803,5.207705572699219,0.65,0.006673252300349939,5.207705572699219,51,27,24,TRUE,FALSE,FALSE,13,15,TRUE,TRUE,FALSE
2016,DanceSport,DanceSport,DanceSport,ARISF recognized sports | Sports for Athletes with an Impairment,350,269,81,350,0,0,2,2,2016_anti-doping_testing_figures.pdf,wada_testing_2016_sport_totals.csv,0,TRUE,DanceSport,1,DanceSport,ARISF,ARISF,2,0,0,0,0,2,0,2,1,TRUE,FALSE,TRUE,1326,248,1574,TRUE,5.714285714285714,0.7685714285714286,0.23142857142857143,1,0,0,229514,3032,13.210523105344336,0.0015249614402607248,6.596306068601583e-4,1574,1574,1326,248,0.0012706480304955528,5.714285714285714,5.714285714285714,0,6.857969448486803,0.8332328916318751,1,-2.5431340976517203e-4,0.8332328916318752,52,70,51,TRUE,FALSE,FALSE,56,93,TRUE,TRUE,FALSE
2016,Life Saving,Life Saving,Life Saving,ARISF recognized sports,337,271,66,330,7,0,4,1,2016_anti-doping_testing_figures.pdf,wada_testing_2016_sport_totals.csv,0,TRUE,Life Saving,1,Lifesaving,ARISF,ARISF,4,2,0,0,2,0,0,0,0,TRUE,FALSE,TRUE,1326,248,1574,TRUE,11.869436201780417,0.8041543026706232,0.19584569732937684,0.9792284866468842,0.020771513353115726,0,229514,3032,13.210523105344336,0.001468320015336755,0.0013192612137203166,1574,1574,1326,248,0,0,0,0,6.857969448486803,0,0,-0.001468320015336755,0,53,57,90,TRUE,FALSE,FALSE,90,63,TRUE,TRUE,FALSE
2016,Luge,Luge,Luge,AIOWF Winter Olympic sports,284,92,192,275,9,0,1,1,2016_anti-doping_testing_figures.pdf,wada_testing_2016_sport_totals.csv,0,TRUE,Luge,1,Luge,AIOWF,AIOWF,1,0,0,0,0,1,0,1,1,TRUE,FALSE,TRUE,1326,248,1574,TRUE,3.5211267605633805,0.323943661971831,0.676056338028169,0.9683098591549296,0.03169014084507042,0,229514,3032,13.210523105344336,0.0012373972829544167,3.2981530343007914e-4,1574,1574,1326,248,6.353240152477764e-4,3.5211267605633805,3.5211267605633805,0,6.857969448486803,0.5134357606886555,1,-6.020732677066403e-4,0.5134357606886555,54,84,62,TRUE,FALSE,FALSE,68,105,TRUE,TRUE,FALSE
2016,Sambo,Sambo,Sambo,AIMS sports,273,209,64,270,3,0,16,1,2016_anti-doping_testing_figures.pdf,wada_testing_2016_sport_totals.csv,0,TRUE,Sambo,1,Sambo,AIMS,AIMS,16,0,0,6,4,6,0,6,0.375,TRUE,FALSE,TRUE,1326,248,1574,TRUE,58.608058608058606,0.7655677655677655,0.23443223443223443,0.989010989010989,0.01098901098901099,0,229514,3032,13.210523105344336,0.0011894699234033653,0.005277044854881266,1574,1574,1326,248,0.0038119440914866584,21.978021978021978,21.978021978021978,0,6.857969448486803,3.2047418908918273,0.375,0.002622474168083293,3.2047418908918277,55,31,34,TRUE,FALSE,FALSE,19,14,TRUE,TRUE,FALSE
2016,Wushu,Wushu,Wushu,ARISF recognized sports,269,146,123,266,3,0,9,1,2016_anti-doping_testing_figures.pdf,wada_testing_2016_sport_totals.csv,0,TRUE,Wushu,1,Wushu,ARISF,ARISF,9,0,2,0,5,2,0,2,0.222222222222222,TRUE,FALSE,TRUE,1326,248,1574,TRUE,33.45724907063197,0.5427509293680297,0.45724907063197023,0.9888475836431226,0.011152416356877323,0,229514,3032,13.210523105344336,0.0011720417926575286,0.002968337730870712,1574,1574,1326,248,0.0012706480304955528,7.434944237918216,7.434944237918216,0,6.857969448486803,1.0841320151344098,0.2222222222222222,9.860623783802423e-5,1.08413201513441,56,41,51,TRUE,FALSE,FALSE,46,24,TRUE,TRUE,FALSE
2016,Kabaddi,Kabaddi,Kabaddi,Other sports/disciplines - Non-Code Signatories,267,182,85,267,0,0,21,1,2016_anti-doping_testing_figures.pdf,wada_testing_2016_sport_totals.csv,0,TRUE,Kabaddi,1,Kabaddi,Other Sports - Non-Code Signatories,Other Sports - Non-Code Signatories,21,0,10,0,2,9,0,9,0.428571428571429,TRUE,FALSE,TRUE,1326,248,1574,TRUE,78.65168539325842,0.6816479400749064,0.31835205992509363,1,0,0,229514,3032,13.210523105344336,0.0011633277272846102,0.006926121372031662,1574,1574,1326,248,0.005717916137229987,33.70786516853933,33.70786516853933,0,6.857969448486803,4.915137843895892,0.42857142857142855,0.004554588409945376,4.9151378438958915,57,25,26,TRUE,FALSE,FALSE,15,8,TRUE,TRUE,FALSE
2016,Curling,Curling,Curling,AIOWF Winter Olympic sports | Sports for Athletes with an Impairment,260,172,88,260,0,0,3,2,2016_anti-doping_testing_figures.pdf,wada_testing_2016_sport_totals.csv,0,TRUE,Curling,1,Curling,AIOWF | Sports for Athletes with an Impairment,AIOWF | Sports for Athletes with an Impairment,3,1,0,0,1,1,0,1,0.333333333333333,TRUE,FALSE,TRUE,1326,248,1574,TRUE,11.538461538461538,0.6615384615384615,0.3384615384615385,1,0,0,229514,3032,13.210523105344336,0.0011328284984793956,9.894459102902375e-4,1574,1574,1326,248,6.353240152477764e-4,3.8461538461538463,3.8461538461538463,0,6.857969448486803,0.5608298309060697,0.3333333333333333,-4.975044832316192e-4,0.5608298309060699,58,64,62,TRUE,FALSE,FALSE,64,65,TRUE,TRUE,FALSE
2016,Sport Climbing,Sport Climbing,Sport Climbing,ARISF recognized sports | Sports for Athletes with an Impairment,255,220,35,255,0,0,2,2,2016_anti-doping_testing_figures.pdf,wada_testing_2016_sport_totals.csv,0,TRUE,Sport Climbing,1,Sport Climbing,ARISF | Sports for Athletes with an Impairment,ARISF | Sports for Athletes with an Impairment,2,1,0,0,1,0,0,0,0,TRUE,FALSE,TRUE,1326,248,1574,TRUE,7.8431372549019605,0.8627450980392157,0.13725490196078433,1,0,0,229514,3032,13.210523105344336,0.0011110433350470996,6.596306068601583e-4,1574,1574,1326,248,0,0,0,0,6.857969448486803,0,0,-0.0011110433350470996,0,59,70,90,TRUE,FALSE,FALSE,90,85,TRUE,TRUE,FALSE
2016,Squash,Squash,Squash,ARISF recognized sports,237,142,95,235,2,0,4,1,2016_anti-doping_testing_figures.pdf,wada_testing_2016_sport_totals.csv,0,TRUE,Squash,1,Squash,ARISF,ARISF,4,1,0,0,0,3,0,3,0.75,TRUE,FALSE,TRUE,1326,248,1574,TRUE,16.877637130801688,0.5991561181434599,0.4008438818565401,0.9915611814345991,0.008438818565400843,0,229514,3032,13.210523105344336,0.0010326167466908336,0.0013192612137203166,1574,1574,1326,248,0.0019059720457433292,12.658227848101266,12.658227848101266,0,6.857969448486803,1.8457690637414954,0.75,8.733552990524956e-4,1.8457690637414956,60,57,42,TRUE,FALSE,FALSE,30,50,TRUE,TRUE,FALSE
2016,Jiu-Jitsu,Jiu-Jitsu,Jiu-Jitsu | Ju-Jitsu,AIMS sports | Other sports/disciplines - Non-Code Signatories,236,136,100,234,2,0,3,2,2016_anti-doping_testing_figures.pdf,wada_testing_2016_sport_totals.csv,0,TRUE,Jiu-Jitsu,1,Jiu-Jitsu | Ju-Jitsu,AIMS | Other Sports - Non-Code Signatories,AIMS | Other Sports - Non-Code Signatories,3,1,0,0,0,2,1,3,0.666666666666667,TRUE,TRUE,TRUE,1326,248,1574,TRUE,12.711864406779663,0.576271186440678,0.423728813559322,0.9915254237288136,0.00847457627118644,0,229514,3032,13.210523105344336,0.0010282597140043744,9.894459102902375e-4,1574,1574,1326,248,0.0019059720457433292,12.711864406779663,8.474576271186441,4.237288135593221,6.857969448486803,1.8535901190963324,0.6666666666666666,8.777123317389548e-4,1.8535901190963324,61,64,42,TRUE,FALSE,FALSE,29,59,TRUE,TRUE,FALSE
2016,Sitting Volleyball,Sitting Volleyball,Sitting Volleyball,Sports for Athletes with an Impairment,222,46,176,222,0,0,1,1,2016_anti-doping_testing_figures.pdf,wada_testing_2016_sport_totals.csv,0,TRUE,Sitting Volleyball,1,Sitting Volleyball,Sports for Athletes with an Impairment,Sports for Athletes with an Impairment,1,0,0,0,0,1,0,1,1,TRUE,FALSE,TRUE,1326,248,1574,TRUE,4.504504504504505,0.2072072072072072,0.7927927927927928,1,0,0,229514,3032,13.210523105344336,9.672612563939454e-4,3.2981530343007914e-4,1574,1574,1326,248,6.353240152477764e-4,4.504504504504505,4.504504504504505,0,6.857969448486803,0.6568277298899916,1,-3.3193724114616904e-4,0.6568277298899917,62,84,62,TRUE,FALSE,FALSE,61,103,TRUE,TRUE,FALSE
2016,Horse Racing,Horse Racing,Horse Racing,Other sports/disciplines - Non-Code Signatories,216,215,1,216,0,0,7,1,2016_anti-doping_testing_figures.pdf,wada_testing_2016_sport_totals.csv,0,TRUE,Horse Racing,1,Horse Racing,Other Sports - Non-Code Signatories,Other Sports - Non-Code Signatories,7,0,0,0,6,1,0,1,0.142857142857143,TRUE,FALSE,TRUE,1326,248,1574,TRUE,32.407407407407405,0.9953703703703703,0.004629629629629629,1,0,0,229514,3032,13.210523105344336,9.411190602751901e-4,0.002308707124010554,1574,1574,1326,248,6.353240152477764e-4,4.62962962962963,4.62962962962963,0,6.857969448486803,0.675072944609158,0.14285714285714285,-3.0579504502741375e-4,0.6750729446091581,63,46,62,TRUE,FALSE,FALSE,60,26,TRUE,TRUE,FALSE
2016,Other Rugby,Other Rugby,Other Rugby,Other sports/disciplines - Non-Code Signatories | Sports for Athletes with an Impairment,213,99,114,209,4,0,7,2,2016_anti-doping_testing_figures.pdf,wada_testing_2016_sport_totals.csv,0,TRUE,NA,NA,NA,NA,NA,0,0,0,0,0,0,0,0,NA,NA,NA,FALSE,1326,248,1574,TRUE,32.863849765258216,0.4647887323943662,0.5352112676056338,0.9812206572769953,0.018779342723004695,0,229514,3032,13.210523105344336,9.280479622158125e-4,0.002308707124010554,1574,1574,1326,248,0,0,0,0,6.857969448486803,0,0,-9.280479622158125e-4,0,64,46,90,TRUE,FALSE,FALSE,90,25,TRUE,TRUE,TRUE
2016,Surfing,Surfing,Surfing,ARISF recognized sports | Other sports/disciplines - Non-Code Signatories,208,158,50,206,2,0,6,2,2016_anti-doping_testing_figures.pdf,wada_testing_2016_sport_totals.csv,0,TRUE,Surfing,1,Surfing,ARISF | Other Sports - Non-Code Signatories,ARISF | Other Sports - Non-Code Signatories,6,0,0,3,1,2,0,2,0.333333333333333,TRUE,FALSE,TRUE,1326,248,1574,TRUE,28.846153846153847,0.7596153846153846,0.2403846153846154,0.9903846153846154,0.009615384615384616,0,229514,3032,13.210523105344336,9.062627987835165e-4,0.001978891820580475,1574,1574,1326,248,0.0012706480304955528,9.615384615384617,9.615384615384617,0,6.857969448486803,1.4020745772651746,0.3333333333333333,3.6438523171203633e-4,1.4020745772651746,65,50,51,TRUE,FALSE,FALSE,41,36,TRUE,TRUE,FALSE
2016,Arm Wrestling,Arm Wrestling,Arm Wrestling,Other sports/disciplines from Code Signatories | Sports for Athletes with an Impairment,203,199,4,203,0,0,20,2,2016_anti-doping_testing_figures.pdf,wada_testing_2016_sport_totals.csv,0,TRUE,Arm Wrestling,1,Arm Wrestling,Other Code Signatories | Sports for Athletes with an Impairment,Other Code Signatories | Sports for Athletes with an Impairment,20,0,0,0,11,9,0,9,0.45,TRUE,FALSE,TRUE,1326,248,1574,TRUE,98.52216748768474,0.9802955665024631,0.019704433497536946,1,0,0,229514,3032,13.210523105344336,8.844776353512204e-4,0.006596306068601583,1574,1574,1326,248,0.005717916137229987,44.33497536945813,44.33497536945813,0,6.857969448486803,6.464737952316272,0.45,0.004833438501878767,6.4647379523162725,66,27,26,TRUE,FALSE,FALSE,12,7,TRUE,TRUE,FALSE
2016,Netball,Netball,Netball,ARISF recognized sports,202,105,97,200,2,0,0,1,2016_anti-doping_testing_figures.pdf,wada_testing_2016_sport_totals.csv,0,TRUE,NA,NA,NA,NA,NA,0,0,0,0,0,0,0,0,NA,NA,NA,FALSE,1326,248,1574,TRUE,0,0.5198019801980198,0.4801980198019802,0.9900990099009901,0.009900990099009901,0,229514,3032,13.210523105344336,8.801206026647612e-4,0,1574,1574,1326,248,0,0,0,0,6.857969448486803,0,NA,-8.801206026647612e-4,0,67,109,90,TRUE,FALSE,FALSE,90,109,TRUE,TRUE,TRUE
2016,Billiards,Billiards,Billiards,ARISF recognized sports,195,188,7,195,0,0,6,1,2016_anti-doping_testing_figures.pdf,wada_testing_2016_sport_totals.csv,0,TRUE,Billiards Sports,1,Billiards Sports,ARISF,ARISF,6,1,0,0,3,2,0,2,0.333333333333333,TRUE,FALSE,TRUE,1326,248,1574,TRUE,30.76923076923077,0.9641025641025641,0.035897435897435895,1,0,0,229514,3032,13.210523105344336,8.496213738595467e-4,0.001978891820580475,1574,1574,1326,248,0.0012706480304955528,10.256410256410257,10.256410256410257,0,6.857969448486803,1.4955462157495194,0.3333333333333333,4.210266566360061e-4,1.4955462157495196,68,50,51,TRUE,FALSE,FALSE,35,30,TRUE,TRUE,FALSE
2016,Water Skiing,Water Skiing,Water Skiing,ARISF recognized sports | Sports for Athletes with an Impairment,187,125,62,187,0,0,1,2,2016_anti-doping_testing_figures.pdf,wada_testing_2016_sport_totals.csv,0,TRUE,Water Skiing,1,Waterskiing,ARISF,ARISF,1,0,0,0,0,1,0,1,1,TRUE,FALSE,TRUE,1326,248,1574,TRUE,5.347593582887701,0.6684491978609626,0.3315508021390374,1,0,0,229514,3032,13.210523105344336,8.14765112367873e-4,3.2981530343007914e-4,1574,1574,1326,248,6.353240152477764e-4,5.347593582887701,5.347593582887701,0,6.857969448486803,0.7797634012597762,1,-1.794410971200966e-4,0.7797634012597762,69,84,62,TRUE,FALSE,FALSE,58,95,TRUE,TRUE,FALSE
2016,Sepaktakraw,Sepaktakraw,Sepaktakraw,AIMS sports,179,112,67,179,0,0,1,1,2016_anti-doping_testing_figures.pdf,wada_testing_2016_sport_totals.csv,0,TRUE,Sepaktakraw,1,Sepaktakraw,AIMS,AIMS,1,0,0,0,1,0,0,0,0,TRUE,FALSE,TRUE,1326,248,1574,TRUE,5.58659217877095,0.6256983240223464,0.3743016759776536,1,0,0,229514,3032,13.210523105344336,7.799088508761993e-4,3.2981530343007914e-4,1574,1574,1326,248,0,0,0,0,6.857969448486803,0,0,-7.799088508761993e-4,0,70,84,90,TRUE,FALSE,FALSE,90,94,TRUE,TRUE,FALSE
2016,Powerboating,Powerboating,Powerboating,ARISF recognized sports,175,169,6,175,0,0,4,1,2016_anti-doping_testing_figures.pdf,wada_testing_2016_sport_totals.csv,0,TRUE,Powerboating,1,Powerboating,ARISF,ARISF,4,0,0,0,1,3,0,3,0.75,TRUE,FALSE,TRUE,1326,248,1574,TRUE,22.857142857142858,0.9657142857142857,0.03428571428571429,1,0,0,229514,3032,13.210523105344336,7.624807201303624e-4,0.0013192612137203166,1574,1574,1326,248,0.0019059720457433292,17.142857142857142,17.142857142857142,0,6.857969448486803,2.499698674895625,0.75,0.0011434913256129667,2.4996986748956256,71,57,42,TRUE,FALSE,FALSE,24,42,TRUE,TRUE,FALSE
2016,Para-Athletics,Para-Athletics,Para-Athletics,Paralympic sports/disciplines,164,45,119,140,24,0,3,1,2016_anti-doping_testing_figures.pdf,wada_testing_2016_sport_totals.csv,0,TRUE,Para-Athletics,1,Para-Athletics,IPC,IPC,3,0,0,1,1,1,0,1,0.333333333333333,TRUE,FALSE,TRUE,1326,248,1574,TRUE,18.29268292682927,0.27439024390243905,0.725609756097561,0.8536585365853658,0.14634146341463414,0,229514,3032,13.210523105344336,7.14553360579311e-4,9.894459102902375e-4,1574,1574,1326,248,6.353240152477764e-4,6.097560975609756,6.097560975609756,0,6.857969448486803,0.889120463631574,0.3333333333333333,-7.922934533153463e-5,0.8891204636315742,72,64,62,TRUE,FALSE,FALSE,54,48,TRUE,TRUE,FALSE
2016,Bowling,Bowling,Bowling,ARISF recognized sports | Sports for Athletes with an Impairment,158,95,63,158,0,0,2,2,2016_anti-doping_testing_figures.pdf,wada_testing_2016_sport_totals.csv,0,TRUE,Bowling,1,Bowling,ARISF,ARISF,2,1,0,0,0,1,0,1,0.5,TRUE,FALSE,TRUE,1326,248,1574,TRUE,12.658227848101266,0.6012658227848101,0.3987341772151899,1,0,0,229514,3032,13.210523105344336,6.884111644605557e-4,6.596306068601583e-4,1574,1574,1326,248,6.353240152477764e-4,6.329113924050633,6.329113924050633,0,6.857969448486803,0.9228845318707477,0.5,-5.308714921277934e-5,0.9228845318707478,73,70,62,TRUE,FALSE,FALSE,52,60,TRUE,TRUE,FALSE
2016,Goalball,Goalball,Goalball,Sports for Athletes with an Impairment,155,45,110,155,0,0,6,1,2016_anti-doping_testing_figures.pdf,wada_testing_2016_sport_totals.csv,0,TRUE,Goalball,1,Goalball,Sports for Athletes with an Impairment,Sports for Athletes with an Impairment,6,1,2,0,2,1,0,1,0.166666666666667,TRUE,FALSE,TRUE,1326,248,1574,TRUE,38.70967741935484,0.2903225806451613,0.7096774193548387,1,0,0,229514,3032,13.210523105344336,6.753400664011781e-4,0.001978891820580475,1574,1574,1326,248,6.353240152477764e-4,6.451612903225806,6.451612903225806,0,6.857969448486803,0.9407468131327621,0.16666666666666666,-4.001605115340175e-5,0.9407468131327623,74,50,62,TRUE,FALSE,FALSE,50,21,TRUE,TRUE,FALSE
2016,Sumo,Sumo,Sumo,ARISF recognized sports,154,135,19,154,0,0,2,1,2016_anti-doping_testing_figures.pdf,wada_testing_2016_sport_totals.csv,0,TRUE,Sumo,1,Sumo,ARISF,ARISF,2,0,0,0,2,0,0,0,0,TRUE,FALSE,TRUE,1326,248,1574,TRUE,12.987012987012989,0.8766233766233766,0.12337662337662338,1,0,0,229514,3032,13.210523105344336,6.70983033714719e-4,6.596306068601583e-4,1574,1574,1326,248,0,0,0,0,6.857969448486803,0,0,-6.70983033714719e-4,0,75,70,90,TRUE,FALSE,FALSE,90,57,TRUE,TRUE,FALSE
2016,Boules Sports,Boules Sports,Boules Sports,ARISF recognized sports,130,94,36,130,0,0,4,1,2016_anti-doping_testing_figures.pdf,wada_testing_2016_sport_totals.csv,0,TRUE,Boules Sports,1,Boules Sports,ARISF,ARISF,4,0,0,0,3,1,0,1,0.25,TRUE,FALSE,TRUE,1326,248,1574,TRUE,30.76923076923077,0.7230769230769231,0.27692307692307694,1,0,0,229514,3032,13.210523105344336,5.664142492396978e-4,0.0013192612137203166,1574,1574,1326,248,6.353240152477764e-4,7.6923076923076925,7.6923076923076925,0,6.857969448486803,1.1216596618121395,0.25,6.890976600807861e-5,1.1216596618121397,76,57,62,TRUE,FALSE,FALSE,44,30,TRUE,TRUE,FALSE
2016,Mountaineering and Climbing,Mountaineering and Climbing,Mountaineering and Climbing,ARISF recognized sports,130,104,26,129,1,0,2,1,2016_anti-doping_testing_figures.pdf,wada_testing_2016_sport_totals.csv,0,TRUE,Mountaineering and Climbing,1,Mountaineering and Climbing,ARISF,ARISF,2,0,0,0,2,0,1,1,0,TRUE,TRUE,TRUE,1326,248,1574,TRUE,15.384615384615385,0.8,0.2,0.9923076923076923,0.007692307692307693,0,229514,3032,13.210523105344336,5.664142492396978e-4,6.596306068601583e-4,1574,1574,1326,248,6.353240152477764e-4,7.6923076923076925,0,7.6923076923076925,6.857969448486803,1.1216596618121395,0,6.890976600807861e-5,1.1216596618121397,76,70,62,TRUE,FALSE,FALSE,44,55,TRUE,TRUE,FALSE
2016,Air Sports,Air Sports,Air Sports,ARISF recognized sports,124,83,41,124,0,0,1,1,2016_anti-doping_testing_figures.pdf,wada_testing_2016_sport_totals.csv,0,TRUE,Air Sports,1,Air Sports,ARISF,ARISF,1,0,0,0,1,0,0,0,0,TRUE,FALSE,TRUE,1326,248,1574,TRUE,8.064516129032258,0.6693548387096774,0.33064516129032256,1,0,0,229514,3032,13.210523105344336,5.402720531209425e-4,3.2981530343007914e-4,1574,1574,1326,248,0,0,0,0,6.857969448486803,0,0,-5.402720531209425e-4,0,78,84,90,TRUE,FALSE,FALSE,90,84,TRUE,TRUE,FALSE
2016,Bandy,Bandy,Bandy,ARISF recognized sports,124,72,52,122,2,0,4,1,2016_anti-doping_testing_figures.pdf,wada_testing_2016_sport_totals.csv,0,TRUE,Bandy,1,Bandy,ARISF,ARISF,4,0,0,3,0,1,0,1,0.25,TRUE,FALSE,TRUE,1326,248,1574,TRUE,32.25806451612903,0.5806451612903226,0.41935483870967744,0.9838709677419355,0.016129032258064516,0,229514,3032,13.210523105344336,5.402720531209425e-4,0.0013192612137203166,1574,1574,1326,248,6.353240152477764e-4,8.064516129032258,8.064516129032258,0,6.857969448486803,1.1759335164159528,0.25,9.50519621268339e-5,1.1759335164159528,78,57,62,TRUE,FALSE,FALSE,42,27,TRUE,TRUE,FALSE
2016,Para-Swimming,Para-Swimming,Para-Swimming,Paralympic sports/disciplines,120,66,54,117,3,0,0,1,2016_anti-doping_testing_figures.pdf,wada_testing_2016_sport_totals.csv,0,TRUE,NA,NA,NA,NA,NA,0,0,0,0,0,0,0,0,NA,NA,NA,FALSE,1326,248,1574,TRUE,0,0.55,0.45,0.975,0.025,0,229514,3032,13.210523105344336,5.228439223751057e-4,0,1574,1574,1326,248,0,0,0,0,6.857969448486803,0,NA,-5.228439223751057e-4,0,80,109,90,TRUE,FALSE,FALSE,90,109,TRUE,TRUE,TRUE
2016,Boccia,Boccia,Boccia,Sports for Athletes with an Impairment,107,27,80,107,0,0,1,1,2016_anti-doping_testing_figures.pdf,wada_testing_2016_sport_totals.csv,0,TRUE,Boccia,1,Boccia,Sports for Athletes with an Impairment,Sports for Athletes with an Impairment,1,0,0,1,0,0,0,0,0,TRUE,FALSE,TRUE,1326,248,1574,TRUE,9.345794392523365,0.2523364485981308,0.7476635514018691,1,0,0,229514,3032,13.210523105344336,4.6620249745113587e-4,3.2981530343007914e-4,1574,1574,1326,248,0,0,0,0,6.857969448486803,0,0,-4.6620249745113587e-4,0,81,84,90,TRUE,FALSE,FALSE,90,77,TRUE,TRUE,FALSE
2016,Ski Mountaineering,Ski Mountaineering,Ski Mountaineering,ARISF recognized sports,106,53,53,99,7,0,0,1,2016_anti-doping_testing_figures.pdf,wada_testing_2016_sport_totals.csv,0,TRUE,NA,NA,NA,NA,NA,0,0,0,0,0,0,0,0,NA,NA,NA,FALSE,1326,248,1574,TRUE,0,0.5,0.5,0.9339622641509434,0.0660377358490566,0,229514,3032,13.210523105344336,4.618454647646767e-4,0,1574,1574,1326,248,0,0,0,0,6.857969448486803,0,NA,-4.618454647646767e-4,0,82,109,90,TRUE,FALSE,FALSE,90,109,TRUE,TRUE,TRUE
2016,Gaelic Games,Gaelic Games,Gaelic Games,Other sports/disciplines - Non-Code Signatories,102,48,54,85,17,0,1,1,2016_anti-doping_testing_figures.pdf,wada_testing_2016_sport_totals.csv,0,TRUE,Gaelic Games,1,Gaelic Games,Other Sports - Non-Code Signatories,Other Sports - Non-Code Signatories,1,0,0,0,0,1,0,1,1,TRUE,FALSE,TRUE,1326,248,1574,TRUE,9.803921568627452,0.47058823529411764,0.5294117647058824,0.8333333333333334,0.16666666666666666,0,229514,3032,13.210523105344336,4.4441733401883983e-4,3.2981530343007914e-4,1574,1574,1326,248,6.353240152477764e-4,9.803921568627452,9.803921568627452,0,6.857969448486803,1.429566235642923,1,1.9090668122893656e-4,1.429566235642923,83,84,62,TRUE,FALSE,FALSE,38,73,TRUE,TRUE,FALSE
2016,Tug of War,Tug of War,Tug of War,ARISF recognized sports,102,42,60,102,0,0,1,1,2016_anti-doping_testing_figures.pdf,wada_testing_2016_sport_totals.csv,0,TRUE,Tug of War,1,Tug of War,ARISF,ARISF,1,0,0,0,0,1,0,1,1,TRUE,FALSE,TRUE,1326,248,1574,TRUE,9.803921568627452,0.4117647058823529,0.5882352941176471,1,0,0,229514,3032,13.210523105344336,4.4441733401883983e-4,3.2981530343007914e-4,1574,1574,1326,248,6.353240152477764e-4,9.803921568627452,9.803921568627452,0,6.857969448486803,1.429566235642923,1,1.9090668122893656e-4,1.429566235642923,83,84,62,TRUE,FALSE,FALSE,38,73,TRUE,TRUE,FALSE
2016,Pencak Silat,Pencak Silat,Pencak Silat,Other sports/disciplines - Non-Code Signatories,101,68,33,101,0,0,3,1,2016_anti-doping_testing_figures.pdf,wada_testing_2016_sport_totals.csv,0,TRUE,Pencak Silat,1,Pencak Silat,Other Sports - Non-Code Signatories,Other Sports - Non-Code Signatories,3,0,0,0,2,1,0,1,0.333333333333333,TRUE,FALSE,TRUE,1326,248,1574,TRUE,29.7029702970297,0.6732673267326733,0.32673267326732675,1,0,0,229514,3032,13.210523105344336,4.400603013323806e-4,9.894459102902375e-4,1574,1574,1326,248,6.353240152477764e-4,9.900990099009901,9.900990099009901,0,6.857969448486803,1.4437203567879022,0.3333333333333333,1.952637139153958e-4,1.4437203567879024,85,64,62,TRUE,FALSE,FALSE,37,34,TRUE,TRUE,FALSE
2016,Football 7-a-Side,Football 7-a-Side,Football 7-a-Side,Sports for Athletes with an Impairment,97,19,78,97,0,0,2,1,2016_anti-doping_testing_figures.pdf,wada_testing_2016_sport_totals.csv,0,TRUE,Football 7-a-Side,1,Football 7-a-Side,Sports for Athletes with an Impairment,Sports for Athletes with an Impairment,2,2,0,0,0,0,0,0,0,TRUE,FALSE,TRUE,1326,248,1574,TRUE,20.61855670103093,0.1958762886597938,0.8041237113402062,1,0,0,229514,3032,13.210523105344336,4.2263217058654374e-4,6.596306068601583e-4,1574,1574,1326,248,0,0,0,0,6.857969448486803,0,0,-4.2263217058654374e-4,0,86,70,90,FALSE,FALSE,FALSE,NA,NA,TRUE,TRUE,FALSE
2016,Basque Pelota,Basque Pelota,Basque Pelota,ARISF recognized sports,93,37,56,93,0,0,2,1,2016_anti-doping_testing_figures.pdf,wada_testing_2016_sport_totals.csv,0,TRUE,Basque Pelota,1,Basque Pelota,ARISF,ARISF,2,0,0,0,2,0,0,0,0,TRUE,FALSE,TRUE,1326,248,1574,TRUE,21.505376344086024,0.3978494623655914,0.6021505376344086,1,0,0,229514,3032,13.210523105344336,4.052040398407069e-4,6.596306068601583e-4,1574,1574,1326,248,0,0,0,0,6.857969448486803,0,0,-4.052040398407069e-4,0,87,70,90,FALSE,FALSE,FALSE,NA,NA,TRUE,TRUE,FALSE
2016,Kurash,Kurash,Kurash,Other sports/disciplines from Code Signatories,93,41,52,93,0,0,6,1,2016_anti-doping_testing_figures.pdf,wada_testing_2016_sport_totals.csv,0,TRUE,Kurash,1,Kurash,Other Code Signatories,Other Code Signatories,6,0,0,4,0,2,0,2,0.333333333333333,TRUE,FALSE,TRUE,1326,248,1574,TRUE,64.51612903225806,0.44086021505376344,0.5591397849462365,1,0,0,229514,3032,13.210523105344336,4.052040398407069e-4,0.001978891820580475,1574,1574,1326,248,0.0012706480304955528,21.505376344086024,21.505376344086024,0,6.857969448486803,3.135822710442541,0.3333333333333333,8.654439906548459e-4,3.135822710442541,87,50,51,FALSE,FALSE,FALSE,NA,NA,TRUE,TRUE,FALSE
2016,Casting,Casting,Casting,AIMS sports,79,79,0,79,0,0,1,1,2016_anti-doping_testing_figures.pdf,wada_testing_2016_sport_totals.csv,0,TRUE,Casting,1,Casting,AIMS,AIMS,1,0,0,0,1,0,0,0,0,TRUE,FALSE,TRUE,1326,248,1574,TRUE,12.658227848101266,1,0,1,0,0,229514,3032,13.210523105344336,3.4420558223027787e-4,3.2981530343007914e-4,1574,1574,1326,248,0,0,0,0,6.857969448486803,0,0,-3.4420558223027787e-4,0,89,84,90,FALSE,FALSE,FALSE,NA,NA,TRUE,TRUE,FALSE
2016,Darts,Darts,Darts,AIMS sports,64,64,0,64,0,0,2,1,2016_anti-doping_testing_figures.pdf,wada_testing_2016_sport_totals.csv,0,TRUE,Darts,1,Darts,AIMS,AIMS,2,2,0,0,0,0,0,0,0,TRUE,FALSE,TRUE,1326,248,1574,TRUE,31.25,1,0,1,0,0,229514,3032,13.210523105344336,2.788500919333897e-4,6.596306068601583e-4,1574,1574,1326,248,0,0,0,0,6.857969448486803,0,0,-2.788500919333897e-4,0,90,70,90,FALSE,FALSE,FALSE,NA,NA,TRUE,TRUE,FALSE
2016,Football 5-a-Side,Football 5-a-Side,Football 5-a-Side,Sports for Athletes with an Impairment,64,10,54,64,0,0,1,1,2016_anti-doping_testing_figures.pdf,wada_testing_2016_sport_totals.csv,0,TRUE,Football 5-a-Side,1,Football 5-a-Side,Sports for Athletes with an Impairment,Sports for Athletes with an Impairment,1,0,0,0,1,0,0,0,0,TRUE,FALSE,TRUE,1326,248,1574,TRUE,15.625,0.15625,0.84375,1,0,0,229514,3032,13.210523105344336,2.788500919333897e-4,3.2981530343007914e-4,1574,1574,1326,248,0,0,0,0,6.857969448486803,0,0,-2.788500919333897e-4,0,90,84,90,FALSE,FALSE,FALSE,NA,NA,TRUE,TRUE,FALSE
2016,Bridge,Bridge,Bridge,ARISF recognized sports | Other sports/disciplines - Non-Code Signatories,63,62,1,63,0,0,13,2,2016_anti-doping_testing_figures.pdf,wada_testing_2016_sport_totals.csv,0,TRUE,Bridge,1,Bridge,ARISF,ARISF,13,0,0,0,6,7,0,7,0.538461538461538,TRUE,FALSE,TRUE,1326,248,1574,TRUE,206.34920634920633,0.9841269841269841,0.015873015873015872,1,0,0,229514,3032,13.210523105344336,2.7449305924693044e-4,0.004287598944591029,1574,1574,1326,248,0.0044472681067344345,111.1111111111111,111.1111111111111,0,6.857969448486803,16.20175067061979,0.5384615384615384,0.0041727750474875045,16.201750670619795,92,35,32,FALSE,FALSE,FALSE,NA,NA,TRUE,TRUE,FALSE
2016,Chess,Chess,Chess,ARISF recognized sports | Other sports/disciplines - Non-Code Signatories,61,56,5,61,0,0,1,2,2016_anti-doping_testing_figures.pdf,wada_testing_2016_sport_totals.csv,0,TRUE,Chess,1,Chess,ARISF,ARISF,1,0,0,0,1,0,0,0,0,TRUE,FALSE,TRUE,1326,248,1574,TRUE,16.393442622950822,0.9180327868852459,0.08196721311475409,1,0,0,229514,3032,13.210523105344336,2.6577899387401205e-4,3.2981530343007914e-4,1574,1574,1326,248,0,0,0,0,6.857969448486803,0,0,-2.6577899387401205e-4,0,93,84,90,FALSE,FALSE,FALSE,NA,NA,TRUE,TRUE,FALSE
2016,Para-Ice Hockey,Para-Ice Hockey,Para-Ice Hockey,Paralympic sports/disciplines,61,30,31,61,0,0,1,1,2016_anti-doping_testing_figures.pdf,wada_testing_2016_sport_totals.csv,0,TRUE,Para-Ice Hockey,1,Para-Ice Hockey,IPC,IPC,1,0,0,0,0,1,0,1,1,TRUE,FALSE,TRUE,1326,248,1574,TRUE,16.393442622950822,0.4918032786885246,0.5081967213114754,1,0,0,229514,3032,13.210523105344336,2.6577899387401205e-4,3.2981530343007914e-4,1574,1574,1326,248,6.353240152477764e-4,16.393442622950822,16.393442622950822,0,6.857969448486803,2.390422230091445,1,3.6954502137376434e-4,2.390422230091445,93,84,62,FALSE,FALSE,FALSE,NA,NA,TRUE,TRUE,FALSE
2016,Soft Tennis,Soft Tennis,Soft Tennis,AIMS sports,60,60,0,60,0,0,0,1,2016_anti-doping_testing_figures.pdf,wada_testing_2016_sport_totals.csv,0,TRUE,NA,NA,NA,NA,NA,0,0,0,0,0,0,0,0,NA,NA,NA,FALSE,1326,248,1574,TRUE,0,1,0,1,0,0,229514,3032,13.210523105344336,2.6142196118755285e-4,0,1574,1574,1326,248,0,0,0,0,6.857969448486803,0,NA,-2.6142196118755285e-4,0,95,109,90,FALSE,FALSE,FALSE,NA,NA,TRUE,TRUE,TRUE
2016,Kettlebell Lifting,Kettlebell Lifting,Kettlebell Lifting,Other sports/disciplines from Code Signatories,56,31,25,56,0,0,0,1,2016_anti-doping_testing_figures.pdf,wada_testing_2016_sport_totals.csv,0,TRUE,NA,NA,NA,NA,NA,0,0,0,0,0,0,0,0,NA,NA,NA,FALSE,1326,248,1574,TRUE,0,0.5535714285714286,0.44642857142857145,1,0,0,229514,3032,13.210523105344336,2.4399383044171598e-4,0,1574,1574,1326,248,0,0,0,0,6.857969448486803,0,NA,-2.4399383044171598e-4,0,96,109,90,FALSE,FALSE,FALSE,NA,NA,TRUE,TRUE,TRUE
2016,Woodball,Woodball,Woodball,Other sports/disciplines - Non-Code Signatories,50,16,34,50,0,0,0,1,2016_anti-doping_testing_figures.pdf,wada_testing_2016_sport_totals.csv,0,TRUE,NA,NA,NA,NA,NA,0,0,0,0,0,0,0,0,NA,NA,NA,FALSE,1326,248,1574,TRUE,0,0.32,0.68,1,0,0,229514,3032,13.210523105344336,2.178516343229607e-4,0,1574,1574,1326,248,0,0,0,0,6.857969448486803,0,NA,-2.178516343229607e-4,0,97,109,90,FALSE,FALSE,FALSE,NA,NA,TRUE,TRUE,TRUE
2016,Korfball,Korfball,Korfball,ARISF recognized sports,49,38,11,47,2,0,2,1,2016_anti-doping_testing_figures.pdf,wada_testing_2016_sport_totals.csv,0,TRUE,Korfball,1,Korfball,ARISF,ARISF,2,1,0,0,0,1,0,1,0.5,TRUE,FALSE,TRUE,1326,248,1574,TRUE,40.816326530612244,0.7755102040816326,0.22448979591836735,0.9591836734693877,0.04081632653061224,0,229514,3032,13.210523105344336,2.1349460163650147e-4,6.596306068601583e-4,1574,1574,1326,248,6.353240152477764e-4,20.408163265306122,20.408163265306122,0,6.857969448486803,2.9758317558281253,0.5,4.218294136112749e-4,2.9758317558281258,98,70,62,FALSE,FALSE,FALSE,NA,NA,TRUE,TRUE,FALSE
2016,Lacrosse,Lacrosse,Lacrosse,AIMS sports,47,10,37,47,0,0,1,1,2016_anti-doping_testing_figures.pdf,wada_testing_2016_sport_totals.csv,0,TRUE,Lacrosse,1,Lacrosse,AIMS,AIMS,1,1,0,0,0,0,0,0,0,TRUE,FALSE,TRUE,1326,248,1574,TRUE,21.27659574468085,0.2127659574468085,0.7872340425531915,1,0,0,229514,3032,13.210523105344336,2.0478053626358305e-4,3.2981530343007914e-4,1574,1574,1326,248,0,0,0,0,6.857969448486803,0,0,-2.0478053626358305e-4,0,99,84,90,FALSE,FALSE,FALSE,NA,NA,TRUE,TRUE,FALSE
2016,Dragon Boat,Dragon Boat,Dragon Boat,AIMS sports,45,21,24,45,0,0,3,1,2016_anti-doping_testing_figures.pdf,wada_testing_2016_sport_totals.csv,0,TRUE,Dragon Boat,1,Dragon Boat,AIMS,AIMS,3,0,0,0,0,3,0,3,1,TRUE,FALSE,TRUE,1326,248,1574,TRUE,66.66666666666667,0.4666666666666667,0.5333333333333333,1,0,0,229514,3032,13.210523105344336,1.9606647089066463e-4,9.894459102902375e-4,1574,1574,1326,248,0.0019059720457433292,66.66666666666667,66.66666666666667,0,6.857969448486803,9.721050402371876,1,0.0017099055748526644,9.721050402371876,100,64,42,FALSE,FALSE,FALSE,NA,NA,TRUE,TRUE,FALSE
2016,Kempo,Kempo,Kempo,Other sports/disciplines - Non-Code Signatories,41,41,0,41,0,0,0,1,2016_anti-doping_testing_figures.pdf,wada_testing_2016_sport_totals.csv,0,TRUE,NA,NA,NA,NA,NA,0,0,0,0,0,0,0,0,NA,NA,NA,FALSE,1326,248,1574,TRUE,0,1,0,1,0,0,229514,3032,13.210523105344336,1.7863834014482776e-4,0,1574,1574,1326,248,0,0,0,0,6.857969448486803,0,NA,-1.7863834014482776e-4,0,101,109,90,FALSE,FALSE,FALSE,NA,NA,TRUE,TRUE,TRUE
2016,VA'A,VA'A,VA'A,Other sports/disciplines - Non-Code Signatories,38,38,0,38,0,0,2,1,2016_anti-doping_testing_figures.pdf,wada_testing_2016_sport_totals.csv,0,TRUE,VA'A,1,VA'A,Other Sports - Non-Code Signatories,Other Sports - Non-Code Signatories,2,0,0,0,2,0,0,0,0,TRUE,FALSE,TRUE,1326,248,1574,TRUE,52.63157894736842,1,0,1,0,0,229514,3032,13.210523105344336,1.6556724208545014e-4,6.596306068601583e-4,1574,1574,1326,248,0,0,0,0,6.857969448486803,0,0,-1.6556724208545014e-4,0,102,70,90,FALSE,FALSE,FALSE,NA,NA,TRUE,TRUE,FALSE
2016,Cheer,Cheer,Cheer | Cheerleading,AIMS sports | Other sports/disciplines - Non-Code Signatories,36,30,6,36,0,0,1,2,2016_anti-doping_testing_figures.pdf,wada_testing_2016_sport_totals.csv,0,TRUE,Cheer,1,Cheer,AIMS,AIMS,1,0,0,0,0,1,0,1,1,TRUE,FALSE,TRUE,1326,248,1574,TRUE,27.777777777777775,0.8333333333333334,0.16666666666666666,1,0,0,229514,3032,13.210523105344336,1.568531767125317e-4,3.2981530343007914e-4,1574,1574,1326,248,6.353240152477764e-4,27.777777777777775,27.777777777777775,0,6.857969448486803,4.050437667654948,1,4.784708385352447e-4,4.050437667654949,103,84,62,FALSE,FALSE,FALSE,NA,NA,TRUE,TRUE,FALSE
2016,Skyrunning,Skyrunning,Skyrunning,Other sports/disciplines - Non-Code Signatories,36,30,6,36,0,0,1,1,2016_anti-doping_testing_figures.pdf,wada_testing_2016_sport_totals.csv,0,TRUE,Skyrunning,1,Skyrunning,Other Sports - Non-Code Signatories,Other Sports - Non-Code Signatories,1,0,1,0,0,0,0,0,0,TRUE,FALSE,TRUE,1326,248,1574,TRUE,27.777777777777775,0.8333333333333334,0.16666666666666666,1,0,0,229514,3032,13.210523105344336,1.568531767125317e-4,3.2981530343007914e-4,1574,1574,1326,248,0,0,0,0,6.857969448486803,0,0,-1.568531767125317e-4,0,103,84,90,FALSE,FALSE,FALSE,NA,NA,TRUE,TRUE,FALSE
2016,Skibob,Skibob,Skibob,Other sports/disciplines - Non-Code Signatories,35,2,33,35,0,0,1,1,2016_anti-doping_testing_figures.pdf,wada_testing_2016_sport_totals.csv,0,TRUE,NA,NA,NA,NA,NA,0,0,0,0,0,0,0,0,NA,NA,NA,FALSE,1326,248,1574,TRUE,28.57142857142857,0.05714285714285714,0.9428571428571428,1,0,0,229514,3032,13.210523105344336,1.524961440260725e-4,3.2981530343007914e-4,1574,1574,1326,248,0,0,0,0,6.857969448486803,0,0,-1.524961440260725e-4,0,105,84,90,FALSE,FALSE,FALSE,NA,NA,TRUE,TRUE,TRUE
2016,Minigolf,Minigolf,Minigolf,AIMS sports,34,32,2,34,0,0,0,1,2016_anti-doping_testing_figures.pdf,wada_testing_2016_sport_totals.csv,0,TRUE,NA,NA,NA,NA,NA,0,0,0,0,0,0,0,0,NA,NA,NA,FALSE,1326,248,1574,TRUE,0,0.9411764705882353,0.058823529411764705,1,0,0,229514,3032,13.210523105344336,1.4813911133961327e-4,0,1574,1574,1326,248,0,0,0,0,6.857969448486803,0,NA,-1.4813911133961327e-4,0,106,109,90,FALSE,FALSE,FALSE,NA,NA,TRUE,TRUE,TRUE
2016,Power Press,Power Press,Power press,Other sports/disciplines - Non-Code Signatories,34,17,17,27,7,0,1,1,2016_anti-doping_testing_figures.pdf,wada_testing_2016_sport_totals.csv,0,TRUE,Power Press,1,Power Press,Other Sports - Non-Code Signatories,Other Sports - Non-Code Signatories,1,0,0,0,0,1,0,1,1,TRUE,FALSE,TRUE,1326,248,1574,TRUE,29.41176470588235,0.5,0.5,0.7941176470588235,0.20588235294117646,0,229514,3032,13.210523105344336,1.4813911133961327e-4,3.2981530343007914e-4,1574,1574,1326,248,6.353240152477764e-4,29.41176470588235,29.41176470588235,0,6.857969448486803,4.288698706928768,1,4.8718490390816315e-4,4.288698706928769,106,84,62,FALSE,FALSE,FALSE,NA,NA,TRUE,TRUE,FALSE
2016,Racquetball,Racquetball,Racquetball,ARISF recognized sports,34,19,15,34,0,0,0,1,2016_anti-doping_testing_figures.pdf,wada_testing_2016_sport_totals.csv,0,TRUE,NA,NA,NA,NA,NA,0,0,0,0,0,0,0,0,NA,NA,NA,FALSE,1326,248,1574,TRUE,0,0.5588235294117647,0.4411764705882353,1,0,0,229514,3032,13.210523105344336,1.4813911133961327e-4,0,1574,1574,1326,248,0,0,0,0,6.857969448486803,0,NA,-1.4813911133961327e-4,0,106,109,90,FALSE,FALSE,FALSE,NA,NA,TRUE,TRUE,TRUE
2016,Basque Sports,Basque Sports,Basque Sports,Other sports/disciplines - Non-Code Signatories,33,33,0,33,0,0,0,1,2016_anti-doping_testing_figures.pdf,wada_testing_2016_sport_totals.csv,0,TRUE,NA,NA,NA,NA,NA,0,0,0,0,0,0,0,0,NA,NA,NA,FALSE,1326,248,1574,TRUE,0,1,0,1,0,0,229514,3032,13.210523105344336,1.4378207865315404e-4,0,1574,1574,1326,248,0,0,0,0,6.857969448486803,0,NA,-1.4378207865315404e-4,0,109,109,90,FALSE,FALSE,FALSE,NA,NA,TRUE,TRUE,TRUE
2016,Icestocksport,Icestocksport,Icestocksport,AIMS sports,33,25,8,33,0,0,0,1,2016_anti-doping_testing_figures.pdf,wada_testing_2016_sport_totals.csv,0,TRUE,NA,NA,NA,NA,NA,0,0,0,0,0,0,0,0,NA,NA,NA,FALSE,1326,248,1574,TRUE,0,0.7575757575757576,0.24242424242424243,1,0,0,229514,3032,13.210523105344336,1.4378207865315404e-4,0,1574,1574,1326,248,0,0,0,0,6.857969448486803,0,NA,-1.4378207865315404e-4,0,109,109,90,FALSE,FALSE,FALSE,NA,NA,TRUE,TRUE,TRUE
2016,Firefighting and Rescuing,Firefighting and Rescuing,Firefighting and Rescuing,Other sports/disciplines - Non-Code Signatories,31,20,11,31,0,0,0,1,2016_anti-doping_testing_figures.pdf,wada_testing_2016_sport_totals.csv,0,TRUE,NA,NA,NA,NA,NA,0,0,0,0,0,0,0,0,NA,NA,NA,FALSE,1326,248,1574,TRUE,0,0.6451612903225806,0.3548387096774194,1,0,0,229514,3032,13.210523105344336,1.3506801328023562e-4,0,1574,1574,1326,248,0,0,0,0,6.857969448486803,0,NA,-1.3506801328023562e-4,0,111,109,90,FALSE,FALSE,FALSE,NA,NA,TRUE,TRUE,TRUE
2016,Kendo,Kendo,Kendo,AIMS sports,31,27,4,31,0,0,0,1,2016_anti-doping_testing_figures.pdf,wada_testing_2016_sport_totals.csv,0,TRUE,NA,NA,NA,NA,NA,0,0,0,0,0,0,0,0,NA,NA,NA,FALSE,1326,248,1574,TRUE,0,0.8709677419354839,0.12903225806451613,1,0,0,229514,3032,13.210523105344336,1.3506801328023562e-4,0,1574,1574,1326,248,0,0,0,0,6.857969448486803,0,NA,-1.3506801328023562e-4,0,111,109,90,FALSE,FALSE,FALSE,NA,NA,TRUE,TRUE,TRUE
2016,Kung Fu,Kung Fu,Kung Fu,Other sports/disciplines - Non-Code Signatories,31,21,10,31,0,0,0,1,2016_anti-doping_testing_figures.pdf,wada_testing_2016_sport_totals.csv,0,TRUE,NA,NA,NA,NA,NA,0,0,0,0,0,0,0,0,NA,NA,NA,FALSE,1326,248,1574,TRUE,0,0.6774193548387096,0.3225806451612903,1,0,0,229514,3032,13.210523105344336,1.3506801328023562e-4,0,1574,1574,1326,248,0,0,0,0,6.857969448486803,0,NA,-1.3506801328023562e-4,0,111,109,90,FALSE,FALSE,FALSE,NA,NA,TRUE,TRUE,TRUE
2016,Para-Cross Country Skiing,Para-Cross Country Skiing,Para-Cross Country Skiing,Paralympic sports/disciplines,31,8,23,26,5,0,0,1,2016_anti-doping_testing_figures.pdf,wada_testing_2016_sport_totals.csv,0,TRUE,NA,NA,NA,NA,NA,0,0,0,0,0,0,0,0,NA,NA,NA,FALSE,1326,248,1574,TRUE,0,0.25806451612903225,0.7419354838709677,0.8387096774193549,0.16129032258064516,0,229514,3032,13.210523105344336,1.3506801328023562e-4,0,1574,1574,1326,248,0,0,0,0,6.857969448486803,0,NA,-1.3506801328023562e-4,0,111,109,90,FALSE,FALSE,FALSE,NA,NA,TRUE,TRUE,TRUE
2016,Savate,Savate,Savate,AIMS sports,31,28,3,31,0,0,1,1,2016_anti-doping_testing_figures.pdf,wada_testing_2016_sport_totals.csv,0,TRUE,Savate,1,Savate,AIMS,AIMS,1,0,0,0,0,1,0,1,1,TRUE,FALSE,TRUE,1326,248,1574,TRUE,32.25806451612903,0.9032258064516129,0.0967741935483871,1,0,0,229514,3032,13.210523105344336,1.3506801328023562e-4,3.2981530343007914e-4,1574,1574,1326,248,6.353240152477764e-4,32.25806451612903,32.25806451612903,0,6.857969448486803,4.703734065663811,1,5.002560019675407e-4,4.703734065663811,111,84,62,FALSE,FALSE,FALSE,NA,NA,TRUE,TRUE,FALSE
2016,Para-Powerlifting,Para-Powerlifting,Para-Powerlifting,Paralympic sports/disciplines,29,2,27,24,5,0,0,1,2016_anti-doping_testing_figures.pdf,wada_testing_2016_sport_totals.csv,0,TRUE,NA,NA,NA,NA,NA,0,0,0,0,0,0,0,0,NA,NA,NA,FALSE,1326,248,1574,TRUE,0,0.06896551724137931,0.9310344827586207,0.8275862068965517,0.1724137931034483,0,229514,3032,13.210523105344336,1.263539479073172e-4,0,1574,1574,1326,248,0,0,0,0,6.857969448486803,0,NA,-1.263539479073172e-4,0,116,109,90,FALSE,FALSE,FALSE,NA,NA,TRUE,TRUE,TRUE
2016,Ultimate Fighting,Ultimate Fighting,Ultimate Fighting,Other sports/disciplines - Non-Code Signatories,29,8,21,26,3,0,2,1,2016_anti-doping_testing_figures.pdf,wada_testing_2016_sport_totals.csv,0,TRUE,Ultimate Fighting,1,Ultimate Fighting,Other Sports - Non-Code Signatories,Other Sports - Non-Code Signatories,2,0,0,1,0,1,2,3,0.5,TRUE,TRUE,TRUE,1326,248,1574,TRUE,68.9655172413793,0.27586206896551724,0.7241379310344828,0.896551724137931,0.10344827586206896,0,229514,3032,13.210523105344336,1.263539479073172e-4,6.596306068601583e-4,1574,1574,1326,248,0.0019059720457433292,103.44827586206897,34.48275862068965,68.9655172413793,6.857969448486803,15.084388555404635,0.5,0.001779618097836012,15.084388555404637,116,70,42,FALSE,FALSE,FALSE,NA,NA,TRUE,TRUE,FALSE
2016,Aikido,Aikido,Aikido,AIMS sports,28,21,7,20,8,0,0,1,2016_anti-doping_testing_figures.pdf,wada_testing_2016_sport_totals.csv,0,TRUE,Aikido,1,Aikido,NA,NA,0,0,0,0,0,0,1,1,NA,FALSE,TRUE,TRUE,1326,248,1574,TRUE,0,0.75,0.25,0.7142857142857143,0.2857142857142857,0,229514,3032,13.210523105344336,1.2199691522085799e-4,0,1574,1574,1326,248,6.353240152477764e-4,35.714285714285715,0,35.714285714285715,6.857969448486803,5.207705572699219,NA,5.133271000269184e-4,5.207705572699219,118,109,62,FALSE,FALSE,FALSE,NA,NA,TRUE,TRUE,FALSE
2016,Military Sport Pentathlon,Military Sport Pentathlon,Military Sport Pentathlon,Other sports/disciplines - Non-Code Signatories,27,14,13,27,0,0,2,1,2016_anti-doping_testing_figures.pdf,wada_testing_2016_sport_totals.csv,0,TRUE,Military Sport Pentathlon,1,Military Sport Pentathlon,Other Sports - Non-Code Signatories,Other Sports - Non-Code Signatories,2,0,0,0,0,2,0,2,1,TRUE,FALSE,TRUE,1326,248,1574,TRUE,74.07407407407408,0.5185185185185185,0.48148148148148145,1,0,0,229514,3032,13.210523105344336,1.1763988253439877e-4,6.596306068601583e-4,1574,1574,1326,248,0.0012706480304955528,74.07407407407408,74.07407407407408,0,6.857969448486803,10.801167113746528,1,0.001153008147961154,10.80116711374653,119,70,51,FALSE,FALSE,FALSE,NA,NA,TRUE,TRUE,FALSE
2016,COLEO,COLEO,COLEO,Other sports/disciplines - Non-Code Signatories,26,26,0,26,0,0,0,1,2016_anti-doping_testing_figures.pdf,wada_testing_2016_sport_totals.csv,0,TRUE,NA,NA,NA,NA,NA,0,0,0,0,0,0,0,0,NA,NA,NA,FALSE,1326,248,1574,TRUE,0,1,0,1,0,0,229514,3032,13.210523105344336,1.1328284984793956e-4,0,1574,1574,1326,248,0,0,0,0,6.857969448486803,0,NA,-1.1328284984793956e-4,0,120,109,90,FALSE,FALSE,FALSE,NA,NA,TRUE,TRUE,TRUE
2016,Ringette,Ringette,Ringette,Other sports/disciplines - Non-Code Signatories,26,22,4,26,0,0,1,1,2016_anti-doping_testing_figures.pdf,wada_testing_2016_sport_totals.csv,0,TRUE,Ringette,1,Ringette,Other Sports - Non-Code Signatories,Other Sports - Non-Code Signatories,1,0,1,0,0,0,0,0,0,TRUE,FALSE,TRUE,1326,248,1574,TRUE,38.46153846153847,0.8461538461538461,0.15384615384615385,1,0,0,229514,3032,13.210523105344336,1.1328284984793956e-4,3.2981530343007914e-4,1574,1574,1326,248,0,0,0,0,6.857969448486803,0,0,-1.1328284984793956e-4,0,120,84,90,FALSE,FALSE,FALSE,NA,NA,TRUE,TRUE,FALSE
2016,Traditional Archery,Traditional Archery,Traditional Archery,Other sports/disciplines - Non-Code Signatories,26,21,5,26,0,0,1,1,2016_anti-doping_testing_figures.pdf,wada_testing_2016_sport_totals.csv,0,TRUE,Traditional Archery,1,Traditional Archery,Other Sports - Non-Code Signatories,Other Sports - Non-Code Signatories,1,0,0,0,1,0,0,0,0,TRUE,FALSE,TRUE,1326,248,1574,TRUE,38.46153846153847,0.8076923076923077,0.19230769230769232,1,0,0,229514,3032,13.210523105344336,1.1328284984793956e-4,3.2981530343007914e-4,1574,1574,1326,248,0,0,0,0,6.857969448486803,0,0,-1.1328284984793956e-4,0,120,84,90,FALSE,FALSE,FALSE,NA,NA,TRUE,TRUE,FALSE
2016,Heavy Events,Heavy Events,Heavy Events,Other sports/disciplines - Non-Code Signatories,21,14,7,18,3,0,0,1,2016_anti-doping_testing_figures.pdf,wada_testing_2016_sport_totals.csv,0,TRUE,NA,NA,NA,NA,NA,0,0,0,0,0,0,0,0,NA,NA,NA,FALSE,1326,248,1574,TRUE,0,0.6666666666666666,0.3333333333333333,0.8571428571428571,0.14285714285714285,0,229514,3032,13.210523105344336,9.149768641564349e-5,0,1574,1574,1326,248,0,0,0,0,6.857969448486803,0,NA,-9.149768641564349e-5,0,123,109,90,FALSE,FALSE,FALSE,NA,NA,TRUE,TRUE,TRUE
2016,Para-Biathlon,Para-Biathlon,Para-Biathlon,Paralympic sports/disciplines,21,8,13,18,3,0,0,1,2016_anti-doping_testing_figures.pdf,wada_testing_2016_sport_totals.csv,0,TRUE,NA,NA,NA,NA,NA,0,0,0,0,0,0,0,0,NA,NA,NA,FALSE,1326,248,1574,TRUE,0,0.38095238095238093,0.6190476190476191,0.8571428571428571,0.14285714285714285,0,229514,3032,13.210523105344336,9.149768641564349e-5,0,1574,1574,1326,248,0,0,0,0,6.857969448486803,0,NA,-9.149768641564349e-5,0,123,109,90,FALSE,FALSE,FALSE,NA,NA,TRUE,TRUE,TRUE
2016,Fistball,Fistball,Fistball,AIMS sports,20,10,10,20,0,0,0,1,2016_anti-doping_testing_figures.pdf,wada_testing_2016_sport_totals.csv,0,TRUE,NA,NA,NA,NA,NA,0,0,0,0,0,0,0,0,NA,NA,NA,FALSE,1326,248,1574,TRUE,0,0.5,0.5,1,0,0,229514,3032,13.210523105344336,8.714065372918428e-5,0,1574,1574,1326,248,0,0,0,0,6.857969448486803,0,NA,-8.714065372918428e-5,0,125,109,90,FALSE,FALSE,FALSE,NA,NA,TRUE,TRUE,TRUE
2016,Course Camarguaise,Course Camarguaise,Course Camarguaise,Other sports/disciplines - Non-Code Signatories,19,19,0,19,0,0,0,1,2016_anti-doping_testing_figures.pdf,wada_testing_2016_sport_totals.csv,0,TRUE,NA,NA,NA,NA,NA,0,0,0,0,0,0,0,0,NA,NA,NA,FALSE,1326,248,1574,TRUE,0,1,0,1,0,0,229514,3032,13.210523105344336,8.278362104272507e-5,0,1574,1574,1326,248,0,0,0,0,6.857969448486803,0,NA,-8.278362104272507e-5,0,126,109,90,FALSE,FALSE,FALSE,NA,NA,TRUE,TRUE,TRUE
2016,Flying Disc,Flying Disc,Flying Disc,ARISF recognized sports,18,15,3,18,0,0,0,1,2016_anti-doping_testing_figures.pdf,wada_testing_2016_sport_totals.csv,0,TRUE,NA,NA,NA,NA,NA,0,0,0,0,0,0,0,0,NA,NA,NA,FALSE,1326,248,1574,TRUE,0,0.8333333333333334,0.16666666666666666,1,0,0,229514,3032,13.210523105344336,7.842658835626584e-5,0,1574,1574,1326,248,0,0,0,0,6.857969448486803,0,NA,-7.842658835626584e-5,0,127,109,90,FALSE,FALSE,FALSE,NA,NA,TRUE,TRUE,TRUE
2016,Polo,Polo,Polo,ARISF recognized sports,16,4,12,16,0,0,0,1,2016_anti-doping_testing_figures.pdf,wada_testing_2016_sport_totals.csv,0,TRUE,Polo,1,Polo,NA,NA,0,0,0,0,0,0,1,1,NA,FALSE,TRUE,TRUE,1326,248,1574,TRUE,0,0.25,0.75,1,0,0,229514,3032,13.210523105344336,6.971252298334742e-5,0,1574,1574,1326,248,6.353240152477764e-4,62.5,0,62.5,6.857969448486803,9.113484752223634,NA,5.65611492264429e-4,9.113484752223634,128,109,62,FALSE,FALSE,FALSE,NA,NA,TRUE,TRUE,FALSE
2016,Draughts,Draughts,Draughts,AIMS sports,15,10,5,15,0,0,0,1,2016_anti-doping_testing_figures.pdf,wada_testing_2016_sport_totals.csv,0,TRUE,NA,NA,NA,NA,NA,0,0,0,0,0,0,0,0,NA,NA,NA,FALSE,1326,248,1574,TRUE,0,0.6666666666666666,0.3333333333333333,1,0,0,229514,3032,13.210523105344336,6.535549029688821e-5,0,1574,1574,1326,248,0,0,0,0,6.857969448486803,0,NA,-6.535549029688821e-5,0,129,109,90,FALSE,FALSE,FALSE,NA,NA,TRUE,TRUE,TRUE
2016,French Boxing,French Boxing,French Boxing,Other sports/disciplines - Non-Code Signatories,12,11,1,12,0,0,0,1,2016_anti-doping_testing_figures.pdf,wada_testing_2016_sport_totals.csv,0,TRUE,NA,NA,NA,NA,NA,0,0,0,0,0,0,0,0,NA,NA,NA,FALSE,1326,248,1574,TRUE,0,0.9166666666666666,0.08333333333333333,1,0,0,229514,3032,13.210523105344336,5.228439223751057e-5,0,1574,1574,1326,248,0,0,0,0,6.857969448486803,0,NA,-5.228439223751057e-5,0,130,109,90,FALSE,FALSE,FALSE,NA,NA,TRUE,TRUE,TRUE
2016,Padel,Padel,Padel,Other sports/disciplines - Non-Code Signatories,12,12,0,12,0,0,0,1,2016_anti-doping_testing_figures.pdf,wada_testing_2016_sport_totals.csv,0,TRUE,NA,NA,NA,NA,NA,0,0,0,0,0,0,0,0,NA,NA,NA,FALSE,1326,248,1574,TRUE,0,1,0,1,0,0,229514,3032,13.210523105344336,5.228439223751057e-5,0,1574,1574,1326,248,0,0,0,0,6.857969448486803,0,NA,-5.228439223751057e-5,0,130,109,90,FALSE,FALSE,FALSE,NA,NA,TRUE,TRUE,TRUE
2016,Ultra Triathlon,Ultra Triathlon,Ultra Triathlon,Other sports/disciplines - Non-Code Signatories,11,11,0,11,0,0,0,1,2016_anti-doping_testing_figures.pdf,wada_testing_2016_sport_totals.csv,0,TRUE,NA,NA,NA,NA,NA,0,0,0,0,0,0,0,0,NA,NA,NA,FALSE,1326,248,1574,TRUE,0,1,0,1,0,0,229514,3032,13.210523105344336,4.792735955105135e-5,0,1574,1574,1326,248,0,0,0,0,6.857969448486803,0,NA,-4.792735955105135e-5,0,132,109,90,FALSE,FALSE,FALSE,NA,NA,TRUE,TRUE,TRUE
2016,Chin-up,Chin-up,Chin-up,Other sports/disciplines - Non-Code Signatories,10,8,2,10,0,0,0,1,2016_anti-doping_testing_figures.pdf,wada_testing_2016_sport_totals.csv,0,TRUE,NA,NA,NA,NA,NA,0,0,0,0,0,0,0,0,NA,NA,NA,FALSE,1326,248,1574,TRUE,0,0.8,0.2,1,0,0,229514,3032,13.210523105344336,4.357032686459214e-5,0,1574,1574,1326,248,0,0,0,0,6.857969448486803,0,NA,-4.357032686459214e-5,0,133,109,90,FALSE,FALSE,FALSE,NA,NA,TRUE,TRUE,TRUE
2016,Company Sports,Company Sports,Company Sports,Other sports/disciplines - Non-Code Signatories,10,3,7,10,0,0,1,1,2016_anti-doping_testing_figures.pdf,wada_testing_2016_sport_totals.csv,0,TRUE,Company Sports,1,Company Sports,Other Sports - Non-Code Signatories,Other Sports - Non-Code Signatories,1,0,0,0,0,1,0,1,1,TRUE,FALSE,TRUE,1326,248,1574,TRUE,100,0.3,0.7,1,0,0,229514,3032,13.210523105344336,4.357032686459214e-5,3.2981530343007914e-4,1574,1574,1326,248,6.353240152477764e-4,100,100,0,6.857969448486803,14.581575603557814,1,5.917536883831842e-4,14.581575603557814,133,84,62,FALSE,FALSE,FALSE,NA,NA,TRUE,TRUE,FALSE
2016,Crossbow,Crossbow,Crossbow,Other sports/disciplines - Non-Code Signatories,10,10,0,10,0,0,0,1,2016_anti-doping_testing_figures.pdf,wada_testing_2016_sport_totals.csv,0,TRUE,NA,NA,NA,NA,NA,0,0,0,0,0,0,0,0,NA,NA,NA,FALSE,1326,248,1574,TRUE,0,1,0,1,0,0,229514,3032,13.210523105344336,4.357032686459214e-5,0,1574,1574,1326,248,0,0,0,0,6.857969448486803,0,NA,-4.357032686459214e-5,0,133,109,90,FALSE,FALSE,FALSE,NA,NA,TRUE,TRUE,TRUE
2016,Highland Games,Highland Games,Highland Games,Other sports/disciplines - Non-Code Signatories,10,10,0,10,0,0,0,1,2016_anti-doping_testing_figures.pdf,wada_testing_2016_sport_totals.csv,0,TRUE,NA,NA,NA,NA,NA,0,0,0,0,0,0,0,0,NA,NA,NA,FALSE,1326,248,1574,TRUE,0,1,0,1,0,0,229514,3032,13.210523105344336,4.357032686459214e-5,0,1574,1574,1326,248,0,0,0,0,6.857969448486803,0,NA,-4.357032686459214e-5,0,133,109,90,FALSE,FALSE,FALSE,NA,NA,TRUE,TRUE,TRUE
2016,Motoball,Motoball,Motoball,Other sports/disciplines - Non-Code Signatories,10,10,0,10,0,0,0,1,2016_anti-doping_testing_figures.pdf,wada_testing_2016_sport_totals.csv,0,TRUE,NA,NA,NA,NA,NA,0,0,0,0,0,0,0,0,NA,NA,NA,FALSE,1326,248,1574,TRUE,0,1,0,1,0,0,229514,3032,13.210523105344336,4.357032686459214e-5,0,1574,1574,1326,248,0,0,0,0,6.857969448486803,0,NA,-4.357032686459214e-5,0,133,109,90,FALSE,FALSE,FALSE,NA,NA,TRUE,TRUE,TRUE
2016,Jet-Ski,Jet-Ski,Jet-Ski,Other sports/disciplines - Non-Code Signatories,9,8,1,9,0,0,1,1,2016_anti-doping_testing_figures.pdf,wada_testing_2016_sport_totals.csv,0,TRUE,Jet-Ski,1,Jet-Ski,Other Sports - Non-Code Signatories,Other Sports - Non-Code Signatories,1,0,0,0,0,1,0,1,1,TRUE,FALSE,TRUE,1326,248,1574,TRUE,111.1111111111111,0.8888888888888888,0.1111111111111111,1,0,0,229514,3032,13.210523105344336,3.921329417813292e-5,3.2981530343007914e-4,1574,1574,1326,248,6.353240152477764e-4,111.1111111111111,111.1111111111111,0,6.857969448486803,16.20175067061979,1,5.961107210696435e-4,16.201750670619795,138,84,62,FALSE,FALSE,FALSE,NA,NA,TRUE,TRUE,FALSE
2016,Longue Paume,Longue Paume,Longue Paume,Other sports/disciplines - Non-Code Signatories,9,9,0,9,0,0,0,1,2016_anti-doping_testing_figures.pdf,wada_testing_2016_sport_totals.csv,0,TRUE,NA,NA,NA,NA,NA,0,0,0,0,0,0,0,0,NA,NA,NA,FALSE,1326,248,1574,TRUE,0,1,0,1,0,0,229514,3032,13.210523105344336,3.921329417813292e-5,0,1574,1574,1326,248,0,0,0,0,6.857969448486803,0,NA,-3.921329417813292e-5,0,138,109,90,FALSE,FALSE,FALSE,NA,NA,TRUE,TRUE,TRUE
2016,Para-Alpine Skiing,Para-Alpine Skiing,Para-Alpine Skiing,Paralympic sports/disciplines,9,8,1,9,0,0,1,1,2016_anti-doping_testing_figures.pdf,wada_testing_2016_sport_totals.csv,0,TRUE,Para-Alpine Skiing,1,Para-Alpine Skiing,IPC,IPC,1,1,0,0,0,0,0,0,0,TRUE,FALSE,TRUE,1326,248,1574,TRUE,111.1111111111111,0.8888888888888888,0.1111111111111111,1,0,0,229514,3032,13.210523105344336,3.921329417813292e-5,3.2981530343007914e-4,1574,1574,1326,248,0,0,0,0,6.857969448486803,0,0,-3.921329417813292e-5,0,138,84,90,FALSE,FALSE,FALSE,NA,NA,TRUE,TRUE,FALSE
2016,Rafting,Rafting,Rafting,Other sports/disciplines - Non-Code Signatories,9,9,0,9,0,0,0,1,2016_anti-doping_testing_figures.pdf,wada_testing_2016_sport_totals.csv,0,TRUE,NA,NA,NA,NA,NA,0,0,0,0,0,0,0,0,NA,NA,NA,FALSE,1326,248,1574,TRUE,0,1,0,1,0,0,229514,3032,13.210523105344336,3.921329417813292e-5,0,1574,1574,1326,248,0,0,0,0,6.857969448486803,0,NA,-3.921329417813292e-5,0,138,109,90,FALSE,FALSE,FALSE,NA,NA,TRUE,TRUE,TRUE
2016,Vovinam,Vovinam,Vovinam,Other sports/disciplines - Non-Code Signatories,9,8,1,9,0,0,0,1,2016_anti-doping_testing_figures.pdf,wada_testing_2016_sport_totals.csv,0,TRUE,NA,NA,NA,NA,NA,0,0,0,0,0,0,0,0,NA,NA,NA,FALSE,1326,248,1574,TRUE,0,0.8888888888888888,0.1111111111111111,1,0,0,229514,3032,13.210523105344336,3.921329417813292e-5,0,1574,1574,1326,248,0,0,0,0,6.857969448486803,0,NA,-3.921329417813292e-5,0,138,109,90,FALSE,FALSE,FALSE,NA,NA,TRUE,TRUE,TRUE
2016,Unicycling,Unicycling,Unicycling,Other sports/disciplines - Non-Code Signatories,8,8,0,8,0,0,0,1,2016_anti-doping_testing_figures.pdf,wada_testing_2016_sport_totals.csv,0,TRUE,NA,NA,NA,NA,NA,0,0,0,0,0,0,0,0,NA,NA,NA,FALSE,1326,248,1574,TRUE,0,1,0,1,0,0,229514,3032,13.210523105344336,3.485626149167371e-5,0,1574,1574,1326,248,0,0,0,0,6.857969448486803,0,NA,-3.485626149167371e-5,0,143,109,90,FALSE,FALSE,FALSE,NA,NA,TRUE,TRUE,TRUE
2016,Broomball,Broomball,Broomball,Other sports/disciplines - Non-Code Signatories,7,7,0,7,0,0,0,1,2016_anti-doping_testing_figures.pdf,wada_testing_2016_sport_totals.csv,0,TRUE,NA,NA,NA,NA,NA,0,0,0,0,0,0,0,0,NA,NA,NA,FALSE,1326,248,1574,TRUE,0,1,0,1,0,0,229514,3032,13.210523105344336,3.0499228805214498e-5,0,1574,1574,1326,248,0,0,0,0,6.857969448486803,0,NA,-3.0499228805214498e-5,0,144,109,90,FALSE,FALSE,FALSE,NA,NA,TRUE,TRUE,TRUE
2016,CP Football,CP Football,CP Football,Other sports/disciplines - Non-Code Signatories,7,2,5,7,0,0,0,1,2016_anti-doping_testing_figures.pdf,wada_testing_2016_sport_totals.csv,0,TRUE,NA,NA,NA,NA,NA,0,0,0,0,0,0,0,0,NA,NA,NA,FALSE,1326,248,1574,TRUE,0,0.2857142857142857,0.7142857142857143,1,0,0,229514,3032,13.210523105344336,3.0499228805214498e-5,0,1574,1574,1326,248,0,0,0,0,6.857969448486803,0,NA,-3.0499228805214498e-5,0,144,109,90,FALSE,FALSE,FALSE,NA,NA,TRUE,TRUE,TRUE
2016,Ballon au Poing,Ballon au Poing,Ballon au Poing,Other sports/disciplines - Non-Code Signatories,6,6,0,6,0,0,0,1,2016_anti-doping_testing_figures.pdf,wada_testing_2016_sport_totals.csv,0,TRUE,NA,NA,NA,NA,NA,0,0,0,0,0,0,0,0,NA,NA,NA,FALSE,1326,248,1574,TRUE,0,1,0,1,0,0,229514,3032,13.210523105344336,2.6142196118755284e-5,0,1574,1574,1326,248,0,0,0,0,6.857969448486803,0,NA,-2.6142196118755284e-5,0,146,109,90,FALSE,FALSE,FALSE,NA,NA,TRUE,TRUE,TRUE
2016,Beach Tennis,Beach Tennis,Beach Tennis,Other sports/disciplines - Non-Code Signatories,6,6,0,6,0,0,0,1,2016_anti-doping_testing_figures.pdf,wada_testing_2016_sport_totals.csv,0,TRUE,NA,NA,NA,NA,NA,0,0,0,0,0,0,0,0,NA,NA,NA,FALSE,1326,248,1574,TRUE,0,1,0,1,0,0,229514,3032,13.210523105344336,2.6142196118755284e-5,0,1574,1574,1326,248,0,0,0,0,6.857969448486803,0,NA,-2.6142196118755284e-5,0,146,109,90,FALSE,FALSE,FALSE,NA,NA,TRUE,TRUE,TRUE
2016,Go,Go,Go,AIMS sports,6,6,0,6,0,0,0,1,2016_anti-doping_testing_figures.pdf,wada_testing_2016_sport_totals.csv,0,TRUE,NA,NA,NA,NA,NA,0,0,0,0,0,0,0,0,NA,NA,NA,FALSE,1326,248,1574,TRUE,0,1,0,1,0,0,229514,3032,13.210523105344336,2.6142196118755284e-5,0,1574,1574,1326,248,0,0,0,0,6.857969448486803,0,NA,-2.6142196118755284e-5,0,146,109,90,FALSE,FALSE,FALSE,NA,NA,TRUE,TRUE,TRUE
2016,Shuttlecock,Shuttlecock,Shuttlecock,Other sports/disciplines - Non-Code Signatories,6,4,2,6,0,0,0,1,2016_anti-doping_testing_figures.pdf,wada_testing_2016_sport_totals.csv,0,TRUE,Shuttlecock,1,Shuttlecock,Other Sports - Non-Code Signatories,Other Sports - Non-Code Signatories,1,0,1,0,0,0,0,0,0,TRUE,FALSE,TRUE,1326,248,1574,TRUE,0,0.6666666666666666,0.3333333333333333,1,0,0,229514,3032,13.210523105344336,2.6142196118755284e-5,0,1574,1574,1326,248,0,0,0,0,6.857969448486803,0,NA,-2.6142196118755284e-5,0,146,109,90,FALSE,FALSE,FALSE,NA,NA,TRUE,TRUE,FALSE
2016,Full Contact,Full Contact,Full contact,Other sports/disciplines - Non-Code Signatories,4,4,0,4,0,0,0,1,2016_anti-doping_testing_figures.pdf,wada_testing_2016_sport_totals.csv,0,TRUE,NA,NA,NA,NA,NA,0,0,0,0,0,0,0,0,NA,NA,NA,FALSE,1326,248,1574,TRUE,0,1,0,1,0,0,229514,3032,13.210523105344336,1.7428130745836856e-5,0,1574,1574,1326,248,0,0,0,0,6.857969448486803,0,NA,-1.7428130745836856e-5,0,150,109,90,FALSE,FALSE,FALSE,NA,NA,TRUE,TRUE,TRUE
2016,Rinkball,Rinkball,Rinkball,Other sports/disciplines - Non-Code Signatories,4,4,0,4,0,0,0,1,2016_anti-doping_testing_figures.pdf,wada_testing_2016_sport_totals.csv,0,TRUE,NA,NA,NA,NA,NA,0,0,0,0,0,0,0,0,NA,NA,NA,FALSE,1326,248,1574,TRUE,0,1,0,1,0,0,229514,3032,13.210523105344336,1.7428130745836856e-5,0,1574,1574,1326,248,0,0,0,0,6.857969448486803,0,NA,-1.7428130745836856e-5,0,150,109,90,FALSE,FALSE,FALSE,NA,NA,TRUE,TRUE,TRUE
2016,School Sports,School Sports,School Sports,Other sports/disciplines - Non-Code Signatories,4,3,1,3,1,0,0,1,2016_anti-doping_testing_figures.pdf,wada_testing_2016_sport_totals.csv,0,TRUE,NA,NA,NA,NA,NA,0,0,0,0,0,0,0,0,NA,NA,NA,FALSE,1326,248,1574,TRUE,0,0.75,0.25,0.75,0.25,0,229514,3032,13.210523105344336,1.7428130745836856e-5,0,1574,1574,1326,248,0,0,0,0,6.857969448486803,0,NA,-1.7428130745836856e-5,0,150,109,90,FALSE,FALSE,FALSE,NA,NA,TRUE,TRUE,TRUE
2016,Sleddog,Sleddog,Sleddog,AIMS sports,4,4,0,4,0,0,0,1,2016_anti-doping_testing_figures.pdf,wada_testing_2016_sport_totals.csv,0,TRUE,NA,NA,NA,NA,NA,0,0,0,0,0,0,0,0,NA,NA,NA,FALSE,1326,248,1574,TRUE,0,1,0,1,0,0,229514,3032,13.210523105344336,1.7428130745836856e-5,0,1574,1574,1326,248,0,0,0,0,6.857969448486803,0,NA,-1.7428130745836856e-5,0,150,109,90,FALSE,FALSE,FALSE,NA,NA,TRUE,TRUE,TRUE
2016,Speedball,Speedball,Speedball,Other sports/disciplines - Non-Code Signatories,4,4,0,4,0,0,0,1,2016_anti-doping_testing_figures.pdf,wada_testing_2016_sport_totals.csv,0,TRUE,NA,NA,NA,NA,NA,0,0,0,0,0,0,0,0,NA,NA,NA,FALSE,1326,248,1574,TRUE,0,1,0,1,0,0,229514,3032,13.210523105344336,1.7428130745836856e-5,0,1574,1574,1326,248,0,0,0,0,6.857969448486803,0,NA,-1.7428130745836856e-5,0,150,109,90,FALSE,FALSE,FALSE,NA,NA,TRUE,TRUE,TRUE
2016,Budo,Budo,Budo,Other sports/disciplines - Non-Code Signatories,3,0,3,3,0,0,0,1,2016_anti-doping_testing_figures.pdf,wada_testing_2016_sport_totals.csv,0,TRUE,NA,NA,NA,NA,NA,0,0,0,0,0,0,0,0,NA,NA,NA,FALSE,1326,248,1574,TRUE,0,0,1,1,0,0,229514,3032,13.210523105344336,1.3071098059377642e-5,0,1574,1574,1326,248,0,0,0,0,6.857969448486803,0,NA,-1.3071098059377642e-5,0,155,109,90,FALSE,FALSE,FALSE,NA,NA,TRUE,TRUE,TRUE
2016,Clay Target Shooting,Clay Target Shooting,Clay Target Shooting,Other sports/disciplines - Non-Code Signatories,3,2,1,3,0,0,1,1,2016_anti-doping_testing_figures.pdf,wada_testing_2016_sport_totals.csv,0,TRUE,Clay Target Shooting,1,Clay Target Shooting,Other Sports - Non-Code Signatories,Other Sports - Non-Code Signatories,1,1,0,0,0,0,0,0,0,TRUE,FALSE,TRUE,1326,248,1574,TRUE,333.3333333333333,0.6666666666666666,0.3333333333333333,1,0,0,229514,3032,13.210523105344336,1.3071098059377642e-5,3.2981530343007914e-4,1574,1574,1326,248,0,0,0,0,6.857969448486803,0,0,-1.3071098059377642e-5,0,155,84,90,FALSE,FALSE,FALSE,NA,NA,TRUE,TRUE,FALSE
2016,Extreme,Extreme,Extreme,Other sports/disciplines - Non-Code Signatories,3,3,0,3,0,0,0,1,2016_anti-doping_testing_figures.pdf,wada_testing_2016_sport_totals.csv,0,TRUE,NA,NA,NA,NA,NA,0,0,0,0,0,0,0,0,NA,NA,NA,FALSE,1326,248,1574,TRUE,0,1,0,1,0,0,229514,3032,13.210523105344336,1.3071098059377642e-5,0,1574,1574,1326,248,0,0,0,0,6.857969448486803,0,NA,-1.3071098059377642e-5,0,155,109,90,FALSE,FALSE,FALSE,NA,NA,TRUE,TRUE,TRUE
2016,Speleology,Speleology,Speleology,Other sports/disciplines - Non-Code Signatories,3,3,0,3,0,0,0,1,2016_anti-doping_testing_figures.pdf,wada_testing_2016_sport_totals.csv,0,TRUE,NA,NA,NA,NA,NA,0,0,0,0,0,0,0,0,NA,NA,NA,FALSE,1326,248,1574,TRUE,0,1,0,1,0,0,229514,3032,13.210523105344336,1.3071098059377642e-5,0,1574,1574,1326,248,0,0,0,0,6.857969448486803,0,NA,-1.3071098059377642e-5,0,155,109,90,FALSE,FALSE,FALSE,NA,NA,TRUE,TRUE,TRUE
2016,Para-Bowls,Para-Bowls,Para-Bowls,Sports for Athletes with an Impairment,2,2,0,2,0,0,0,1,2016_anti-doping_testing_figures.pdf,wada_testing_2016_sport_totals.csv,0,TRUE,NA,NA,NA,NA,NA,0,0,0,0,0,0,0,0,NA,NA,NA,FALSE,1326,248,1574,TRUE,0,1,0,1,0,0,229514,3032,13.210523105344336,8.714065372918428e-6,0,1574,1574,1326,248,0,0,0,0,6.857969448486803,0,NA,-8.714065372918428e-6,0,159,109,90,FALSE,FALSE,FALSE,NA,NA,TRUE,TRUE,TRUE
2016,Traditional Karate,Traditional Karate,Traditional Karate,Other sports/disciplines - Non-Code Signatories,2,2,0,2,0,0,0,1,2016_anti-doping_testing_figures.pdf,wada_testing_2016_sport_totals.csv,0,TRUE,NA,NA,NA,NA,NA,0,0,0,0,0,0,0,0,NA,NA,NA,FALSE,1326,248,1574,TRUE,0,1,0,1,0,0,229514,3032,13.210523105344336,8.714065372918428e-6,0,1574,1574,1326,248,0,0,0,0,6.857969448486803,0,NA,-8.714065372918428e-6,0,159,109,90,FALSE,FALSE,FALSE,NA,NA,TRUE,TRUE,TRUE
2016,Traditional Martial Arts,Traditional Martial Arts,Traditional Martial Arts,Other sports/disciplines - Non-Code Signatories,2,0,2,2,0,0,0,1,2016_anti-doping_testing_figures.pdf,wada_testing_2016_sport_totals.csv,0,TRUE,NA,NA,NA,NA,NA,0,0,0,0,0,0,0,0,NA,NA,NA,FALSE,1326,248,1574,TRUE,0,0,1,1,0,0,229514,3032,13.210523105344336,8.714065372918428e-6,0,1574,1574,1326,248,0,0,0,0,6.857969448486803,0,NA,-8.714065372918428e-6,0,159,109,90,FALSE,FALSE,FALSE,NA,NA,TRUE,TRUE,TRUE
2016,Unifight,Unifight,Unifight,Other sports/disciplines from Code Signatories,2,0,2,0,2,0,0,1,2016_anti-doping_testing_figures.pdf,wada_testing_2016_sport_totals.csv,0,TRUE,NA,NA,NA,NA,NA,0,0,0,0,0,0,0,0,NA,NA,NA,FALSE,1326,248,1574,TRUE,0,0,1,0,1,0,229514,3032,13.210523105344336,8.714065372918428e-6,0,1574,1574,1326,248,0,0,0,0,6.857969448486803,0,NA,-8.714065372918428e-6,0,159,109,90,FALSE,FALSE,FALSE,NA,NA,TRUE,TRUE,TRUE
2016,Bowls,Bowls,Bowls,Other sports/disciplines from Code Signatories,1,0,1,1,0,0,0,1,2016_anti-doping_testing_figures.pdf,wada_testing_2016_sport_totals.csv,0,TRUE,NA,NA,NA,NA,NA,0,0,0,0,0,0,0,0,NA,NA,NA,FALSE,1326,248,1574,TRUE,0,0,1,1,0,0,229514,3032,13.210523105344336,4.357032686459214e-6,0,1574,1574,1326,248,0,0,0,0,6.857969448486803,0,NA,-4.357032686459214e-6,0,163,109,90,FALSE,FALSE,FALSE,NA,NA,TRUE,TRUE,TRUE
2016,Hornussen,Hornussen,Hornuss,Other sports/disciplines - Non-Code Signatories,1,0,1,1,0,0,0,1,2016_anti-doping_testing_figures.pdf,wada_testing_2016_sport_totals.csv,0,TRUE,NA,NA,NA,NA,NA,0,0,0,0,0,0,0,0,NA,NA,NA,FALSE,1326,248,1574,TRUE,0,0,1,1,0,0,229514,3032,13.210523105344336,4.357032686459214e-6,0,1574,1574,1326,248,0,0,0,0,6.857969448486803,0,NA,-4.357032686459214e-6,0,163,109,90,FALSE,FALSE,FALSE,NA,NA,TRUE,TRUE,TRUE
2016,Strongman,Strongman,Strongman,Other sports/disciplines - Non-Code Signatories,1,0,1,1,0,0,0,1,2016_anti-doping_testing_figures.pdf,wada_testing_2016_sport_totals.csv,0,TRUE,NA,NA,NA,NA,NA,0,0,0,0,0,0,0,0,NA,NA,NA,FALSE,1326,248,1574,TRUE,0,0,1,1,0,0,229514,3032,13.210523105344336,4.357032686459214e-6,0,1574,1574,1326,248,0,0,0,0,6.857969448486803,0,NA,-4.357032686459214e-6,0,163,109,90,FALSE,FALSE,FALSE,NA,NA,TRUE,TRUE,TRUE
2017,Football,Football,Football,ASOIF Summer Olympic sports | Other sports/disciplines - Non-Code Signatories | Sports for Athletes with an Impairment,37293,27533,9760,35330,1963,0,170,3,2017_anti-doping_testing_figures_en_0.pdf,wada_testing_2017_sport_totals.csv,0,TRUE,Football,1,Football,ASOIF | Other Sports - Non-Code Signatories | Sports for Athletes with an Impairment,ASOIF | Other Sports - Non-Code Signatories | Sports for Athletes with an Impairment,170,11,15,10,62,72,8,80,0.423529411764706,TRUE,TRUE,TRUE,1457,317,1774,TRUE,4.558496232536937,0.7382886868849382,0.2617113131150618,0.9473627758560588,0.05263722414394122,0,245232,2749,11.20979317544203,0.1520723233509493,0.061840669334303384,1774,1774,1457,317,0.04509582863585118,2.1451746976644412,1.930657227897997,0.2145174697664441,7.233966203431852,0.29654198503813206,0.4235294117647059,-0.10697649471509812,0.296541985038132,1,5,6,TRUE,TRUE,TRUE,83,108,TRUE,TRUE,FALSE
2017,Athletics,Athletics,Athletics,ASOIF Summer Olympic sports | Other sports/disciplines - Non-Code Signatories | Paralympic sports/disciplines | Sports for Athletes with an Impairment,32230,16062,16168,28826,3404,0,300,4,2017_anti-doping_testing_figures_en_0.pdf,wada_testing_2017_sport_totals.csv,0,TRUE,Athletics,1,Athletics,ASOIF | Other Sports - Non-Code Signatories | Sports for Athletes with an Impairment,ASOIF | Other Sports - Non-Code Signatories | Sports for Athletes with an Impairment,300,14,11,35,64,174,72,246,0.58,TRUE,TRUE,TRUE,1457,317,1774,TRUE,9.308098045299412,0.49835556934533043,0.5016444306546696,0.894384114179336,0.10561588582066397,0,245232,2749,11.20979317544203,0.1314265674952698,0.10913059294288832,1774,1774,1457,317,0.1386696730552424,7.632640397145517,5.398696866273658,2.2339435308718585,7.233966203431852,1.0551114260838723,0.58,0.007243105559972596,1.055111426083872,2,2,2,TRUE,TRUE,TRUE,50,82,TRUE,TRUE,FALSE
2017,Cycling,Cycling,Cycling,ASOIF Summer Olympic sports | Other sports/disciplines - Non-Code Signatories | Sports for Athletes with an Impairment,24323,14525,9798,21744,2579,0,298,3,2017_anti-doping_testing_figures_en_0.pdf,wada_testing_2017_sport_totals.csv,0,TRUE,Cycling,1,Cycling,ASOIF | Other Sports - Non-Code Signatories | Sports for Athletes with an Impairment,ASOIF | Other Sports - Non-Code Signatories | Sports for Athletes with an Impairment,298,50,32,4,35,177,48,225,0.593959731543624,TRUE,TRUE,TRUE,1457,317,1774,TRUE,12.251778152366073,0.5971714015540847,0.4028285984459154,0.8939686716276775,0.10603132837232249,0,245232,2749,11.20979317544203,0.09918363019508057,0.1084030556566024,1774,1774,1457,317,0.12683201803833147,9.25050363853143,7.277062862311392,1.9734407762200388,7.233966203431852,1.2787595875334496,0.5939597315436241,0.027648387843250896,1.27875958753345,3,3,3,TRUE,TRUE,TRUE,45,70,TRUE,TRUE,FALSE
2017,Aquatics,Aquatics,Aquatics,ASOIF Summer Olympic sports | Other sports/disciplines - Non-Code Signatories | Paralympic sports/disciplines | Sports for Athletes with an Impairment,15745,6972,8773,13720,2025,0,74,4,2017_anti-doping_testing_figures_en_0.pdf,wada_testing_2017_sport_totals.csv,0,TRUE,Aquatics,1,Aquatics,ASOIF | Other Sports - Non-Code Signatories | Sports for Athletes with an Impairment,ASOIF | Other Sports - Non-Code Signatories | Sports for Athletes with an Impairment,74,18,2,13,11,30,5,35,0.405405405405405,TRUE,TRUE,TRUE,1457,317,1774,TRUE,4.699904731660844,0.4428072403937758,0.5571927596062242,0.871387742140362,0.12861225785963798,0,245232,2749,11.20979317544203,0.0642045083838977,0.02691887959257912,1774,1774,1457,317,0.019729425028184894,2.222927913623373,1.905366783105748,0.31756113051762463,7.233966203431852,0.30729033715540416,0.40540540540540543,-0.044475083355712805,0.3072903371554041,4,10,10,TRUE,TRUE,TRUE,81,106,TRUE,TRUE,FALSE
2017,Weightlifting,Weightlifting,Weightlifting,ASOIF Summer Olympic sports | Other sports/disciplines - Non-Code Signatories,10665,5060,5605,9073,1592,0,155,2,2017_anti-doping_testing_figures_en_0.pdf,wada_testing_2017_sport_totals.csv,0,TRUE,Weightlifting,1,Weightlifting,ASOIF,ASOIF,155,8,4,8,25,110,13,123,0.709677419354839,TRUE,TRUE,TRUE,1457,317,1774,TRUE,14.533520862634786,0.4744491326769808,0.5255508673230193,0.8507266760431318,0.14927332395686826,0,245232,2749,11.20979317544203,0.043489430416911334,0.05638413968715897,1774,1774,1457,317,0.0693348365276212,11.533052039381154,10.314111579934366,1.2189404594467885,7.233966203431852,1.5942916672612848,0.7096774193548387,0.02584540611070986,1.5942916672612846,5,6,4,TRUE,TRUE,TRUE,36,62,TRUE,TRUE,FALSE
2017,Skiing,Skiing,Skiing,AIOWF Winter Olympic sports | Other sports/disciplines - Non-Code Signatories | Paralympic sports/disciplines | Sports for Athletes with an Impairment,7913,2394,5519,7061,852,0,15,4,2017_anti-doping_testing_figures_en_0.pdf,wada_testing_2017_sport_totals.csv,0,TRUE,Skiing,1,Skiing,AIOWF,AIOWF,15,2,2,0,4,7,4,11,0.466666666666667,TRUE,TRUE,TRUE,1457,317,1774,TRUE,1.8956148110703905,0.3025401238468343,0.6974598761531656,0.8923290787312018,0.10767092126879818,0,245232,2749,11.20979317544203,0.03226740392770927,0.005456529647144416,1774,1774,1457,317,0.0062006764374295375,1.3901175281182863,0.8846202451661822,0.5054972829521042,7.233966203431852,0.19216533351494,0.4666666666666667,-0.02606672749027973,0.19216533351494003,6,30,27,TRUE,TRUE,TRUE,87,115,TRUE,TRUE,FALSE
2017,Rugby Union,Rugby Union,Rugby Union,ASOIF Summer Olympic sports,7631,2744,4887,6645,986,0,78,1,2017_anti-doping_testing_figures_en_0.pdf,wada_testing_2017_sport_totals.csv,0,TRUE,Rugby Union,1,Rugby Union,ASOIF | Sports for Athletes with an Impairment,ASOIF | Sports for Athletes with an Impairment,82,5,7,1,25,44,10,54,0.536585365853659,TRUE,TRUE,TRUE,1457,317,1774,TRUE,10.221465076660987,0.35958589961997117,0.6404141003800289,0.8707901978770803,0.12920980212291966,0,245232,2749,11.20979317544203,0.031117472434266328,0.028373954165150966,1774,1774,1457,317,0.030439684329199548,7.076398899226838,5.765954658629275,1.3104442405975625,7.233966203431852,0.9782184074719256,0.5641025641025641,-6.777881050667803e-4,0.9782184074719255,7,9,8,TRUE,TRUE,TRUE,53,76,TRUE,TRUE,FALSE
2017,Tennis,Tennis,Tennis,ASOIF Summer Olympic sports | Other sports/disciplines - Non-Code Signatories | Sports for Athletes with an Impairment,6283,4127,2156,4955,1328,0,33,3,2017_anti-doping_testing_figures_en_0.pdf,wada_testing_2017_sport_totals.csv,0,TRUE,Tennis | Wheelchair Tennis,2,Tennis | Wheelchair Tennis,ASOIF | Sports for Athletes with an Impairment,ASOIF | Sports for Athletes with an Impairment,33,10,4,0,6,13,4,17,0.393939393939394,TRUE,TRUE,TRUE,1457,317,1774,TRUE,5.252268024828903,0.656851822377845,0.34314817762215505,0.7886360019099157,0.21136399809008435,0,245232,2749,11.20979317544203,0.025620636784758923,0.012004365223717716,1774,1774,1457,317,0.009582863585118376,2.7057138309724653,2.0690752825083556,0.6366385484641095,7.233966203431852,0.37402909481231095,0.3939393939393939,-0.016037773199640545,0.37402909481231095,8,18,19,TRUE,TRUE,TRUE,78,103,TRUE,TRUE,FALSE
2017,Basketball,Basketball,Basketball,ASOIF Summer Olympic sports | Other sports/disciplines - Non-Code Signatories | Sports for Athletes with an Impairment,6045,4037,2008,5831,214,0,43,3,2017_anti-doping_testing_figures_en_0.pdf,wada_testing_2017_sport_totals.csv,0,TRUE,Basketball | Wheelchair Basketball,2,Basketball | Wheelchair Basketball,ASOIF | Other Sports - Non-Code Signatories | Sports for Athletes with an Impairment,ASOIF | Other Sports - Non-Code Signatories | Sports for Athletes with an Impairment,43,1,1,5,9,27,4,31,0.627906976744186,TRUE,TRUE,TRUE,1457,317,1774,TRUE,7.113316790736145,0.6678246484698097,0.33217535153019023,0.9645988420181969,0.03540115798180314,0,245232,2749,11.20979317544203,0.024650127226463106,0.015642051655147326,1774,1774,1457,317,0.017474633596392335,5.128205128205129,4.4665012406947895,0.6617038875103392,7.233966203431852,0.7089064261555806,0.627906976744186,-0.007175493630070771,0.7089064261555806,9,15,11,TRUE,TRUE,TRUE,65,93,TRUE,TRUE,FALSE
2017,Skating,Skating,Skating,AIOWF Winter Olympic sports | Other sports/disciplines - Non-Code Signatories,5198,2013,3185,4664,534,0,6,2,2017_anti-doping_testing_figures_en_0.pdf,wada_testing_2017_sport_totals.csv,0,TRUE,Skating,1,Skating,AIOWF,AIOWF,6,1,0,1,1,3,0,3,0.5,TRUE,FALSE,TRUE,1457,317,1774,TRUE,1.1542901115813775,0.38726433243555214,0.6127356675644479,0.8972681800692575,0.1027318199307426,0,245232,2749,11.20979317544203,0.02119625497488093,0.0021826118588577663,1774,1774,1457,317,0.0016910935738444193,0.5771450557906888,0.5771450557906888,0,7.233966203431852,0.07978265858041837,0.5,-0.01950516140103651,0.07978265858041836,10,48,47,TRUE,TRUE,TRUE,90,116,TRUE,TRUE,FALSE
2017,Wrestling,Wrestling,Wrestling,ASOIF Summer Olympic sports | Other sports/disciplines - Non-Code Signatories | Sports for Athletes with an Impairment,4943,2539,2404,4581,362,0,81,3,2017_anti-doping_testing_figures_en_0.pdf,wada_testing_2017_sport_totals.csv,0,TRUE,Wrestling,1,Wrestling,ASOIF,ASOIF,81,7,3,1,17,52,5,57,0.641975308641975,TRUE,TRUE,TRUE,1457,317,1774,TRUE,16.38680962977949,0.5136556746914829,0.4863443253085171,0.9267651223953065,0.07323487760469351,0,245232,2749,11.20979317544203,0.020156423305278268,0.029465260094579847,1774,1774,1457,317,0.032130777903043965,11.531458628363342,10.519927169734977,1.0115314586283632,7.233966203431852,1.5940713992958282,0.6419753086419753,0.011974354597765698,1.594071399295828,11,8,7,TRUE,TRUE,TRUE,37,52,TRUE,TRUE,FALSE
2017,Triathlon,Triathlon,Triathlon,ASOIF Summer Olympic sports | Other sports/disciplines - Non-Code Signatories | Other sports/disciplines from Code Signatories | Sports for Athletes with an Impairment,4874,2769,2105,4385,489,0,35,4,2017_anti-doping_testing_figures_en_0.pdf,wada_testing_2017_sport_totals.csv,0,TRUE,Triathlon,1,Triathlon,ASOIF | Other Code Signatories | Sports for Athletes with an Impairment,ASOIF | Other Code Signatories | Sports for Athletes with an Impairment,35,8,1,2,7,17,4,21,0.485714285714286,TRUE,TRUE,TRUE,1457,317,1774,TRUE,7.180960196963479,0.5681165367254821,0.4318834632745179,0.899671727533853,0.10032827246614691,0,245232,2749,11.20979317544203,0.019875057088797547,0.012731902510003638,1774,1774,1457,317,0.011837655016910935,4.308576118178087,3.4878949528108327,0.8206811653672548,7.233966203431852,0.5956035730625979,0.4857142857142857,-0.008037402071886612,0.5956035730625979,12,16,15,TRUE,TRUE,TRUE,72,92,TRUE,TRUE,FALSE
2017,Volleyball,Volleyball,Volleyball,ASOIF Summer Olympic sports | Other sports/disciplines - Non-Code Signatories | Sports for Athletes with an Impairment,4536,2794,1742,4316,220,0,23,3,2017_anti-doping_testing_figures_en_0.pdf,wada_testing_2017_sport_totals.csv,0,TRUE,Volleyball,1,Volleyball,ASOIF | Other Sports - Non-Code Signatories,ASOIF | Other Sports - Non-Code Signatories,23,2,1,5,5,10,0,10,0.434782608695652,TRUE,FALSE,TRUE,1457,317,1774,TRUE,5.070546737213403,0.6159611992945326,0.38403880070546736,0.9514991181657848,0.048500881834215165,0,245232,2749,11.20979317544203,0.01849677040516735,0.008366678792288106,1774,1774,1457,317,0.005636978579481398,2.204585537918871,2.204585537918871,0,7.233966203431852,0.30475474669386726,0.43478260869565216,-0.012859791825685953,0.3047547466938673,13,23,29,TRUE,TRUE,TRUE,82,104,TRUE,TRUE,FALSE
2017,Rowing,Rowing,Rowing,ASOIF Summer Olympic sports | Other sports/disciplines - Non-Code Signatories | Sports for Athletes with an Impairment,4510,1565,2945,4004,506,0,24,3,2017_anti-doping_testing_figures_en_0.pdf,wada_testing_2017_sport_totals.csv,0,TRUE,Rowing,1,Rowing,ASOIF | Sports for Athletes with an Impairment,ASOIF | Sports for Athletes with an Impairment,24,5,1,2,6,10,2,12,0.416666666666667,TRUE,TRUE,TRUE,1457,317,1774,TRUE,5.321507760532151,0.34700665188470065,0.6529933481152993,0.8878048780487805,0.11219512195121951,0,245232,2749,11.20979317544203,0.018390748352580415,0.008730447435431065,1774,1774,1457,317,0.006764374295377677,2.6607538802660753,2.2172949002217295,0.4434589800443459,7.233966203431852,0.36781397720710834,0.4166666666666667,-0.011626374057202737,0.3678139772071083,14,22,25,TRUE,TRUE,TRUE,79,101,TRUE,TRUE,FALSE
2017,Boxing,Boxing,Boxing,ASOIF Summer Olympic sports | Other sports/disciplines - Non-Code Signatories,4435,2527,1908,4077,358,0,100,2,2017_anti-doping_testing_figures_en_0.pdf,wada_testing_2017_sport_totals.csv,0,TRUE,Boxing,1,Boxing,ASOIF | Other Sports - Non-Code Signatories,ASOIF | Other Sports - Non-Code Signatories,100,1,2,1,53,43,7,50,0.43,TRUE,TRUE,TRUE,1457,317,1774,TRUE,22.547914317925592,0.5697857948139797,0.43021420518602027,0.9192784667418263,0.08072153325817362,0,245232,2749,11.20979317544203,0.01808491550857963,0.036376864314296105,1774,1774,1457,317,0.02818489289740699,11.273957158962796,9.695603156708005,1.5783540022547915,7.233966203431852,1.5584752322473305,0.43,0.010099977388827359,1.5584752322473305,15,7,9,TRUE,TRUE,TRUE,38,43,TRUE,TRUE,FALSE
2017,Judo,Judo,Judo,ASOIF Summer Olympic sports | Other sports/disciplines - Non-Code Signatories | Sports for Athletes with an Impairment,4134,2242,1892,3946,188,0,57,3,2017_anti-doping_testing_figures_en_0.pdf,wada_testing_2017_sport_totals.csv,0,TRUE,Judo,1,Judo,ASOIF | Sports for Athletes with an Impairment,ASOIF | Sports for Athletes with an Impairment,57,6,3,3,19,26,4,30,0.456140350877193,TRUE,TRUE,TRUE,1457,317,1774,TRUE,13.788098693759071,0.5423318819545234,0.4576681180454765,0.9545234639574263,0.045476536042573776,0,245232,2749,11.20979317544203,0.016857506361323157,0.020734812659148782,1774,1774,1457,317,0.016910935738444193,7.256894049346879,6.289308176100629,0.9675858732462506,7.233966203431852,1.0031694709748782,0.45614035087719296,5.342937712103646e-5,1.0031694709748782,16,12,13,TRUE,TRUE,TRUE,52,64,TRUE,TRUE,FALSE
2017,Ice Hockey,Ice Hockey,Ice Hockey,AIOWF Winter Olympic sports | Other sports/disciplines - Non-Code Signatories | Sports for Athletes with an Impairment,4099,2015,2084,3825,274,0,31,3,2017_anti-doping_testing_figures_en_0.pdf,wada_testing_2017_sport_totals.csv,0,TRUE,Ice Hockey,1,Ice Hockey,AIOWF | Other Sports - Non-Code Signatories,AIOWF | Other Sports - Non-Code Signatories,31,9,0,1,6,15,5,20,0.483870967741935,TRUE,TRUE,TRUE,1457,317,1774,TRUE,7.562820200048792,0.4915833130031715,0.5084166869968285,0.9331544279092462,0.06684557209075384,0,245232,2749,11.20979317544203,0.016714784367456124,0.011276827937431793,1774,1774,1457,317,0.011273957158962795,4.8792388387411565,3.659429129055867,1.2198097096852891,7.233966203431852,0.6744901346686422,0.4838709677419355,-0.005440827208493329,0.6744901346686422,17,19,17,TRUE,TRUE,TRUE,69,89,TRUE,TRUE,FALSE
2017,Canoe / Kayak,Canoe / Kayak,Canoe / Kayak,ASOIF Summer Olympic sports | Other sports/disciplines - Non-Code Signatories | Sports for Athletes with an Impairment,4020,1507,2513,3562,458,0,25,3,2017_anti-doping_testing_figures_en_0.pdf,wada_testing_2017_sport_totals.csv,0,TRUE,Canoe / Kayak,1,Canoe/Kayak,ASOIF,ASOIF,25,2,0,3,2,18,3,21,0.72,TRUE,TRUE,TRUE,1457,317,1774,TRUE,6.218905472636816,0.37487562189054724,0.6251243781094528,0.8860696517412935,0.11393034825870647,0,245232,2749,11.20979317544203,0.016392640438441967,0.009094216078574026,1774,1774,1457,317,0.011837655016910935,5.223880597014926,4.477611940298508,0.746268656716418,7.233966203431852,0.7221322923151997,0.72,-0.0045549854215310315,0.7221322923151996,18,20,15,TRUE,TRUE,TRUE,63,98,TRUE,TRUE,FALSE
2017,Powerlifting,Powerlifting,Powerlifting,AIMS sports | Other sports/disciplines - Non-Code Signatories | Paralympic sports/disciplines | Sports for Athletes with an Impairment,3898,2548,1350,3627,271,0,186,4,2017_anti-doping_testing_figures_en_0.pdf,wada_testing_2017_sport_totals.csv,0,TRUE,Powerlifting,1,Powerlifting,AIMS | Other Sports - Non-Code Signatories | Sports for Athletes with an Impairment,AIMS | Other Sports - Non-Code Signatories | Sports for Athletes with an Impairment,186,13,0,1,73,99,6,105,0.532258064516129,TRUE,TRUE,TRUE,1457,317,1774,TRUE,47.71677783478707,0.6536685479733196,0.34633145202668036,0.9304771677783479,0.06952283222165213,0,245232,2749,11.20979317544203,0.015895152345534024,0.06766096762459076,1774,1774,1457,317,0.05918827508455468,26.936890713186248,25.397639815289892,1.539250897896357,7.233966203431852,3.7236683108095208,0.532258064516129,0.043293122739020654,3.723668310809521,19,4,5,TRUE,TRUE,TRUE,20,22,TRUE,TRUE,FALSE
2017,Handball,Handball,Handball,ASOIF Summer Olympic sports | Sports for Athletes with an Impairment,3569,2101,1468,3395,174,0,25,2,2017_anti-doping_testing_figures_en_0.pdf,wada_testing_2017_sport_totals.csv,0,TRUE,Handball,1,Handball,ASOIF | Sports for Athletes with an Impairment,ASOIF | Sports for Athletes with an Impairment,25,1,2,0,8,14,1,15,0.56,TRUE,TRUE,TRUE,1457,317,1774,TRUE,7.004763239002521,0.588680302605772,0.4113196973942281,0.9512468478565425,0.04875315214345755,0,245232,2749,11.20979317544203,0.014553565603183924,0.009094216078574026,1774,1774,1457,317,0.008455467869222097,4.202857943401513,3.922667413841412,0.2801905295601009,7.233966203431852,0.5809894358377903,0.56,-0.006098097733961827,0.5809894358377902,20,20,22,TRUE,TRUE,TRUE,73,94,TRUE,TRUE,FALSE
2017,Mixed Martial Arts,Mixed Martial Arts,Mixed Martial Arts,Other sports/disciplines - Non-Code Signatories,2691,475,2216,2629,62,0,70,1,2017_anti-doping_testing_figures_en_0.pdf,wada_testing_2017_sport_totals.csv,0,TRUE,Mixed Martial Arts,1,Mixed Martial Arts,Other Sports - Non-Code Signatories,Other Sports - Non-Code Signatories,70,12,5,3,29,21,1,22,0.3,TRUE,TRUE,TRUE,1457,317,1774,TRUE,26.012634708286885,0.17651430694908957,0.8234856930509105,0.976960237829803,0.023039762170196952,0,245232,2749,11.20979317544203,0.01097328244274809,0.025463805020007276,1774,1774,1457,317,0.012401352874859075,8.175399479747306,7.803790412486065,0.3716090672612412,7.233966203431852,1.1301406793784619,0.3,0.0014280704321109842,1.1301406793784619,21,11,14,TRUE,TRUE,TRUE,48,42,TRUE,TRUE,FALSE
2017,Biathlon,Biathlon,Biathlon,AIOWF Winter Olympic sports | Other sports/disciplines - Non-Code Signatories | Paralympic sports/disciplines,2516,940,1576,2186,330,0,2,3,2017_anti-doping_testing_figures_en_0.pdf,wada_testing_2017_sport_totals.csv,0,TRUE,Biathlon | Para-Biathlon,2,Biathlon | Para-Biathlon,AIOWF | IPC,AIOWF | IPC,2,0,1,0,0,1,0,1,0.5,TRUE,FALSE,TRUE,1457,317,1774,TRUE,0.794912559618442,0.37360890302066774,0.6263910969793323,0.8688394276629571,0.13116057233704292,0,245232,2749,11.20979317544203,0.010259672473412931,7.275372862859222e-4,1774,1774,1457,317,5.636978579481398e-4,0.397456279809221,0.397456279809221,0,7.233966203431852,0.05494306562016622,0.5,-0.009695974615464792,0.05494306562016622,22,79,66,TRUE,TRUE,TRUE,91,117,TRUE,TRUE,FALSE
2017,Taekwondo,Taekwondo,Taekwondo,ASOIF Summer Olympic sports | Other sports/disciplines - Non-Code Signatories | Other sports/disciplines from Code Signatories | Sports for Athletes with an Impairment,2438,1603,835,2359,79,0,17,4,2017_anti-doping_testing_figures_en_0.pdf,wada_testing_2017_sport_totals.csv,0,TRUE,Taekwondo,1,Taekwondo,ASOIF | Other Code Signatories | Other Sports - Non-Code Signatories | Sports for Athletes with an Impairment,ASOIF | Other Code Signatories | Other Sports - Non-Code Signatories | Sports for Athletes with an Impairment,17,1,0,1,3,12,0,12,0.705882352941177,TRUE,FALSE,TRUE,1457,317,1774,TRUE,6.972928630024611,0.6575061525840853,0.3424938474159147,0.9675963904840033,0.03240360951599672,0,245232,2749,11.20979317544203,0.009941606315652118,0.0061840669334303384,1774,1774,1457,317,0.006764374295377677,4.9220672682526665,4.9220672682526665,0,7.233966203431852,0.6804105977047,0.7058823529411765,-0.0031772320202744404,0.6804105977046999,23,28,25,TRUE,TRUE,TRUE,67,95,TRUE,TRUE,FALSE
2017,Gymnastics,Gymnastics,Gymnastics,ASOIF Summer Olympic sports | Other sports/disciplines - Non-Code Signatories,2253,1110,1143,2143,110,0,17,2,2017_anti-doping_testing_figures_en_0.pdf,wada_testing_2017_sport_totals.csv,0,TRUE,Gymnastics,1,Gymnastics,ASOIF | Other Sports - Non-Code Signatories,ASOIF | Other Sports - Non-Code Signatories,17,7,0,1,1,8,3,11,0.470588235294118,TRUE,TRUE,TRUE,1457,317,1774,TRUE,7.545494895694629,0.49267643142476697,0.507323568575233,0.9511762094984465,0.048823790501553485,0,245232,2749,11.20979317544203,0.00918721863378352,0.0061840669334303384,1774,1774,1457,317,0.0062006764374295375,4.882379050155349,3.5508211273857078,1.3315579227696406,7.233966203431852,0.6749242272985887,0.47058823529411764,-0.0029865421963539817,0.6749242272985887,24,28,27,TRUE,TRUE,TRUE,68,90,TRUE,TRUE,FALSE
2017,Bodybuilding,Bodybuilding,Bodybuilding,AIMS sports | Other sports/disciplines - Non-Code Signatories,1687,1240,447,1577,110,0,335,2,2017_anti-doping_testing_figures_en_0.pdf,wada_testing_2017_sport_totals.csv,0,TRUE,Bodybuilding,1,Bodybuilding,AIMS | Other Sports - Non-Code Signatories,AIMS | Other Sports - Non-Code Signatories,335,2,2,2,114,215,69,284,0.641791044776119,TRUE,TRUE,TRUE,1457,317,1774,TRUE,198.57735625370478,0.7350326022525193,0.26496739774748074,0.9347954949614701,0.06520450503852994,0,245232,2749,11.20979317544203,0.006879200104390944,0.12186249545289196,1774,1774,1457,317,0.1600901916572717,168.34617664493183,127.44516893894486,40.90100770598696,7.233966203431852,23.271628856251365,0.6417910447761194,0.15321099155288076,23.271628856251365,25,1,1,TRUE,TRUE,TRUE,2,4,TRUE,TRUE,FALSE
2017,Fencing,Fencing,Fencing,ASOIF Summer Olympic sports | Other sports/disciplines - Non-Code Signatories | Sports for Athletes with an Impairment,1672,960,712,1648,24,0,7,3,2017_anti-doping_testing_figures_en_0.pdf,wada_testing_2017_sport_totals.csv,0,TRUE,Fencing,1,Fencing,ASOIF | Sports for Athletes with an Impairment,ASOIF | Sports for Athletes with an Impairment,7,1,0,1,1,4,1,5,0.571428571428571,TRUE,TRUE,TRUE,1457,317,1774,TRUE,4.186602870813397,0.5741626794258373,0.4258373205741627,0.9856459330143541,0.014354066985645933,0,245232,2749,11.20979317544203,0.006818033535590787,0.0025463805020007274,1774,1774,1457,317,0.002818489289740699,2.9904306220095696,2.3923444976076556,0.5980861244019139,7.233966203431852,0.4133874195584277,0.5714285714285714,-0.003999544245850088,0.41338741955842767,26,46,41,TRUE,TRUE,TRUE,77,109,TRUE,TRUE,FALSE
2017,Para-Athletics,Para-Athletics,Para-Athletics | Para-Athletics (IWAS),Paralympic sports/disciplines | Sports for Athletes with an Impairment,1636,777,859,1496,140,0,21,2,2017_anti-doping_testing_figures_en_0.pdf,wada_testing_2017_sport_totals.csv,0,TRUE,Para-Athletics,1,Para-Athletics,IPC | Sports for Athletes with an Impairment,IPC | Sports for Athletes with an Impairment,21,9,1,0,9,2,1,3,0.0952380952380952,TRUE,TRUE,TRUE,1457,317,1774,TRUE,12.836185819070904,0.47493887530562345,0.5250611246943765,0.9144254278728606,0.08557457212713937,0,245232,2749,11.20979317544203,0.006671233770470412,0.007639141506002182,1774,1774,1457,317,0.0016910935738444193,1.8337408312958434,1.2224938875305624,0.6112469437652812,7.233966203431852,0.25349037854585244,0.09523809523809523,-0.0049801401966259925,0.2534903785458525,27,25,47,TRUE,TRUE,TRUE,86,68,TRUE,TRUE,FALSE
2017,Shooting,Shooting,Shooting,ASOIF Summer Olympic sports | Other sports/disciplines - Non-Code Signatories | Sports for Athletes with an Impairment,1584,1283,301,1583,1,0,13,3,2017_anti-doping_testing_figures_en_0.pdf,wada_testing_2017_sport_totals.csv,0,TRUE,Shooting,1,Shooting,ASOIF,ASOIF,13,2,0,4,2,5,1,6,0.384615384615385,TRUE,TRUE,TRUE,1457,317,1774,TRUE,8.207070707070708,0.8099747474747475,0.1900252525252525,0.9993686868686869,6.313131313131314e-4,0,245232,2749,11.20979317544203,0.0064591896652965355,0.004728992360858494,1774,1774,1457,317,0.0033821871476888386,3.787878787878788,3.1565656565656566,0.6313131313131314,7.233966203431852,0.5236240647740085,0.38461538461538464,-0.003077002517607697,0.5236240647740084,28,33,33,TRUE,TRUE,TRUE,75,88,TRUE,TRUE,FALSE
2017,Rugby League,Rugby League,Rugby League,Other sports/disciplines from Code Signatories,1571,449,1122,1415,156,0,15,1,2017_anti-doping_testing_figures_en_0.pdf,wada_testing_2017_sport_totals.csv,0,TRUE,Rugby League,1,Rugby League,Other Code Signatories,Other Code Signatories,15,0,0,0,2,13,3,16,0.866666666666667,TRUE,TRUE,TRUE,1457,317,1774,TRUE,9.548058561425844,0.28580521960534694,0.7141947803946531,0.9007001909611713,0.09929980903882878,0,245232,2749,11.20979317544203,0.006406178639003067,0.005456529647144416,1774,1774,1457,317,0.009019165727170236,10.184595798854232,8.274984086569063,1.9096117122851686,7.233966203431852,1.4078854548729545,0.8666666666666667,0.0026129870881671695,1.4078854548729542,29,30,20,TRUE,TRUE,TRUE,43,79,TRUE,TRUE,FALSE
2017,Bobsleigh,Bobsleigh,Bobsleigh,AIOWF Winter Olympic sports | Sports for Athletes with an Impairment,1538,380,1158,1386,152,0,10,2,2017_anti-doping_testing_figures_en_0.pdf,wada_testing_2017_sport_totals.csv,0,TRUE,Bobsleigh,1,Bobsleigh,AIOWF,AIOWF,10,4,1,0,0,5,2,7,0.5,TRUE,TRUE,TRUE,1457,317,1774,TRUE,6.501950585175552,0.247074122236671,0.752925877763329,0.9011703511053316,0.0988296488946684,0,245232,2749,11.20979317544203,0.006271612187642722,0.0036376864314296106,1774,1774,1457,317,0.003945885005636978,4.551365409622886,3.250975292587776,1.3003901170351106,7.233966203431852,0.6291659763994587,0.5,-0.0023257271820057435,0.6291659763994587,30,35,32,TRUE,TRUE,TRUE,71,96,TRUE,TRUE,FALSE
2017,Badminton,Badminton,Badminton,ASOIF Summer Olympic sports | Other sports/disciplines - Non-Code Signatories | Sports for Athletes with an Impairment,1517,850,667,1451,66,0,1,3,2017_anti-doping_testing_figures_en_0.pdf,wada_testing_2017_sport_totals.csv,0,TRUE,Badminton,1,Badminton,ASOIF,ASOIF,1,0,0,0,1,0,0,0,0,TRUE,FALSE,TRUE,1457,317,1774,TRUE,0.6591957811470006,0.5603164139749506,0.4396835860250494,0.956493078444298,0.043506921555702044,0,245232,2749,11.20979317544203,0.006185978991322502,3.637686431429611e-4,1774,1774,1457,317,0,0,0,0,7.233966203431852,0,0,-0.006185978991322502,0,31,95,92,TRUE,TRUE,TRUE,92,118,TRUE,TRUE,FALSE
2017,Field Hockey,Field Hockey,Field Hockey,ASOIF Summer Olympic sports | Other sports/disciplines - Non-Code Signatories | Sports for Athletes with an Impairment,1485,790,695,1426,59,0,8,3,2017_anti-doping_testing_figures_en_0.pdf,wada_testing_2017_sport_totals.csv,0,TRUE,Field Hockey,1,Field Hockey,ASOIF,ASOIF,8,1,1,0,0,6,0,6,0.75,TRUE,FALSE,TRUE,1457,317,1774,TRUE,5.3872053872053876,0.531986531986532,0.468013468013468,0.9602693602693603,0.03973063973063973,0,245232,2749,11.20979317544203,0.006055490311215502,0.0029101491451436886,1774,1774,1457,317,0.0033821871476888386,4.040404040404041,4.040404040404041,0,7.233966203431852,0.5585323357589423,0.75,-0.0026733031635266637,0.5585323357589422,32,41,33,TRUE,TRUE,TRUE,74,100,TRUE,TRUE,FALSE
2017,Baseball / Softball,Baseball / Softball,Baseball / Softball,ARISF recognized sports,1313,946,367,1276,37,0,46,1,2017_anti-doping_testing_figures_en_0.pdf,wada_testing_2017_sport_totals.csv,0,TRUE,NA,NA,NA,NA,NA,0,0,0,0,0,0,0,0,NA,NA,NA,FALSE,1457,317,1774,TRUE,35.034272658035036,0.7204874333587205,0.2795125666412795,0.9718202589489718,0.02817974105102818,0,245232,2749,11.20979317544203,0.005354113655640373,0.01673335758457621,1774,1774,1457,317,0,0,0,0,7.233966203431852,0,0,-0.005354113655640373,0,33,13,92,TRUE,TRUE,TRUE,92,32,TRUE,TRUE,TRUE
2017,Cricket,Cricket,Cricket,ARISF recognized sports,1300,693,607,1246,54,0,6,1,2017_anti-doping_testing_figures_en_0.pdf,wada_testing_2017_sport_totals.csv,0,TRUE,Cricket,1,Cricket,ARISF,ARISF,6,0,2,0,1,3,3,6,0.5,TRUE,TRUE,TRUE,1457,317,1774,TRUE,4.615384615384616,0.5330769230769231,0.46692307692307694,0.9584615384615385,0.04153846153846154,0,245232,2749,11.20979317544203,0.005301102629346904,0.0021826118588577663,1774,1774,1457,317,0.0033821871476888386,4.615384615384616,2.307692307692308,2.307692307692308,7.233966203431852,0.6380157835400226,0.5,-0.0019189154816580652,0.6380157835400225,34,48,33,TRUE,TRUE,TRUE,70,107,TRUE,TRUE,FALSE
2017,Roller Sports,Roller Sports,Roller | Roller Sports,ARISF recognized sports | Other sports/disciplines - Non-Code Signatories,1202,908,294,1139,63,0,10,2,2017_anti-doping_testing_figures_en_0.pdf,wada_testing_2017_sport_totals.csv,0,TRUE,Roller Sports,1,Roller Sports,ARISF,ARISF,10,1,2,3,0,4,0,4,0.4,TRUE,FALSE,TRUE,1457,317,1774,TRUE,8.319467554076539,0.7554076539101497,0.24459234608985025,0.9475873544093179,0.0524126455906822,0,245232,2749,11.20979317544203,0.004901481046519215,0.0036376864314296106,1774,1774,1457,317,0.002254791431792559,3.327787021630616,3.327787021630616,0,7.233966203431852,0.4600224728796613,0.4,-0.0026466896147266557,0.46002247287966125,35,35,43,TRUE,TRUE,TRUE,76,87,TRUE,TRUE,FALSE
2017,Karate,Karate,Karate,ARISF recognized sports | Other sports/disciplines - Non-Code Signatories | Other sports/disciplines from Code Signatories | Sports for Athletes with an Impairment,1130,719,411,1093,37,0,11,4,2017_anti-doping_testing_figures_en_0.pdf,wada_testing_2017_sport_totals.csv,0,TRUE,Karate,1,Karate,ARISF | Other Code Signatories,ARISF | Other Code Signatories,11,1,0,0,4,6,0,6,0.545454545454545,TRUE,FALSE,TRUE,1457,317,1774,TRUE,9.734513274336283,0.636283185840708,0.363716814159292,0.9672566371681416,0.03274336283185841,0,245232,2749,11.20979317544203,0.004607881516278463,0.004001455074572572,1774,1774,1457,317,0.0033821871476888386,5.3097345132743365,5.3097345132743365,0,7.233966203431852,0.734000458939849,0.5454545454545454,-0.0012256943685896244,0.7340004589398489,36,34,33,TRUE,TRUE,TRUE,61,78,TRUE,TRUE,FALSE
2017,American Football,American Football,American Football,ARISF recognized sports | Other sports/disciplines - Non-Code Signatories,1046,460,586,964,82,0,34,2,2017_anti-doping_testing_figures_en_0.pdf,wada_testing_2017_sport_totals.csv,0,TRUE,American Football,1,American Football,ARISF | Other Sports - Non-Code Signatories,ARISF | Other Sports - Non-Code Signatories,34,8,0,0,6,20,0,20,0.588235294117647,TRUE,FALSE,TRUE,1457,317,1774,TRUE,32.504780114722756,0.4397705544933078,0.5602294455066922,0.9216061185468452,0.07839388145315487,0,245232,2749,11.20979317544203,0.004265348730997586,0.012368133866860677,1774,1774,1457,317,0.011273957158962795,19.120458891013385,19.120458891013385,0,7.233966203431852,2.643150154882184,0.5882352941176471,0.00700860842796521,2.643150154882184,37,17,17,TRUE,TRUE,TRUE,26,35,TRUE,TRUE,FALSE
2017,Table Tennis,Table Tennis,Table Tennis,ASOIF Summer Olympic sports | Other sports/disciplines - Non-Code Signatories | Sports for Athletes with an Impairment,1042,603,439,1018,24,0,5,3,2017_anti-doping_testing_figures_en_0.pdf,wada_testing_2017_sport_totals.csv,0,TRUE,Table Tennis,1,Table Tennis,ASOIF | Other Sports - Non-Code Signatories | Sports for Athletes with an Impairment,ASOIF | Other Sports - Non-Code Signatories | Sports for Athletes with an Impairment,5,1,2,1,0,1,0,1,0.2,TRUE,FALSE,TRUE,1457,317,1774,TRUE,4.798464491362764,0.5786948176583493,0.42130518234165065,0.9769673704414588,0.023032629558541268,0,245232,2749,11.20979317544203,0.004249037645984211,0.0018188432157148053,1774,1774,1457,317,5.636978579481398e-4,0.9596928982725528,0.9596928982725528,0,7.233966203431852,0.13266483023065087,0.2,-0.0036853397880360714,0.13266483023065087,38,54,66,TRUE,TRUE,TRUE,89,105,TRUE,TRUE,FALSE
2017,Archery,Archery,Archery,ASOIF Summer Olympic sports | Other sports/disciplines - Non-Code Signatories | Sports for Athletes with an Impairment,951,679,272,950,1,0,8,3,2017_anti-doping_testing_figures_en_0.pdf,wada_testing_2017_sport_totals.csv,0,TRUE,Archery,1,Archery,ASOIF | Sports for Athletes with an Impairment,ASOIF | Sports for Athletes with an Impairment,8,2,0,0,0,6,0,6,0.75,TRUE,FALSE,TRUE,1457,317,1774,TRUE,8.412197686645635,0.7139852786540484,0.28601472134595163,0.9989484752891693,0.0010515247108307045,0,245232,2749,11.20979317544203,0.0038779604619299276,0.0029101491451436886,1774,1774,1457,317,0.0033821871476888386,6.309148264984227,6.309148264984227,0,7.233966203431852,0.8721561709800518,0.75,-4.95773314241089e-4,0.8721561709800518,39,41,33,TRUE,TRUE,FALSE,59,86,TRUE,TRUE,FALSE
2017,Baseball,Baseball,Baseball,Other sports/disciplines - Non-Code Signatories,893,719,174,849,44,0,14,1,2017_anti-doping_testing_figures_en_0.pdf,wada_testing_2017_sport_totals.csv,0,TRUE,Baseball,1,Baseball,ARISF | Other Sports - Non-Code Signatories,ARISF | Other Sports - Non-Code Signatories,60,3,3,1,45,8,2,10,0.133333333333333,TRUE,TRUE,TRUE,1457,317,1774,TRUE,15.677491601343785,0.8051511758118701,0.1948488241881299,0.9507278835386338,0.04927211646136618,0,245232,2749,11.20979317544203,0.0036414497292359886,0.005092761004001455,1774,1774,1457,317,0.005636978579481398,11.198208286674133,8.958566629339305,2.2396416573348263,7.233966203431852,1.5480039540911334,0.5714285714285714,0.001995528850245409,1.5480039540911334,40,32,29,TRUE,TRUE,FALSE,39,55,TRUE,TRUE,FALSE
2017,Kickboxing,Kickboxing,Kickboxing,AIMS sports | Other sports/disciplines - Non-Code Signatories,758,547,211,691,67,0,46,2,2017_anti-doping_testing_figures_en_0.pdf,wada_testing_2017_sport_totals.csv,0,TRUE,Kickboxing,1,Kickboxing,AIMS | Other Sports - Non-Code Signatories,AIMS | Other Sports - Non-Code Signatories,46,2,5,0,13,26,5,31,0.565217391304348,TRUE,TRUE,TRUE,1457,317,1774,TRUE,60.68601583113457,0.7216358839050132,0.2783641160949868,0.9116094986807388,0.08839050131926121,0,245232,2749,11.20979317544203,0.0030909506100345796,0.01673335758457621,1774,1774,1457,317,0.017474633596392335,40.89709762532981,34.30079155672823,6.596306068601583,7.233966203431852,5.653481986953146,0.5652173913043478,0.014383682986357754,5.653481986953146,41,13,11,TRUE,TRUE,FALSE,16,17,TRUE,TRUE,FALSE
2017,Para-Swimming,Para-Swimming,Para-Swimming | Para-Swimming (IWAS),Paralympic sports/disciplines | Sports for Athletes with an Impairment,740,338,402,693,47,0,9,2,2017_anti-doping_testing_figures_en_0.pdf,wada_testing_2017_sport_totals.csv,0,TRUE,Para-Swimming,1,Para-Swimming,IPC,IPC,9,8,0,0,0,1,0,1,0.111111111111111,TRUE,FALSE,TRUE,1457,317,1774,TRUE,12.162162162162163,0.45675675675675675,0.5432432432432432,0.9364864864864865,0.06351351351351352,0,245232,2749,11.20979317544203,0.0030175507274743914,0.00327391778828665,1774,1774,1457,317,5.636978579481398e-4,1.3513513513513513,1.3513513513513513,0,7.233966203431852,0.18680642310856516,0.1111111111111111,-0.0024538528695262516,0.18680642310856516,42,37,66,TRUE,TRUE,FALSE,88,72,TRUE,TRUE,FALSE
2017,Para-Powerlifting,Para-Powerlifting,Para-Powerlifting,Paralympic sports/disciplines,707,390,317,635,72,0,21,1,2017_anti-doping_testing_figures_en_0.pdf,wada_testing_2017_sport_totals.csv,0,TRUE,Para-Powerlifting,1,Para-Powerlifting,IPC,IPC,21,0,2,0,5,14,0,14,0.666666666666667,TRUE,FALSE,TRUE,1457,317,1774,TRUE,29.7029702970297,0.5516265912305516,0.44837340876944837,0.8981612446958982,0.10183875530410184,0,245232,2749,11.20979317544203,0.0028829842761140473,0.007639141506002182,1774,1774,1457,317,0.007891770011273957,19.801980198019802,19.801980198019802,0,7.233966203431852,2.7373614475314496,0.6666666666666666,0.0050087857351599095,2.7373614475314496,43,25,23,TRUE,TRUE,FALSE,24,41,TRUE,TRUE,FALSE
2017,Modern Pentathlon,Modern Pentathlon,Modern Pentathlon,ASOIF Summer Olympic sports,588,328,260,561,27,0,2,1,2017_anti-doping_testing_figures_en_0.pdf,wada_testing_2017_sport_totals.csv,0,TRUE,Modern Pentathlon,1,Modern Pentathlon,ASOIF,ASOIF,2,0,0,0,0,2,1,3,1,TRUE,TRUE,TRUE,1457,317,1774,TRUE,3.401360544217687,0.5578231292517006,0.4421768707482993,0.9540816326530612,0.04591836734693878,0,245232,2749,11.20979317544203,0.0023977294969661383,7.275372862859222e-4,1774,1774,1457,317,0.0016910935738444193,5.1020408163265305,3.401360544217687,1.7006802721088434,7.233966203431852,0.7052895566343786,1,-7.06635923121719e-4,0.7052895566343786,44,79,47,TRUE,TRUE,FALSE,66,111,TRUE,TRUE,FALSE
2017,Curling,Curling,Curling,AIOWF Winter Olympic sports | Other sports/disciplines - Non-Code Signatories | Sports for Athletes with an Impairment,577,233,344,577,0,0,7,3,2017_anti-doping_testing_figures_en_0.pdf,wada_testing_2017_sport_totals.csv,0,TRUE,Curling,1,Curling,AIOWF | Sports for Athletes with an Impairment,AIOWF | Sports for Athletes with an Impairment,7,6,0,1,0,0,0,0,0,TRUE,FALSE,TRUE,1457,317,1774,TRUE,12.131715771230503,0.4038128249566724,0.5961871750433275,1,0,0,245232,2749,11.20979317544203,0.0023528740131793565,0.0025463805020007274,1774,1774,1457,317,0,0,0,0,7.233966203431852,0,0,-0.0023528740131793565,0,45,46,92,TRUE,TRUE,FALSE,92,73,TRUE,TRUE,FALSE
2017,Sailing,Sailing,Sailing,ASOIF Summer Olympic sports | Sports for Athletes with an Impairment,571,345,226,557,14,0,3,2,2017_anti-doping_testing_figures_en_0.pdf,wada_testing_2017_sport_totals.csv,0,TRUE,Sailing,1,Sailing,ASOIF,ASOIF,3,0,0,1,0,2,2,4,0.666666666666667,TRUE,TRUE,TRUE,1457,317,1774,TRUE,5.253940455341506,0.6042031523642732,0.3957968476357268,0.9754816112084063,0.024518388791593695,0,245232,2749,11.20979317544203,0.0023284073856592942,0.0010913059294288831,1774,1774,1457,317,0.002254791431792559,7.005253940455342,3.502626970227671,3.502626970227671,7.233966203431852,0.9683835593718965,0.6666666666666666,-7.361595386673513e-5,0.9683835593718964,46,68,43,TRUE,TRUE,FALSE,54,102,TRUE,TRUE,FALSE
2017,Golf,Golf,Golf,ASOIF Summer Olympic sports | Other sports/disciplines - Non-Code Signatories,532,436,96,527,5,0,5,2,2017_anti-doping_testing_figures_en_0.pdf,wada_testing_2017_sport_totals.csv,0,TRUE,Golf,1,Golf,ASOIF | Other Sports - Non-Code Signatories,ASOIF | Other Sports - Non-Code Signatories,5,0,1,1,2,1,0,1,0.2,TRUE,FALSE,TRUE,1457,317,1774,TRUE,9.398496240601503,0.8195488721804511,0.18045112781954886,0.9906015037593985,0.009398496240601503,0,245232,2749,11.20979317544203,0.002169374306778887,0.0018188432157148053,1774,1774,1457,317,5.636978579481398e-4,1.8796992481203008,1.8796992481203008,0,7.233966203431852,0.2598435208652974,0.2,-0.0016056764488307472,0.2598435208652974,47,54,66,TRUE,TRUE,FALSE,85,81,TRUE,TRUE,FALSE
2017,Underwater Sports,Underwater Sports,Underwater Sports,ARISF recognized sports | Other sports/disciplines - Non-Code Signatories,518,403,115,502,16,0,8,2,2017_anti-doping_testing_figures_en_0.pdf,wada_testing_2017_sport_totals.csv,0,TRUE,Underwater Sports,1,Underwater Sports,ARISF,ARISF,8,0,0,0,2,6,0,6,0.75,TRUE,FALSE,TRUE,1457,317,1774,TRUE,15.444015444015445,0.777992277992278,0.222007722007722,0.9691119691119691,0.03088803088803089,0,245232,2749,11.20979317544203,0.0021122855092320742,0.0029101491451436886,1774,1774,1457,317,0.0033821871476888386,11.583011583011583,11.583011583011583,0,7.233966203431852,1.60119791235913,0.75,0.0012699016384567644,1.6011979123591298,48,41,33,TRUE,TRUE,FALSE,34,60,TRUE,TRUE,FALSE
2017,Luge,Luge,Luge,AIOWF Winter Olympic sports | Sports for Athletes with an Impairment,489,122,367,469,20,0,2,2,2017_anti-doping_testing_figures_en_0.pdf,wada_testing_2017_sport_totals.csv,0,TRUE,Luge,1,Luge,AIOWF,AIOWF,2,0,0,1,0,1,0,1,0.5,TRUE,FALSE,TRUE,1457,317,1774,TRUE,4.08997955010225,0.24948875255623723,0.7505112474437627,0.9591002044989775,0.0408997955010225,0,245232,2749,11.20979317544203,0.0019940301428851047,7.275372862859222e-4,1774,1774,1457,317,5.636978579481398e-4,2.044989775051125,2.044989775051125,0,7.233966203431852,0.28269274662645855,0.5,-0.001430332284936965,0.2826927466264585,49,79,66,TRUE,FALSE,FALSE,84,110,TRUE,TRUE,FALSE
2017,Para-Cross Country Skiing,Para-Cross Country Skiing,Para-Cross Country Skiing,Paralympic sports/disciplines,474,61,413,358,116,0,1,1,2017_anti-doping_testing_figures_en_0.pdf,wada_testing_2017_sport_totals.csv,0,TRUE,Para-Cross Country Skiing,1,Para-Cross Country Skiing,IPC,IPC,1,0,1,0,0,0,0,0,0,TRUE,FALSE,TRUE,1457,317,1774,TRUE,2.109704641350211,0.12869198312236288,0.8713080168776371,0.7552742616033755,0.24472573839662448,0,245232,2749,11.20979317544203,0.0019328635740849481,3.637686431429611e-4,1774,1774,1457,317,0,0,0,0,7.233966203431852,0,0,-0.0019328635740849481,0,50,95,92,TRUE,FALSE,FALSE,92,114,TRUE,TRUE,FALSE
2017,Equestrian,Equestrian,Equestrian,ASOIF Summer Olympic sports | Sports for Athletes with an Impairment,464,327,137,455,9,0,6,2,2017_anti-doping_testing_figures_en_0.pdf,wada_testing_2017_sport_totals.csv,0,TRUE,Equestrian,1,Equestrian,ASOIF,ASOIF,6,0,0,0,5,1,2,3,0.166666666666667,TRUE,TRUE,TRUE,1457,317,1774,TRUE,12.931034482758621,0.7047413793103449,0.2952586206896552,0.9806034482758621,0.01939655172413793,0,245232,2749,11.20979317544203,0.0018920858615515104,0.0021826118588577663,1774,1774,1457,317,0.0016910935738444193,6.4655172413793105,2.155172413793103,4.310344827586206,7.233966203431852,0.8937721105625316,0.16666666666666666,-2.009922877070911e-4,0.8937721105625316,51,48,47,TRUE,FALSE,FALSE,58,67,TRUE,TRUE,FALSE
2017,Muaythai,Muaythai,Muaythai,ARISF recognized sports,453,344,109,429,24,0,22,1,2017_anti-doping_testing_figures_en_0.pdf,wada_testing_2017_sport_totals.csv,0,TRUE,Muaythai,1,Muaythai,ARISF,ARISF,22,0,0,0,9,13,0,13,0.590909090909091,TRUE,FALSE,TRUE,1457,317,1774,TRUE,48.56512141280353,0.7593818984547461,0.24061810154525387,0.9470198675496688,0.052980132450331126,0,245232,2749,11.20979317544203,0.0018472303777647288,0.008002910149145144,1774,1774,1457,317,0.007328072153325817,28.69757174392936,28.69757174392936,0,7.233966203431852,3.9670591397448054,0.5909090909090909,0.005480841775561088,3.9670591397448054,52,24,24,TRUE,FALSE,FALSE,19,21,TRUE,TRUE,FALSE
2017,Wushu,Wushu,Wushu,ARISF recognized sports | Other sports/disciplines - Non-Code Signatories,449,284,165,442,7,0,6,2,2017_anti-doping_testing_figures_en_0.pdf,wada_testing_2017_sport_totals.csv,0,TRUE,Wushu,1,Wushu,ARISF,ARISF,6,0,0,0,3,3,0,3,0.5,TRUE,FALSE,TRUE,1457,317,1774,TRUE,13.3630289532294,0.6325167037861915,0.3674832962138085,0.9844097995545658,0.015590200445434299,0,245232,2749,11.20979317544203,0.0018309192927513538,0.0021826118588577663,1774,1774,1457,317,0.0016910935738444193,6.6815144766147,6.6815144766147,0,7.233966203431852,0.9236308670401218,0.5,-1.3982571890693452e-4,0.9236308670401217,53,48,47,TRUE,FALSE,FALSE,55,65,TRUE,TRUE,FALSE
2017,Motorcycling,Motorcycling,Motorcycling,ARISF recognized sports,433,407,26,423,10,0,9,1,2017_anti-doping_testing_figures_en_0.pdf,wada_testing_2017_sport_totals.csv,0,TRUE,Motorcycle Racing,1,Motorcycle Racing,ARISF,ARISF,9,0,0,1,3,5,0,5,0.555555555555556,TRUE,FALSE,TRUE,1457,317,1774,TRUE,20.785219399538104,0.9399538106235565,0.06004618937644342,0.976905311778291,0.023094688221709007,0,245232,2749,11.20979317544203,0.0017656749526978534,0.00327391778828665,1774,1774,1457,317,0.002818489289740699,11.547344110854503,11.547344110854503,0,7.233966203431852,1.5962673568168384,0.5555555555555556,0.0010528143370428455,1.5962673568168386,54,37,41,TRUE,FALSE,FALSE,35,48,TRUE,TRUE,FALSE
2017,Floorball,Floorball,Floorball,ARISF recognized sports,423,245,178,412,11,0,4,1,2017_anti-doping_testing_figures_en_0.pdf,wada_testing_2017_sport_totals.csv,0,TRUE,Floorball,1,Floorball,ARISF,ARISF,4,1,0,0,3,0,0,0,0,TRUE,FALSE,TRUE,1457,317,1774,TRUE,9.456264775413711,0.5791962174940898,0.42080378250591016,0.9739952718676123,0.026004728132387706,0,245232,2749,11.20979317544203,0.0017248972401644157,0.0014550745725718443,1774,1774,1457,317,0,0,0,0,7.233966203431852,0,0,-0.0017248972401644157,0,55,58,92,TRUE,FALSE,FALSE,92,80,TRUE,TRUE,FALSE
2017,Australian Rules Football,Australian Rules Football,Australian Rules Football,Other sports/disciplines - Non-Code Signatories,401,134,267,399,2,0,1,1,2017_anti-doping_testing_figures_en_0.pdf,wada_testing_2017_sport_totals.csv,0,TRUE,Australian Rules Football,1,Australian Rules Football,Other Sports - Non-Code Signatories,Other Sports - Non-Code Signatories,1,0,1,0,0,0,0,0,0,TRUE,FALSE,TRUE,1457,317,1774,TRUE,2.493765586034913,0.3341645885286783,0.6658354114713217,0.9950124688279302,0.004987531172069825,0,245232,2749,11.20979317544203,0.0016351862725908527,3.637686431429611e-4,1774,1774,1457,317,0,0,0,0,7.233966203431852,0,0,-0.0016351862725908527,0,56,95,92,TRUE,FALSE,FALSE,92,113,TRUE,TRUE,FALSE
2017,Orienteering,Orienteering,Orienteering,ARISF recognized sports | Other sports/disciplines - Non-Code Signatories | Sports for Athletes with an Impairment,390,243,147,376,14,0,4,3,2017_anti-doping_testing_figures_en_0.pdf,wada_testing_2017_sport_totals.csv,0,TRUE,Orienteering,1,Orienteering,ARISF,ARISF,4,1,0,0,2,1,0,1,0.25,TRUE,FALSE,TRUE,1457,317,1774,TRUE,10.256410256410257,0.6230769230769231,0.3769230769230769,0.9641025641025641,0.035897435897435895,0,245232,2749,11.20979317544203,0.0015903307888040711,0.0014550745725718443,1774,1774,1457,317,5.636978579481398e-4,2.5641025641025643,2.5641025641025643,0,7.233966203431852,0.3544532130777903,0.25,-0.0010266329308559314,0.3544532130777903,57,58,66,TRUE,FALSE,FALSE,80,75,TRUE,TRUE,FALSE
2017,Automobile Sports,Automobile Sports,Automobile Sports,ARISF recognized sports,358,338,20,357,1,0,6,1,2017_anti-doping_testing_figures_en_0.pdf,wada_testing_2017_sport_totals.csv,0,TRUE,Automobile Sports,1,Automobile Sports,ARISF,ARISF,6,0,0,0,2,4,4,8,0.666666666666667,TRUE,TRUE,TRUE,1457,317,1774,TRUE,16.75977653631285,0.9441340782122905,0.055865921787709494,0.9972067039106145,0.002793296089385475,0,245232,2749,11.20979317544203,0.0014598421086970705,0.0021826118588577663,1774,1774,1457,317,0.004509582863585118,22.3463687150838,11.1731843575419,11.1731843575419,7.233966203431852,3.089089454756161,0.6666666666666666,0.0030497407548880475,3.089089454756161,58,48,31,TRUE,FALSE,FALSE,21,51,TRUE,TRUE,FALSE
2017,DanceSport,DanceSport,DanceSport,ARISF recognized sports,334,214,120,328,6,0,3,1,2017_anti-doping_testing_figures_en_0.pdf,wada_testing_2017_sport_totals.csv,0,TRUE,DanceSport,1,DanceSport,ARISF,ARISF,3,0,0,0,0,3,0,3,1,TRUE,FALSE,TRUE,1457,317,1774,TRUE,8.982035928143713,0.6407185628742516,0.3592814371257485,0.9820359281437125,0.017964071856287425,0,245232,2749,11.20979317544203,0.00136197559861682,0.0010913059294288831,1774,1774,1457,317,0.0016910935738444193,8.982035928143713,8.982035928143713,0,7.233966203431852,1.2416474829371695,1,3.291179752275993e-4,1.2416474829371695,59,68,47,TRUE,FALSE,FALSE,46,83,TRUE,TRUE,FALSE
2017,Life Saving,Life Saving,Life Saving,ARISF recognized sports,327,257,70,319,8,0,4,1,2017_anti-doping_testing_figures_en_0.pdf,wada_testing_2017_sport_totals.csv,0,TRUE,Life Saving,1,Lifesaving,ARISF,ARISF,4,0,0,0,2,2,0,2,0.5,TRUE,FALSE,TRUE,1457,317,1774,TRUE,12.232415902140673,0.7859327217125383,0.21406727828746178,0.9755351681957186,0.024464831804281346,0,245232,2749,11.20979317544203,0.0013334311998434137,0.0014550745725718443,1774,1774,1457,317,0.0011273957158962795,6.116207951070336,6.116207951070336,0,7.233966203431852,0.8454847284424356,0.5,-2.0603548394713413e-4,0.8454847284424355,60,58,56,TRUE,FALSE,FALSE,60,71,TRUE,TRUE,FALSE
2017,Sambo,Sambo,Sambo,AIMS sports | Other sports/disciplines - Non-Code Signatories,309,243,66,295,14,0,4,2,2017_anti-doping_testing_figures_en_0.pdf,wada_testing_2017_sport_totals.csv,0,TRUE,Sambo,1,Sambo,AIMS,AIMS,4,0,0,0,2,2,0,2,0.5,TRUE,FALSE,TRUE,1457,317,1774,TRUE,12.944983818770227,0.7864077669902912,0.21359223300970873,0.9546925566343042,0.045307443365695796,0,245232,2749,11.20979317544203,0.0012600313172832257,0.0014550745725718443,1774,1774,1457,317,0.0011273957158962795,6.472491909385114,6.472491909385114,0,7.233966203431852,0.8947362660216066,0.5,-1.326356013869462e-4,0.8947362660216065,61,58,56,TRUE,FALSE,FALSE,57,66,TRUE,TRUE,FALSE
2017,Squash,Squash,Squash,ARISF recognized sports | Other sports/disciplines - Non-Code Signatories,308,218,90,297,11,0,3,2,2017_anti-doping_testing_figures_en_0.pdf,wada_testing_2017_sport_totals.csv,0,TRUE,Squash,1,Squash,ARISF,ARISF,3,2,0,0,0,1,1,2,0.333333333333333,TRUE,TRUE,TRUE,1457,317,1774,TRUE,9.74025974025974,0.7077922077922078,0.2922077922077922,0.9642857142857143,0.03571428571428571,0,245232,2749,11.20979317544203,0.0012559535460298819,0.0010913059294288831,1774,1774,1457,317,0.0011273957158962795,6.493506493506494,3.246753246753247,3.246753246753247,7.233966203431852,0.8976412538983002,0.3333333333333333,-1.2855783013360233e-4,0.8976412538983001,62,68,56,TRUE,FALSE,FALSE,56,77,TRUE,TRUE,FALSE
2017,Sport Climbing,Sport Climbing,Sport Climbing,ARISF recognized sports | Other sports/disciplines - Non-Code Signatories | Sports for Athletes with an Impairment,298,270,28,293,5,0,1,3,2017_anti-doping_testing_figures_en_0.pdf,wada_testing_2017_sport_totals.csv,0,TRUE,Sport Climbing,1,Sport Climbing,ARISF,ARISF,1,0,0,1,0,0,0,0,0,TRUE,FALSE,TRUE,1457,317,1774,TRUE,3.3557046979865772,0.9060402684563759,0.09395973154362416,0.9832214765100671,0.016778523489932886,0,245232,2749,11.20979317544203,0.0012151758334964442,3.637686431429611e-4,1774,1774,1457,317,0,0,0,0,7.233966203431852,0,0,-0.0012151758334964442,0,63,95,92,TRUE,FALSE,FALSE,92,112,TRUE,TRUE,FALSE
2017,Horse Racing,Horse Racing,Horse Racing,Other sports/disciplines - Non-Code Signatories,285,285,0,285,0,0,9,1,2017_anti-doping_testing_figures_en_0.pdf,wada_testing_2017_sport_totals.csv,0,TRUE,Horse Racing,1,Horse Racing,Other Sports - Non-Code Signatories,Other Sports - Non-Code Signatories,9,0,0,0,9,0,0,0,0,TRUE,FALSE,TRUE,1457,317,1774,TRUE,31.578947368421055,1,0,1,0,0,245232,2749,11.20979317544203,0.001162164807202975,0.00327391778828665,1774,1774,1457,317,0,0,0,0,7.233966203431852,0,0,-0.001162164807202975,0,64,37,92,TRUE,FALSE,FALSE,92,37,TRUE,TRUE,FALSE
2017,Water Skiing,Water Skiing,Water Skiing,ARISF recognized sports | Other sports/disciplines - Non-Code Signatories | Sports for Athletes with an Impairment,280,202,78,274,6,0,4,3,2017_anti-doping_testing_figures_en_0.pdf,wada_testing_2017_sport_totals.csv,0,TRUE,Water Skiing,1,Waterskiing,ARISF,ARISF,4,0,0,0,0,4,0,4,1,TRUE,FALSE,TRUE,1457,317,1774,TRUE,14.285714285714285,0.7214285714285714,0.2785714285714286,0.9785714285714285,0.02142857142857143,0,245232,2749,11.20979317544203,0.0011417759509362562,0.0014550745725718443,1774,1774,1457,317,0.002254791431792559,14.285714285714285,14.285714285714285,0,7.233966203431852,1.9748107585762602,1,0.0011130154808563029,1.9748107585762602,65,58,43,TRUE,FALSE,FALSE,33,63,TRUE,TRUE,FALSE
2017,Jiu-Jitsu,Jiu-Jitsu,Jiu-Jitsu | Ju-Jitsu,AIMS sports | Other sports/disciplines - Non-Code Signatories | Other sports/disciplines - Non-Code Signatories,261,137,124,250,11,0,9,3,2017_anti-doping_testing_figures_en_0.pdf,wada_testing_2017_sport_totals.csv,0,TRUE,Jiu-Jitsu,1,Jiu-Jitsu | Ju-Jitsu,AIMS | Other Sports - Non-Code Signatories,AIMS | Other Sports - Non-Code Signatories,9,0,0,0,7,2,0,2,0.222222222222222,TRUE,FALSE,TRUE,1457,317,1774,TRUE,34.48275862068965,0.524904214559387,0.47509578544061304,0.9578544061302682,0.0421455938697318,0,245232,2749,11.20979317544203,0.0010642982971227246,0.00327391778828665,1774,1774,1457,317,0.0011273957158962795,7.662835249042145,7.662835249042145,0,7.233966203431852,1.0592854643704077,0.2222222222222222,6.309741877355492e-5,1.0592854643704077,66,37,56,TRUE,FALSE,FALSE,49,33,TRUE,TRUE,FALSE
2017,Para-Alpine Skiing,Para-Alpine Skiing,Para-Alpine Skiing,Paralympic sports/disciplines,246,78,168,242,4,0,4,1,2017_anti-doping_testing_figures_en_0.pdf,wada_testing_2017_sport_totals.csv,0,TRUE,Para-Alpine Skiing,1,Para-Alpine Skiing,IPC,IPC,4,3,0,1,0,0,0,0,0,TRUE,FALSE,TRUE,1457,317,1774,TRUE,16.260162601626018,0.3170731707317073,0.6829268292682927,0.983739837398374,0.016260162601626018,0,245232,2749,11.20979317544203,0.001003131728322568,0.0014550745725718443,1774,1774,1457,317,0,0,0,0,7.233966203431852,0,0,-0.001003131728322568,0,67,58,92,TRUE,FALSE,FALSE,92,53,TRUE,TRUE,FALSE
2017,Arm Wrestling,Arm Wrestling,Arm Wrestling,Other sports/disciplines from Code Signatories | Sports for Athletes with an Impairment,209,171,38,208,1,0,19,2,2017_anti-doping_testing_figures_en_0.pdf,wada_testing_2017_sport_totals.csv,0,TRUE,Arm Wrestling,1,Arm Wrestling,Other Code Signatories,Other Code Signatories,19,0,0,0,3,16,0,16,0.842105263157895,TRUE,FALSE,TRUE,1457,317,1774,TRUE,90.9090909090909,0.8181818181818182,0.18181818181818182,0.9952153110047847,0.004784688995215311,0,245232,2749,11.20979317544203,8.522541919488484e-4,0.006911604219716261,1774,1774,1457,317,0.009019165727170236,76.55502392344498,76.55502392344498,0,7.233966203431852,10.58271794069575,0.8421052631578947,0.008166911535221389,10.58271794069575,68,27,20,TRUE,FALSE,FALSE,11,11,TRUE,TRUE,FALSE
2017,Billiards,Billiards,Billiards | Billiards Sports,ARISF recognized sports | Other sports/disciplines - Non-Code Signatories,202,154,48,202,0,0,8,2,2017_anti-doping_testing_figures_en_0.pdf,wada_testing_2017_sport_totals.csv,0,TRUE,Billiards | Billiards Sports,2,Billiards | Billiards Sports,ARISF,ARISF,8,1,0,0,4,3,1,4,0.375,TRUE,TRUE,TRUE,1457,317,1774,TRUE,39.603960396039604,0.7623762376237624,0.2376237623762376,1,0,0,245232,2749,11.20979317544203,8.23709793175442e-4,0.0029101491451436886,1774,1774,1457,317,0.002254791431792559,19.801980198019802,14.85148514851485,4.9504950495049505,7.233966203431852,2.7373614475314496,0.375,0.001431081638617117,2.7373614475314496,69,41,43,TRUE,FALSE,FALSE,24,27,TRUE,TRUE,FALSE
2017,Netball,Netball,Netball,ARISF recognized sports,197,79,118,190,7,0,0,1,2017_anti-doping_testing_figures_en_0.pdf,wada_testing_2017_sport_totals.csv,0,TRUE,NA,NA,NA,NA,NA,0,0,0,0,0,0,0,0,NA,NA,NA,FALSE,1457,317,1774,TRUE,0,0.4010152284263959,0.5989847715736041,0.9644670050761421,0.03553299492385787,0,245232,2749,11.20979317544203,8.033209369087232e-4,0,1774,1774,1457,317,0,0,0,0,7.233966203431852,0,NA,-8.033209369087232e-4,0,70,119,92,TRUE,FALSE,FALSE,92,119,TRUE,TRUE,TRUE
2017,Sitting Volleyball,Sitting Volleyball,Sitting Volleyball,Sports for Athletes with an Impairment,194,77,117,192,2,0,3,1,2017_anti-doping_testing_figures_en_0.pdf,wada_testing_2017_sport_totals.csv,0,TRUE,Sitting Volleyball,1,Sitting Volleyball,Sports for Athletes with an Impairment,Sports for Athletes with an Impairment,3,2,0,0,0,1,0,1,0.333333333333333,TRUE,FALSE,TRUE,1457,317,1774,TRUE,15.463917525773196,0.39690721649484534,0.6030927835051546,0.9896907216494846,0.010309278350515464,0,245232,2749,11.20979317544203,7.910876231486918e-4,0.0010913059294288831,1774,1774,1457,317,5.636978579481398e-4,5.154639175257732,5.154639175257732,0,7.233966203431852,0.7125605829914342,0.3333333333333333,-2.2738976520055205e-4,0.7125605829914341,71,68,66,TRUE,FALSE,FALSE,64,59,TRUE,TRUE,FALSE
2017,Bowling,Bowling,Bowling,ARISF recognized sports | Sports for Athletes with an Impairment,189,114,75,189,0,0,3,2,2017_anti-doping_testing_figures_en_0.pdf,wada_testing_2017_sport_totals.csv,0,TRUE,Bowling,1,Bowling,ARISF,ARISF,3,1,1,0,0,1,0,1,0.333333333333333,TRUE,FALSE,TRUE,1457,317,1774,TRUE,15.873015873015872,0.6031746031746031,0.3968253968253968,1,0,0,245232,2749,11.20979317544203,7.70698766881973e-4,0.0010913059294288831,1774,1774,1457,317,5.636978579481398e-4,5.291005291005291,5.291005291005291,0,7.233966203431852,0.7314113920652816,0.3333333333333333,-2.070009089338332e-4,0.7314113920652816,72,68,66,TRUE,FALSE,FALSE,62,54,TRUE,TRUE,FALSE
2017,Mountaineering and Climbing,Mountaineering and Climbing,Mountaineering and Climbing,ARISF recognized sports,183,150,33,182,1,0,1,1,2017_anti-doping_testing_figures_en_0.pdf,wada_testing_2017_sport_totals.csv,0,TRUE,Mountaineering and Climbing,1,Mountaineering and Climbing,ARISF,ARISF,1,0,0,0,0,1,1,2,1,TRUE,TRUE,TRUE,1457,317,1774,TRUE,5.46448087431694,0.819672131147541,0.18032786885245902,0.994535519125683,0.00546448087431694,0,245232,2749,11.20979317544203,7.462321393619104e-4,3.637686431429611e-4,1774,1774,1457,317,0.0011273957158962795,10.92896174863388,5.46448087431694,5.46448087431694,7.233966203431852,1.5107841868889422,1,3.811635765343692e-4,1.5107841868889422,73,95,56,TRUE,FALSE,FALSE,40,99,TRUE,TRUE,FALSE
2017,Surfing,Surfing,Surfing,ARISF recognized sports,183,171,12,183,0,0,2,1,2017_anti-doping_testing_figures_en_0.pdf,wada_testing_2017_sport_totals.csv,0,TRUE,Surfing,1,Surfing,ARISF,ARISF,2,0,0,0,0,2,0,2,1,TRUE,FALSE,TRUE,1457,317,1774,TRUE,10.92896174863388,0.9344262295081968,0.06557377049180328,1,0,0,245232,2749,11.20979317544203,7.462321393619104e-4,7.275372862859222e-4,1774,1774,1457,317,0.0011273957158962795,10.92896174863388,10.92896174863388,0,7.233966203431852,1.5107841868889422,1,3.811635765343692e-4,1.5107841868889422,73,79,56,TRUE,FALSE,FALSE,40,74,TRUE,TRUE,FALSE
2017,Para-Ice Hockey,Para-Ice Hockey,Para-Ice Hockey,Paralympic sports/disciplines,166,71,95,156,10,0,3,1,2017_anti-doping_testing_figures_en_0.pdf,wada_testing_2017_sport_totals.csv,0,TRUE,Para-Ice Hockey,1,Para-Ice Hockey,IPC,IPC,3,2,0,0,1,0,0,0,0,TRUE,FALSE,TRUE,1457,317,1774,TRUE,18.072289156626507,0.42771084337349397,0.572289156626506,0.9397590361445783,0.060240963855421686,0,245232,2749,11.20979317544203,6.769100280550663e-4,0.0010913059294288831,1774,1774,1457,317,0,0,0,0,7.233966203431852,0,0,-6.769100280550663e-4,0,75,68,92,TRUE,FALSE,FALSE,92,50,TRUE,TRUE,FALSE
2017,Boules Sports,Boules Sports,Boules Sports,ARISF recognized sports,162,95,67,162,0,0,5,1,2017_anti-doping_testing_figures_en_0.pdf,wada_testing_2017_sport_totals.csv,0,TRUE,Boules Sports,1,Boules Sports,ARISF,ARISF,5,0,0,0,5,0,0,0,0,TRUE,FALSE,TRUE,1457,317,1774,TRUE,30.864197530864196,0.5864197530864198,0.41358024691358025,1,0,0,245232,2749,11.20979317544203,6.605989430416912e-4,0.0018188432157148053,1774,1774,1457,317,0,0,0,0,7.233966203431852,0,0,-6.605989430416912e-4,0,76,54,92,TRUE,FALSE,FALSE,92,39,TRUE,TRUE,FALSE
2017,Ski Mountaineering,Ski Mountaineering,Ski Mountaineering,ARISF recognized sports | Other sports/disciplines - Non-Code Signatories,161,78,83,148,13,0,2,2,2017_anti-doping_testing_figures_en_0.pdf,wada_testing_2017_sport_totals.csv,0,TRUE,Ski Mountaineering,1,Ski Mountaineering,ARISF,ARISF,2,2,0,0,0,0,0,0,0,TRUE,FALSE,TRUE,1457,317,1774,TRUE,12.422360248447204,0.484472049689441,0.515527950310559,0.9192546583850931,0.08074534161490683,0,245232,2749,11.20979317544203,6.565211717883474e-4,7.275372862859222e-4,1774,1774,1457,317,0,0,0,0,7.233966203431852,0,0,-6.565211717883474e-4,0,77,79,92,TRUE,FALSE,FALSE,92,69,TRUE,TRUE,FALSE
2017,Kabaddi,Kabaddi,Kabaddi,Other sports/disciplines - Non-Code Signatories,156,95,61,156,0,0,1,1,2017_anti-doping_testing_figures_en_0.pdf,wada_testing_2017_sport_totals.csv,0,TRUE,Kabaddi,1,Kabaddi,Other Sports - Non-Code Signatories,Other Sports - Non-Code Signatories,1,0,0,0,1,0,0,0,0,TRUE,FALSE,TRUE,1457,317,1774,TRUE,6.41025641025641,0.6089743589743589,0.391025641025641,1,0,0,245232,2749,11.20979317544203,6.361323155216285e-4,3.637686431429611e-4,1774,1774,1457,317,0,0,0,0,7.233966203431852,0,0,-6.361323155216285e-4,0,78,95,92,TRUE,FALSE,FALSE,92,97,TRUE,TRUE,FALSE
2017,Sepaktakraw,Sepaktakraw,Sepaktakraw,AIMS sports,147,85,62,147,0,0,0,1,2017_anti-doping_testing_figures_en_0.pdf,wada_testing_2017_sport_totals.csv,0,TRUE,Sepaktakraw,1,Sepaktakraw,NA,NA,0,0,0,0,0,0,6,6,NA,FALSE,TRUE,TRUE,1457,317,1774,TRUE,0,0.5782312925170068,0.4217687074829932,1,0,0,245232,2749,11.20979317544203,5.994323742415346e-4,0,1774,1774,1457,317,0.0033821871476888386,40.816326530612244,0,40.816326530612244,7.233966203431852,5.642316453075029,NA,0.002782754773447304,5.642316453075029,79,119,33,TRUE,FALSE,FALSE,17,119,TRUE,TRUE,FALSE
2017,Gaelic Games,Gaelic Games,Gaelic Games,Other sports/disciplines - Non-Code Signatories,142,45,97,123,19,0,0,1,2017_anti-doping_testing_figures_en_0.pdf,wada_testing_2017_sport_totals.csv,0,TRUE,NA,NA,NA,NA,NA,0,0,0,0,0,0,0,0,NA,NA,NA,FALSE,1457,317,1774,TRUE,0,0.31690140845070425,0.6830985915492958,0.8661971830985915,0.13380281690140844,0,245232,2749,11.20979317544203,5.790435179748157e-4,0,1774,1774,1457,317,0,0,0,0,7.233966203431852,0,NA,-5.790435179748157e-4,0,80,119,92,TRUE,FALSE,FALSE,92,119,TRUE,TRUE,TRUE
2017,Powerboating,Powerboating,Powerboating,ARISF recognized sports | Other sports/disciplines - Non-Code Signatories,139,138,1,137,2,0,3,2,2017_anti-doping_testing_figures_en_0.pdf,wada_testing_2017_sport_totals.csv,0,TRUE,Powerboating,1,Powerboating,ARISF,ARISF,3,0,0,0,1,2,0,2,0.666666666666667,TRUE,FALSE,TRUE,1457,317,1774,TRUE,21.58273381294964,0.9928057553956835,0.007194244604316547,0.9856115107913669,0.014388489208633094,0,245232,2749,11.20979317544203,5.668102042147844e-4,0.0010913059294288831,1774,1774,1457,317,0.0011273957158962795,14.388489208633095,14.388489208633095,0,7.233966203431852,1.989018030220694,0.6666666666666666,5.605855116814952e-4,1.9890180302206937,81,68,56,TRUE,FALSE,FALSE,32,45,TRUE,TRUE,FALSE
2017,Tug of War,Tug of War,Tug of War,ARISF recognized sports,136,84,52,130,6,0,1,1,2017_anti-doping_testing_figures_en_0.pdf,wada_testing_2017_sport_totals.csv,0,TRUE,Tug of War,1,Tug of War,ARISF,ARISF,1,0,0,0,0,1,0,1,1,TRUE,FALSE,TRUE,1457,317,1774,TRUE,7.352941176470588,0.6176470588235294,0.38235294117647056,0.9558823529411765,0.04411764705882353,0,245232,2749,11.20979317544203,5.545768904547531e-4,3.637686431429611e-4,1774,1774,1457,317,5.636978579481398e-4,7.352941176470588,7.352941176470588,0,7.233966203431852,1.016446713973075,1,9.120967493386669e-6,1.016446713973075,82,95,66,TRUE,FALSE,FALSE,51,91,TRUE,TRUE,FALSE
2017,Goalball,Goalball,Goalball,Sports for Athletes with an Impairment,123,76,47,123,0,0,4,1,2017_anti-doping_testing_figures_en_0.pdf,wada_testing_2017_sport_totals.csv,0,TRUE,Goalball,1,Goalball,Sports for Athletes with an Impairment,Sports for Athletes with an Impairment,4,1,1,0,2,0,0,0,0,TRUE,FALSE,TRUE,1457,317,1774,TRUE,32.520325203252035,0.6178861788617886,0.3821138211382114,1,0,0,245232,2749,11.20979317544203,5.01565864161284e-4,0.0014550745725718443,1774,1774,1457,317,0,0,0,0,7.233966203431852,0,0,-5.01565864161284e-4,0,83,58,92,TRUE,FALSE,FALSE,92,34,TRUE,TRUE,FALSE
2017,Bandy,Bandy,Bandy,ARISF recognized sports,118,62,56,112,6,0,1,1,2017_anti-doping_testing_figures_en_0.pdf,wada_testing_2017_sport_totals.csv,0,TRUE,Bandy,1,Bandy,ARISF,ARISF,1,0,0,0,1,0,0,0,0,TRUE,FALSE,TRUE,1457,317,1774,TRUE,8.474576271186441,0.5254237288135594,0.4745762711864407,0.9491525423728814,0.05084745762711865,0,245232,2749,11.20979317544203,4.8117700789456516e-4,3.637686431429611e-4,1774,1774,1457,317,0,0,0,0,7.233966203431852,0,0,-4.8117700789456516e-4,0,84,95,92,TRUE,FALSE,FALSE,92,85,TRUE,TRUE,FALSE
2017,Sumo,Sumo,Sumo,ARISF recognized sports,114,98,16,112,2,0,1,1,2017_anti-doping_testing_figures_en_0.pdf,wada_testing_2017_sport_totals.csv,0,TRUE,Sumo,1,Sumo,ARISF,ARISF,1,0,0,0,0,1,0,1,1,TRUE,FALSE,TRUE,1457,317,1774,TRUE,8.771929824561402,0.8596491228070176,0.14035087719298245,0.9824561403508771,0.017543859649122806,0,245232,2749,11.20979317544203,4.6486592288119005e-4,3.637686431429611e-4,1774,1774,1457,317,5.636978579481398e-4,8.771929824561402,8.771929824561402,0,7.233966203431852,1.2126030973713877,1,9.883193506694972e-5,1.212603097371388,85,95,66,TRUE,FALSE,FALSE,47,84,TRUE,TRUE,FALSE
2017,Chess,Chess,Chess,ARISF recognized sports,102,69,33,102,0,0,2,1,2017_anti-doping_testing_figures_en_0.pdf,wada_testing_2017_sport_totals.csv,0,TRUE,Chess,1,Chess,ARISF,ARISF,2,0,0,0,1,1,0,1,0.5,TRUE,FALSE,TRUE,1457,317,1774,TRUE,19.607843137254903,0.6764705882352942,0.3235294117647059,1,0,0,245232,2749,11.20979317544203,4.1593266784106477e-4,7.275372862859222e-4,1774,1774,1457,317,5.636978579481398e-4,9.803921568627452,9.803921568627452,0,7.233966203431852,1.3552622852974336,0.5,1.47765190107075e-4,1.3552622852974334,86,79,66,TRUE,FALSE,FALSE,44,49,TRUE,TRUE,FALSE
2017,Other Rugby,Other Rugby,Other Rugby,Sports for Athletes with an Impairment,101,55,46,100,1,0,4,1,2017_anti-doping_testing_figures_en_0.pdf,wada_testing_2017_sport_totals.csv,0,TRUE,NA,NA,NA,NA,NA,0,0,0,0,0,0,0,0,NA,NA,NA,FALSE,1457,317,1774,TRUE,39.603960396039604,0.5445544554455446,0.45544554455445546,0.9900990099009901,0.009900990099009901,0,245232,2749,11.20979317544203,4.11854896587721e-4,0.0014550745725718443,1774,1774,1457,317,0,0,0,0,7.233966203431852,0,0,-4.11854896587721e-4,0,87,58,92,TRUE,FALSE,FALSE,92,27,TRUE,TRUE,TRUE
2017,Boccia,Boccia,Boccia,Sports for Athletes with an Impairment,100,67,33,100,0,0,3,1,2017_anti-doping_testing_figures_en_0.pdf,wada_testing_2017_sport_totals.csv,0,TRUE,Boccia,1,Boccia,Sports for Athletes with an Impairment,Sports for Athletes with an Impairment,3,1,0,0,0,2,0,2,0.666666666666667,TRUE,FALSE,TRUE,1457,317,1774,TRUE,30,0.67,0.33,1,0,0,245232,2749,11.20979317544203,4.077771253343772e-4,0.0010913059294288831,1774,1774,1457,317,0.0011273957158962795,20,20,0,7.233966203431852,2.7647350620067646,0.6666666666666666,7.196185905619023e-4,2.7647350620067646,88,68,56,TRUE,FALSE,FALSE,23,40,TRUE,TRUE,FALSE
2017,Para-Snowboard,Para-Snowboard,Para-Snowboard,Paralympic sports/disciplines,95,36,59,95,0,0,2,1,2017_anti-doping_testing_figures_en_0.pdf,wada_testing_2017_sport_totals.csv,0,TRUE,Para-Snowboard,1,Para-Snowboard,IPC,IPC,2,2,0,0,0,0,0,0,0,TRUE,FALSE,TRUE,1457,317,1774,TRUE,21.052631578947366,0.37894736842105264,0.6210526315789474,1,0,0,245232,2749,11.20979317544203,3.8738826906765836e-4,7.275372862859222e-4,1774,1774,1457,317,0,0,0,0,7.233966203431852,0,0,-3.8738826906765836e-4,0,89,79,92,FALSE,FALSE,FALSE,NA,NA,TRUE,TRUE,FALSE
2017,Pencak Silat,Pencak Silat,Pencak Silat,Other sports/disciplines - Non-Code Signatories,93,34,59,93,0,0,2,1,2017_anti-doping_testing_figures_en_0.pdf,wada_testing_2017_sport_totals.csv,0,TRUE,Pencak Silat,1,Pencak Silat,Other Sports - Non-Code Signatories,Other Sports - Non-Code Signatories,2,0,0,0,1,1,0,1,0.5,TRUE,FALSE,TRUE,1457,317,1774,TRUE,21.505376344086024,0.3655913978494624,0.6344086021505376,1,0,0,245232,2749,11.20979317544203,3.7923272656097086e-4,7.275372862859222e-4,1774,1774,1457,317,5.636978579481398e-4,10.752688172043012,10.752688172043012,0,7.233966203431852,1.4864167000036368,0.5,1.8446513138716892e-4,1.4864167000036366,90,79,66,FALSE,FALSE,FALSE,NA,NA,TRUE,TRUE,FALSE
2017,Cheer,Cheer,Cheer | Cheerleading,ARISF recognized sports | Other sports/disciplines - Non-Code Signatories,81,55,26,81,0,0,6,2,2017_anti-doping_testing_figures_en_0.pdf,wada_testing_2017_sport_totals.csv,0,TRUE,Cheer,1,Cheer,ARISF,ARISF,6,1,0,0,5,0,0,0,0,TRUE,FALSE,TRUE,1457,317,1774,TRUE,74.07407407407408,0.6790123456790124,0.32098765432098764,1,0,0,245232,2749,11.20979317544203,3.302994715208456e-4,0.0021826118588577663,1774,1774,1457,317,0,0,0,0,7.233966203431852,0,0,-3.302994715208456e-4,0,91,48,92,FALSE,FALSE,FALSE,NA,NA,TRUE,TRUE,FALSE
2017,Korfball,Korfball,Korfball,ARISF recognized sports,68,52,16,66,2,0,0,1,2017_anti-doping_testing_figures_en_0.pdf,wada_testing_2017_sport_totals.csv,0,TRUE,NA,NA,NA,NA,NA,0,0,0,0,0,0,0,0,NA,NA,NA,FALSE,1457,317,1774,TRUE,0,0.7647058823529411,0.23529411764705882,0.9705882352941176,0.029411764705882353,0,245232,2749,11.20979317544203,2.7728844522737655e-4,0,1774,1774,1457,317,0,0,0,0,7.233966203431852,0,NA,-2.7728844522737655e-4,0,92,119,92,FALSE,FALSE,FALSE,NA,NA,TRUE,TRUE,TRUE
2017,Power Press,Power Press,Power Press,Other sports/disciplines - Non-Code Signatories,68,30,38,48,20,0,1,1,2017_anti-doping_testing_figures_en_0.pdf,wada_testing_2017_sport_totals.csv,0,TRUE,Power Press,1,Power Press,Other Sports - Non-Code Signatories,Other Sports - Non-Code Signatories,1,0,0,0,0,1,0,1,1,TRUE,FALSE,TRUE,1457,317,1774,TRUE,14.705882352941176,0.4411764705882353,0.5588235294117647,0.7058823529411765,0.29411764705882354,0,245232,2749,11.20979317544203,2.7728844522737655e-4,3.637686431429611e-4,1774,1774,1457,317,5.636978579481398e-4,14.705882352941176,14.705882352941176,0,7.233966203431852,2.03289342794615,1,2.864094127207632e-4,2.03289342794615,92,95,66,FALSE,FALSE,FALSE,NA,NA,TRUE,TRUE,FALSE
2017,Kurash,Kurash,Kurash,Other sports/disciplines from Code Signatories,64,38,26,61,3,0,1,1,2017_anti-doping_testing_figures_en_0.pdf,wada_testing_2017_sport_totals.csv,0,TRUE,Kurash,1,Kurash,Other Code Signatories,Other Code Signatories,1,0,0,0,0,1,0,1,1,TRUE,FALSE,TRUE,1457,317,1774,TRUE,15.625,0.59375,0.40625,0.953125,0.046875,0,245232,2749,11.20979317544203,2.6097736021400144e-4,3.637686431429611e-4,1774,1774,1457,317,5.636978579481398e-4,15.625,15.625,0,7.233966203431852,2.1599492671927845,1,3.0272049773413833e-4,2.1599492671927845,94,95,66,FALSE,FALSE,FALSE,NA,NA,TRUE,TRUE,FALSE
2017,Racquetball,Racquetball,Racquetball,ARISF recognized sports,64,40,24,64,0,0,1,1,2017_anti-doping_testing_figures_en_0.pdf,wada_testing_2017_sport_totals.csv,0,TRUE,Racquetball,1,Racquetball,ARISF,ARISF,1,0,0,0,0,1,0,1,1,TRUE,FALSE,TRUE,1457,317,1774,TRUE,15.625,0.625,0.375,1,0,0,245232,2749,11.20979317544203,2.6097736021400144e-4,3.637686431429611e-4,1774,1774,1457,317,5.636978579481398e-4,15.625,15.625,0,7.233966203431852,2.1599492671927845,1,3.0272049773413833e-4,2.1599492671927845,94,95,66,FALSE,FALSE,FALSE,NA,NA,TRUE,TRUE,FALSE
2017,School Sports,School Sports,School Sports,Other sports/disciplines - Non-Code Signatories,64,61,3,64,0,0,1,1,2017_anti-doping_testing_figures_en_0.pdf,wada_testing_2017_sport_totals.csv,0,TRUE,School Sports,1,School Sports,Other Sports - Non-Code Signatories,Other Sports - Non-Code Signatories,1,0,0,0,0,1,0,1,1,TRUE,FALSE,TRUE,1457,317,1774,TRUE,15.625,0.953125,0.046875,1,0,0,245232,2749,11.20979317544203,2.6097736021400144e-4,3.637686431429611e-4,1774,1774,1457,317,5.636978579481398e-4,15.625,15.625,0,7.233966203431852,2.1599492671927845,1,3.0272049773413833e-4,2.1599492671927845,94,95,66,FALSE,FALSE,FALSE,NA,NA,TRUE,TRUE,FALSE
2017,Darts,Darts,Darts,AIMS sports,63,63,0,63,0,0,8,1,2017_anti-doping_testing_figures_en_0.pdf,wada_testing_2017_sport_totals.csv,0,TRUE,Darts,1,Darts,AIMS,AIMS,8,0,0,0,3,5,1,6,0.625,TRUE,TRUE,TRUE,1457,317,1774,TRUE,126.98412698412697,1,0,1,0,0,245232,2749,11.20979317544203,2.5689958896065764e-4,0.0029101491451436886,1774,1774,1457,317,0.0033821871476888386,95.23809523809523,79.36507936507937,15.873015873015872,7.233966203431852,13.165405057175066,0.625,0.003125287558728181,13.16540505717507,97,41,33,FALSE,FALSE,FALSE,NA,NA,TRUE,TRUE,FALSE
2017,Air Sports,Air Sports,Air Sports,ARISF recognized sports,62,47,15,62,0,0,2,1,2017_anti-doping_testing_figures_en_0.pdf,wada_testing_2017_sport_totals.csv,0,TRUE,Air Sports,1,Air Sports,ARISF,ARISF,2,2,0,0,0,0,0,0,0,TRUE,FALSE,TRUE,1457,317,1774,TRUE,32.25806451612903,0.7580645161290323,0.24193548387096775,1,0,0,245232,2749,11.20979317544203,2.528218177073139e-4,7.275372862859222e-4,1774,1774,1457,317,0,0,0,0,7.233966203431852,0,0,-2.528218177073139e-4,0,98,79,92,FALSE,FALSE,FALSE,NA,NA,TRUE,TRUE,FALSE
2017,Polo,Polo,Polo,ARISF recognized sports,60,41,19,60,0,0,0,1,2017_anti-doping_testing_figures_en_0.pdf,wada_testing_2017_sport_totals.csv,0,TRUE,NA,NA,NA,NA,NA,0,0,0,0,0,0,0,0,NA,NA,NA,FALSE,1457,317,1774,TRUE,0,0.6833333333333333,0.31666666666666665,1,0,0,245232,2749,11.20979317544203,2.4466627520062633e-4,0,1774,1774,1457,317,0,0,0,0,7.233966203431852,0,NA,-2.4466627520062633e-4,0,99,119,92,FALSE,FALSE,FALSE,NA,NA,TRUE,TRUE,TRUE
2017,Kettlebell Lifting,Kettlebell Lifting,Kettlebell Lifting,Other sports/disciplines from Code Signatories,55,51,4,55,0,0,2,1,2017_anti-doping_testing_figures_en_0.pdf,wada_testing_2017_sport_totals.csv,0,TRUE,Kettlebell Lifting,1,Kettlebell Lifting,Other Code Signatories,Other Code Signatories,2,0,0,0,2,0,0,0,0,TRUE,FALSE,TRUE,1457,317,1774,TRUE,36.36363636363636,0.9272727272727272,0.07272727272727272,1,0,0,245232,2749,11.20979317544203,2.242774189339075e-4,7.275372862859222e-4,1774,1774,1457,317,0,0,0,0,7.233966203431852,0,0,-2.242774189339075e-4,0,100,79,92,FALSE,FALSE,FALSE,NA,NA,TRUE,TRUE,FALSE
2017,Shooting Para Sport,Shooting Para Sport,Shooting Para Sport,Paralympic sports/disciplines,53,45,8,53,0,0,2,1,2017_anti-doping_testing_figures_en_0.pdf,wada_testing_2017_sport_totals.csv,0,TRUE,Shooting Para Sport,1,Shooting Para Sport,IPC,IPC,2,1,0,0,0,1,0,1,0.5,TRUE,FALSE,TRUE,1457,317,1774,TRUE,37.73584905660377,0.8490566037735849,0.1509433962264151,1,0,0,245232,2749,11.20979317544203,2.1612187642721994e-4,7.275372862859222e-4,1774,1774,1457,317,5.636978579481398e-4,18.867924528301884,18.867924528301884,0,7.233966203431852,2.608240624534683,0.5,3.475759815209198e-4,2.6082406245346834,101,79,66,FALSE,FALSE,FALSE,NA,NA,TRUE,TRUE,FALSE
2017,Minigolf,Minigolf,Minigolf,AIMS sports,52,49,3,52,0,0,2,1,2017_anti-doping_testing_figures_en_0.pdf,wada_testing_2017_sport_totals.csv,0,TRUE,Minigolf,1,Minigolf,AIMS,AIMS,2,0,0,0,2,0,0,0,0,TRUE,FALSE,TRUE,1457,317,1774,TRUE,38.46153846153847,0.9423076923076923,0.057692307692307696,1,0,0,245232,2749,11.20979317544203,2.1204410517387616e-4,7.275372862859222e-4,1774,1774,1457,317,0,0,0,0,7.233966203431852,0,0,-2.1204410517387616e-4,0,102,79,92,FALSE,FALSE,FALSE,NA,NA,TRUE,TRUE,FALSE
2017,Football 5-a-Side,Football 5-a-Side,Football 5-a-Side,Sports for Athletes with an Impairment,51,34,17,51,0,0,4,1,2017_anti-doping_testing_figures_en_0.pdf,wada_testing_2017_sport_totals.csv,0,TRUE,Football 5-a-Side,1,Football 5-a-Side,Sports for Athletes with an Impairment,Sports for Athletes with an Impairment,4,1,0,0,0,3,0,3,0.75,TRUE,FALSE,TRUE,1457,317,1774,TRUE,78.43137254901961,0.6666666666666666,0.3333333333333333,1,0,0,245232,2749,11.20979317544203,2.0796633392053239e-4,0.0014550745725718443,1774,1774,1457,317,0.0016910935738444193,58.8235294117647,58.8235294117647,0,7.233966203431852,8.1315737117846,0.75,0.0014831272399238868,8.1315737117846,103,58,47,FALSE,FALSE,FALSE,NA,NA,TRUE,TRUE,FALSE
2017,Traditional Karate,Traditional Karate,Traditional Karate,Other sports/disciplines - Non-Code Signatories,51,20,31,46,5,0,0,1,2017_anti-doping_testing_figures_en_0.pdf,wada_testing_2017_sport_totals.csv,0,TRUE,NA,NA,NA,NA,NA,0,0,0,0,0,0,0,0,NA,NA,NA,FALSE,1457,317,1774,TRUE,0,0.39215686274509803,0.6078431372549019,0.9019607843137255,0.09803921568627451,0,245232,2749,11.20979317544203,2.0796633392053239e-4,0,1774,1774,1457,317,0,0,0,0,7.233966203431852,0,NA,-2.0796633392053239e-4,0,103,119,92,FALSE,FALSE,FALSE,NA,NA,TRUE,TRUE,TRUE
2017,Dragon Boat,Dragon Boat,Dragon Boat,AIMS sports,48,31,17,48,0,0,0,1,2017_anti-doping_testing_figures_en_0.pdf,wada_testing_2017_sport_totals.csv,0,TRUE,NA,NA,NA,NA,NA,0,0,0,0,0,0,0,0,NA,NA,NA,FALSE,1457,317,1774,TRUE,0,0.6458333333333334,0.3541666666666667,1,0,0,245232,2749,11.20979317544203,1.9573302016050108e-4,0,1774,1774,1457,317,0,0,0,0,7.233966203431852,0,NA,-1.9573302016050108e-4,0,105,119,92,FALSE,FALSE,FALSE,NA,NA,TRUE,TRUE,TRUE
2017,Sport Fishing,Sport Fishing,Sport Fishing,AIMS sports,46,44,2,46,0,0,4,1,2017_anti-doping_testing_figures_en_0.pdf,wada_testing_2017_sport_totals.csv,0,TRUE,Sport Fishing,1,Sport Fishing,AIMS,AIMS,4,0,0,0,3,1,0,1,0.25,TRUE,FALSE,TRUE,1457,317,1774,TRUE,86.95652173913044,0.9565217391304348,0.043478260869565216,1,0,0,245232,2749,11.20979317544203,1.8757747765381353e-4,0.0014550745725718443,1774,1774,1457,317,5.636978579481398e-4,21.73913043478261,21.73913043478261,0,7.233966203431852,3.005146806529092,0.25,3.761203802943263e-4,3.005146806529092,106,58,66,FALSE,FALSE,FALSE,NA,NA,TRUE,TRUE,FALSE
2017,Basque Pelota,Basque Pelota,Basque Pelota,ARISF recognized sports,45,35,10,45,0,0,2,1,2017_anti-doping_testing_figures_en_0.pdf,wada_testing_2017_sport_totals.csv,0,TRUE,Basque Pelota,1,Basque Pelota,ARISF,ARISF,2,1,0,0,1,0,0,0,0,TRUE,FALSE,TRUE,1457,317,1774,TRUE,44.44444444444444,0.7777777777777778,0.2222222222222222,1,0,0,245232,2749,11.20979317544203,1.8349970640046975e-4,7.275372862859222e-4,1774,1774,1457,317,0,0,0,0,7.233966203431852,0,0,-1.8349970640046975e-4,0,107,79,92,FALSE,FALSE,FALSE,NA,NA,TRUE,TRUE,FALSE
2017,Heavy Events,Heavy Events,Heavy Events,Other sports/disciplines - Non-Code Signatories,45,26,19,37,8,0,0,1,2017_anti-doping_testing_figures_en_0.pdf,wada_testing_2017_sport_totals.csv,0,TRUE,NA,NA,NA,NA,NA,0,0,0,0,0,0,0,0,NA,NA,NA,FALSE,1457,317,1774,TRUE,0,0.5777777777777777,0.4222222222222222,0.8222222222222222,0.17777777777777778,0,245232,2749,11.20979317544203,1.8349970640046975e-4,0,1774,1774,1457,317,0,0,0,0,7.233966203431852,0,NA,-1.8349970640046975e-4,0,107,119,92,FALSE,FALSE,FALSE,NA,NA,TRUE,TRUE,TRUE
2017,Savate,Savate,Savate,AIMS sports,45,35,10,39,6,0,1,1,2017_anti-doping_testing_figures_en_0.pdf,wada_testing_2017_sport_totals.csv,0,TRUE,Savate,1,Savate,AIMS,AIMS,1,0,0,0,1,0,0,0,0,TRUE,FALSE,TRUE,1457,317,1774,TRUE,22.22222222222222,0.7777777777777778,0.2222222222222222,0.8666666666666667,0.13333333333333333,0,245232,2749,11.20979317544203,1.8349970640046975e-4,3.637686431429611e-4,1774,1774,1457,317,0,0,0,0,7.233966203431852,0,0,-1.8349970640046975e-4,0,107,95,92,FALSE,FALSE,FALSE,NA,NA,TRUE,TRUE,FALSE
2017,Lacrosse,Lacrosse,Lacrosse,AIMS sports,43,20,23,41,2,0,0,1,2017_anti-doping_testing_figures_en_0.pdf,wada_testing_2017_sport_totals.csv,0,TRUE,NA,NA,NA,NA,NA,0,0,0,0,0,0,0,0,NA,NA,NA,FALSE,1457,317,1774,TRUE,0,0.46511627906976744,0.5348837209302325,0.9534883720930233,0.046511627906976744,0,245232,2749,11.20979317544203,1.7534416389378222e-4,0,1774,1774,1457,317,0,0,0,0,7.233966203431852,0,NA,-1.7534416389378222e-4,0,110,119,92,FALSE,FALSE,FALSE,NA,NA,TRUE,TRUE,TRUE
2017,Soft Tennis,Soft Tennis,Soft Tennis,AIMS sports,41,32,9,41,0,0,0,1,2017_anti-doping_testing_figures_en_0.pdf,wada_testing_2017_sport_totals.csv,0,TRUE,NA,NA,NA,NA,NA,0,0,0,0,0,0,0,0,NA,NA,NA,FALSE,1457,317,1774,TRUE,0,0.7804878048780488,0.21951219512195122,1,0,0,245232,2749,11.20979317544203,1.6718862138709466e-4,0,1774,1774,1457,317,0,0,0,0,7.233966203431852,0,NA,-1.6718862138709466e-4,0,111,119,92,FALSE,FALSE,FALSE,NA,NA,TRUE,TRUE,TRUE
2017,Icestocksport,Icestocksport,Icestocksport,AIMS sports,39,29,10,35,4,0,0,1,2017_anti-doping_testing_figures_en_0.pdf,wada_testing_2017_sport_totals.csv,0,TRUE,NA,NA,NA,NA,NA,0,0,0,0,0,0,0,0,NA,NA,NA,FALSE,1457,317,1774,TRUE,0,0.7435897435897436,0.2564102564102564,0.8974358974358975,0.10256410256410256,0,245232,2749,11.20979317544203,1.5903307888040714e-4,0,1774,1774,1457,317,0,0,0,0,7.233966203431852,0,NA,-1.5903307888040714e-4,0,112,119,92,FALSE,FALSE,FALSE,NA,NA,TRUE,TRUE,TRUE
2017,Kendo,Kendo,Kendo,AIMS sports,39,35,4,39,0,0,0,1,2017_anti-doping_testing_figures_en_0.pdf,wada_testing_2017_sport_totals.csv,0,TRUE,NA,NA,NA,NA,NA,0,0,0,0,0,0,0,0,NA,NA,NA,FALSE,1457,317,1774,TRUE,0,0.8974358974358975,0.10256410256410256,1,0,0,245232,2749,11.20979317544203,1.5903307888040714e-4,0,1774,1774,1457,317,0,0,0,0,7.233966203431852,0,NA,-1.5903307888040714e-4,0,112,119,92,FALSE,FALSE,FALSE,NA,NA,TRUE,TRUE,TRUE
2017,Bridge,Bridge,Bridge,ARISF recognized sports,33,33,0,33,0,0,5,1,2017_anti-doping_testing_figures_en_0.pdf,wada_testing_2017_sport_totals.csv,0,TRUE,Bridge,1,Bridge,ARISF,ARISF,5,1,0,0,2,2,0,2,0.4,TRUE,FALSE,TRUE,1457,317,1774,TRUE,151.51515151515153,1,0,1,0,0,245232,2749,11.20979317544203,1.345664513603445e-4,0.0018188432157148053,1774,1774,1457,317,0.0011273957158962795,60.60606060606061,60.60606060606061,0,7.233966203431852,8.377985036384135,0.4,9.92829264535935e-4,8.377985036384134,114,54,56,FALSE,FALSE,FALSE,NA,NA,TRUE,TRUE,FALSE
2017,Kempo,Kempo,Kempo,Other sports/disciplines - Non-Code Signatories,33,30,3,33,0,0,2,1,2017_anti-doping_testing_figures_en_0.pdf,wada_testing_2017_sport_totals.csv,0,TRUE,Kempo,1,Kempo,Other Sports - Non-Code Signatories,Other Sports - Non-Code Signatories,2,0,0,0,2,0,0,0,0,TRUE,FALSE,TRUE,1457,317,1774,TRUE,60.60606060606061,0.9090909090909091,0.09090909090909091,1,0,0,245232,2749,11.20979317544203,1.345664513603445e-4,7.275372862859222e-4,1774,1774,1457,317,0,0,0,0,7.233966203431852,0,0,-1.345664513603445e-4,0,114,79,92,FALSE,FALSE,FALSE,NA,NA,TRUE,TRUE,FALSE
2017,Rugby,Rugby,Rugby,Other sports/disciplines - Non-Code Signatories,33,17,16,33,0,0,0,1,2017_anti-doping_testing_figures_en_0.pdf,wada_testing_2017_sport_totals.csv,0,TRUE,NA,NA,NA,NA,NA,0,0,0,0,0,0,0,0,NA,NA,NA,FALSE,1457,317,1774,TRUE,0,0.5151515151515151,0.48484848484848486,1,0,0,245232,2749,11.20979317544203,1.345664513603445e-4,0,1774,1774,1457,317,0,0,0,0,7.233966203431852,0,NA,-1.345664513603445e-4,0,114,119,92,FALSE,FALSE,FALSE,NA,NA,TRUE,TRUE,TRUE
2017,Bowls,Bowls,Bowls,Other sports/disciplines from Code Signatories,32,32,0,32,0,0,1,1,2017_anti-doping_testing_figures_en_0.pdf,wada_testing_2017_sport_totals.csv,0,TRUE,Bowls,1,Bowls,Other Code Signatories,Other Code Signatories,1,0,0,0,0,1,0,1,1,TRUE,FALSE,TRUE,1457,317,1774,TRUE,31.25,1,0,1,0,0,245232,2749,11.20979317544203,1.3048868010700072e-4,3.637686431429611e-4,1774,1774,1457,317,5.636978579481398e-4,31.25,31.25,0,7.233966203431852,4.319898534385569,1,4.3320917784113905e-4,4.319898534385569,117,95,66,FALSE,FALSE,FALSE,NA,NA,TRUE,TRUE,FALSE
2017,Casting,Casting,Casting,AIMS sports,30,24,6,30,0,0,0,1,2017_anti-doping_testing_figures_en_0.pdf,wada_testing_2017_sport_totals.csv,0,TRUE,NA,NA,NA,NA,NA,0,0,0,0,0,0,0,0,NA,NA,NA,FALSE,1457,317,1774,TRUE,0,0.8,0.2,1,0,0,245232,2749,11.20979317544203,1.2233313760031317e-4,0,1774,1774,1457,317,0,0,0,0,7.233966203431852,0,NA,-1.2233313760031317e-4,0,118,119,92,FALSE,FALSE,FALSE,NA,NA,TRUE,TRUE,TRUE
2017,Basque Sports,Basque Sports,Basque Sports,Other sports/disciplines - Non-Code Signatories,29,29,0,29,0,0,0,1,2017_anti-doping_testing_figures_en_0.pdf,wada_testing_2017_sport_totals.csv,0,TRUE,NA,NA,NA,NA,NA,0,0,0,0,0,0,0,0,NA,NA,NA,FALSE,1457,317,1774,TRUE,0,1,0,1,0,0,245232,2749,11.20979317544203,1.182553663469694e-4,0,1774,1774,1457,317,0,0,0,0,7.233966203431852,0,NA,-1.182553663469694e-4,0,119,119,92,FALSE,FALSE,FALSE,NA,NA,TRUE,TRUE,TRUE
2017,Flying Disc,Flying Disc,Flying Disc,ARISF recognized sports,28,16,12,26,2,0,0,1,2017_anti-doping_testing_figures_en_0.pdf,wada_testing_2017_sport_totals.csv,0,TRUE,NA,NA,NA,NA,NA,0,0,0,0,0,0,0,0,NA,NA,NA,FALSE,1457,317,1774,TRUE,0,0.5714285714285714,0.42857142857142855,0.9285714285714286,0.07142857142857142,0,245232,2749,11.20979317544203,1.1417759509362562e-4,0,1774,1774,1457,317,0,0,0,0,7.233966203431852,0,NA,-1.1417759509362562e-4,0,120,119,92,FALSE,FALSE,FALSE,NA,NA,TRUE,TRUE,TRUE
2017,Fistball,Fistball,Fistball,AIMS sports,24,13,11,23,1,0,0,1,2017_anti-doping_testing_figures_en_0.pdf,wada_testing_2017_sport_totals.csv,0,TRUE,NA,NA,NA,NA,NA,0,0,0,0,0,0,0,0,NA,NA,NA,FALSE,1457,317,1774,TRUE,0,0.5416666666666666,0.4583333333333333,0.9583333333333334,0.041666666666666664,0,245232,2749,11.20979317544203,9.786651008025054e-5,0,1774,1774,1457,317,0,0,0,0,7.233966203431852,0,NA,-9.786651008025054e-5,0,121,119,92,FALSE,FALSE,FALSE,NA,NA,TRUE,TRUE,TRUE
2017,Ultimate Fighting,Ultimate Fighting,Ultimate Fighting,Other sports/disciplines - Non-Code Signatories,24,10,14,21,3,0,1,1,2017_anti-doping_testing_figures_en_0.pdf,wada_testing_2017_sport_totals.csv,0,TRUE,Ultimate Fighting,1,Ultimate Fighting,Other Sports - Non-Code Signatories,Other Sports - Non-Code Signatories,1,0,0,0,1,0,2,2,0,TRUE,TRUE,TRUE,1457,317,1774,TRUE,41.666666666666664,0.4166666666666667,0.5833333333333334,0.875,0.125,0,245232,2749,11.20979317544203,9.786651008025054e-5,3.637686431429611e-4,1774,1774,1457,317,0.0011273957158962795,83.33333333333333,0,83.33333333333333,7.233966203431852,11.519729425028185,0,0.001029529205816029,11.519729425028185,121,95,56,FALSE,FALSE,FALSE,NA,NA,TRUE,TRUE,FALSE
2017,Electronic Sports,Electronic Sports,Electronic Sports,Other sports/disciplines from Code Signatories,23,4,19,23,0,0,0,1,2017_anti-doping_testing_figures_en_0.pdf,wada_testing_2017_sport_totals.csv,0,TRUE,NA,NA,NA,NA,NA,0,0,0,0,0,0,0,0,NA,NA,NA,FALSE,1457,317,1774,TRUE,0,0.17391304347826086,0.8260869565217391,1,0,0,245232,2749,11.20979317544203,9.378873882690676e-5,0,1774,1774,1457,317,0,0,0,0,7.233966203431852,0,NA,-9.378873882690676e-5,0,123,119,92,FALSE,FALSE,FALSE,NA,NA,TRUE,TRUE,TRUE
2017,Football 7-a-Side,Football 7-a-Side,Football 7-a-Side,Sports for Athletes with an Impairment,23,6,17,23,0,0,0,1,2017_anti-doping_testing_figures_en_0.pdf,wada_testing_2017_sport_totals.csv,0,TRUE,NA,NA,NA,NA,NA,0,0,0,0,0,0,0,0,NA,NA,NA,FALSE,1457,317,1774,TRUE,0,0.2608695652173913,0.7391304347826086,1,0,0,245232,2749,11.20979317544203,9.378873882690676e-5,0,1774,1774,1457,317,0,0,0,0,7.233966203431852,0,NA,-9.378873882690676e-5,0,123,119,92,FALSE,FALSE,FALSE,NA,NA,TRUE,TRUE,TRUE
2017,CP Football,CP Football,CP Football,Sports for Athletes with an Impairment,21,11,10,21,0,0,1,1,2017_anti-doping_testing_figures_en_0.pdf,wada_testing_2017_sport_totals.csv,0,TRUE,CP Football,1,CP Football,Sports for Athletes with an Impairment,Sports for Athletes with an Impairment,1,0,0,0,1,0,0,0,0,TRUE,FALSE,TRUE,1457,317,1774,TRUE,47.61904761904761,0.5238095238095238,0.47619047619047616,1,0,0,245232,2749,11.20979317544203,8.563319632021922e-5,3.637686431429611e-4,1774,1774,1457,317,0,0,0,0,7.233966203431852,0,0,-8.563319632021922e-5,0,125,95,92,FALSE,FALSE,FALSE,NA,NA,TRUE,TRUE,FALSE
2017,Draughts,Draughts,Draughts,AIMS sports,21,14,7,21,0,0,1,1,2017_anti-doping_testing_figures_en_0.pdf,wada_testing_2017_sport_totals.csv,0,TRUE,Draughts,1,Draughts,AIMS,AIMS,1,0,0,0,1,0,0,0,0,TRUE,FALSE,TRUE,1457,317,1774,TRUE,47.61904761904761,0.6666666666666666,0.3333333333333333,1,0,0,245232,2749,11.20979317544203,8.563319632021922e-5,3.637686431429611e-4,1774,1774,1457,317,0,0,0,0,7.233966203431852,0,0,-8.563319632021922e-5,0,125,95,92,FALSE,FALSE,FALSE,NA,NA,TRUE,TRUE,FALSE
2017,Kung Fu,Kung Fu,Kung Fu,Other sports/disciplines - Non-Code Signatories,19,15,4,19,0,0,3,1,2017_anti-doping_testing_figures_en_0.pdf,wada_testing_2017_sport_totals.csv,0,TRUE,Kung Fu,1,Kung Fu,Other Sports - Non-Code Signatories,Other Sports - Non-Code Signatories,3,0,0,0,0,3,0,3,1,TRUE,FALSE,TRUE,1457,317,1774,TRUE,157.89473684210526,0.7894736842105263,0.21052631578947367,1,0,0,245232,2749,11.20979317544203,7.747765381353168e-5,0.0010913059294288831,1774,1774,1457,317,0.0016910935738444193,157.89473684210526,157.89473684210526,0,7.233966203431852,21.82685575268498,1,0.0016136159200308877,21.82685575268498,127,68,47,FALSE,FALSE,FALSE,NA,NA,TRUE,TRUE,FALSE
2017,Padel,Padel,Padel,Other sports/disciplines - Non-Code Signatories,19,19,0,19,0,0,1,1,2017_anti-doping_testing_figures_en_0.pdf,wada_testing_2017_sport_totals.csv,0,TRUE,Padel,1,Padel,Other Sports - Non-Code Signatories,Other Sports - Non-Code Signatories,1,0,0,0,0,1,0,1,1,TRUE,FALSE,TRUE,1457,317,1774,TRUE,52.63157894736842,1,0,1,0,0,245232,2749,11.20979317544203,7.747765381353168e-5,3.637686431429611e-4,1774,1774,1457,317,5.636978579481398e-4,52.63157894736842,52.63157894736842,0,7.233966203431852,7.275618584228327,1,4.862202041346081e-4,7.275618584228327,127,95,66,FALSE,FALSE,FALSE,NA,NA,TRUE,TRUE,FALSE
2017,Military Sport Pentathlon,Military Sport Pentathlon,Military Sport Pentathlon,Other sports/disciplines - Non-Code Signatories,18,18,0,18,0,0,0,1,2017_anti-doping_testing_figures_en_0.pdf,wada_testing_2017_sport_totals.csv,0,TRUE,NA,NA,NA,NA,NA,0,0,0,0,0,0,0,0,NA,NA,NA,FALSE,1457,317,1774,TRUE,0,1,0,1,0,0,245232,2749,11.20979317544203,7.33998825601879e-5,0,1774,1774,1457,317,0,0,0,0,7.233966203431852,0,NA,-7.33998825601879e-5,0,129,119,92,FALSE,FALSE,FALSE,NA,NA,TRUE,TRUE,TRUE
2017,Traditional Archery,Traditional Archery,Traditional Archery,Other sports/disciplines - Non-Code Signatories,18,18,0,18,0,0,1,1,2017_anti-doping_testing_figures_en_0.pdf,wada_testing_2017_sport_totals.csv,0,TRUE,Traditional Archery,1,Traditional Archery,Other Sports - Non-Code Signatories,Other Sports - Non-Code Signatories,1,0,0,0,0,1,0,1,1,TRUE,FALSE,TRUE,1457,317,1774,TRUE,55.55555555555555,1,0,1,0,0,245232,2749,11.20979317544203,7.33998825601879e-5,3.637686431429611e-4,1774,1774,1457,317,5.636978579481398e-4,55.55555555555555,55.55555555555555,0,7.233966203431852,7.679819616685456,1,4.902979753879518e-4,7.679819616685457,129,95,66,FALSE,FALSE,FALSE,NA,NA,TRUE,TRUE,FALSE
2017,Para-Bowls,Para-Bowls,Para-Bowls,Sports for Athletes with an Impairment,17,0,17,17,0,0,0,1,2017_anti-doping_testing_figures_en_0.pdf,wada_testing_2017_sport_totals.csv,0,TRUE,NA,NA,NA,NA,NA,0,0,0,0,0,0,0,0,NA,NA,NA,FALSE,1457,317,1774,TRUE,0,0,1,1,0,0,245232,2749,11.20979317544203,6.932211130684414e-5,0,1774,1774,1457,317,0,0,0,0,7.233966203431852,0,NA,-6.932211130684414e-5,0,131,119,92,FALSE,FALSE,FALSE,NA,NA,TRUE,TRUE,TRUE
2017,Go,Go,Go,AIMS sports,16,16,0,16,0,0,0,1,2017_anti-doping_testing_figures_en_0.pdf,wada_testing_2017_sport_totals.csv,0,TRUE,NA,NA,NA,NA,NA,0,0,0,0,0,0,0,0,NA,NA,NA,FALSE,1457,317,1774,TRUE,0,1,0,1,0,0,245232,2749,11.20979317544203,6.524434005350036e-5,0,1774,1774,1457,317,0,0,0,0,7.233966203431852,0,NA,-6.524434005350036e-5,0,132,119,92,FALSE,FALSE,FALSE,NA,NA,TRUE,TRUE,TRUE
2017,Rafting,Rafting,Rafting,Other sports/disciplines - Non-Code Signatories,16,16,0,16,0,0,0,1,2017_anti-doping_testing_figures_en_0.pdf,wada_testing_2017_sport_totals.csv,0,TRUE,NA,NA,NA,NA,NA,0,0,0,0,0,0,0,0,NA,NA,NA,FALSE,1457,317,1774,TRUE,0,1,0,1,0,0,245232,2749,11.20979317544203,6.524434005350036e-5,0,1774,1774,1457,317,0,0,0,0,7.233966203431852,0,NA,-6.524434005350036e-5,0,132,119,92,FALSE,FALSE,FALSE,NA,NA,TRUE,TRUE,TRUE
2017,Ringette,Ringette,Ringette,Other sports/disciplines - Non-Code Signatories,16,8,8,16,0,0,0,1,2017_anti-doping_testing_figures_en_0.pdf,wada_testing_2017_sport_totals.csv,0,TRUE,NA,NA,NA,NA,NA,0,0,0,0,0,0,0,0,NA,NA,NA,FALSE,1457,317,1774,TRUE,0,0.5,0.5,1,0,0,245232,2749,11.20979317544203,6.524434005350036e-5,0,1774,1774,1457,317,0,0,0,0,7.233966203431852,0,NA,-6.524434005350036e-5,0,132,119,92,FALSE,FALSE,FALSE,NA,NA,TRUE,TRUE,TRUE
2017,VA'A,VA'A,VA'A,Other sports/disciplines - Non-Code Signatories,16,16,0,16,0,0,2,1,2017_anti-doping_testing_figures_en_0.pdf,wada_testing_2017_sport_totals.csv,0,TRUE,VA'A,1,VA'A,Other Sports - Non-Code Signatories,Other Sports - Non-Code Signatories,2,0,0,0,2,0,0,0,0,TRUE,FALSE,TRUE,1457,317,1774,TRUE,125,1,0,1,0,0,245232,2749,11.20979317544203,6.524434005350036e-5,7.275372862859222e-4,1774,1774,1457,317,0,0,0,0,7.233966203431852,0,0,-6.524434005350036e-5,0,132,79,92,FALSE,FALSE,FALSE,NA,NA,TRUE,TRUE,FALSE
2017,Extreme,Extreme,Extreme,Other sports/disciplines - Non-Code Signatories,15,4,11,15,0,0,0,1,2017_anti-doping_testing_figures_en_0.pdf,wada_testing_2017_sport_totals.csv,0,TRUE,NA,NA,NA,NA,NA,0,0,0,0,0,0,0,0,NA,NA,NA,FALSE,1457,317,1774,TRUE,0,0.26666666666666666,0.7333333333333333,1,0,0,245232,2749,11.20979317544203,6.116656880015658e-5,0,1774,1774,1457,317,0,0,0,0,7.233966203431852,0,NA,-6.116656880015658e-5,0,136,119,92,FALSE,FALSE,FALSE,NA,NA,TRUE,TRUE,TRUE
2017,Ultra Triathlon,Ultra Triathlon,Ultra Triathlon,Other sports/disciplines - Non-Code Signatories,15,15,0,15,0,0,0,1,2017_anti-doping_testing_figures_en_0.pdf,wada_testing_2017_sport_totals.csv,0,TRUE,NA,NA,NA,NA,NA,0,0,0,0,0,0,0,0,NA,NA,NA,FALSE,1457,317,1774,TRUE,0,1,0,1,0,0,245232,2749,11.20979317544203,6.116656880015658e-5,0,1774,1774,1457,317,0,0,0,0,7.233966203431852,0,NA,-6.116656880015658e-5,0,136,119,92,FALSE,FALSE,FALSE,NA,NA,TRUE,TRUE,TRUE
2017,Aikido,Aikido,Aikido,AIMS sports,14,12,2,14,0,0,0,1,2017_anti-doping_testing_figures_en_0.pdf,wada_testing_2017_sport_totals.csv,0,TRUE,NA,NA,NA,NA,NA,0,0,0,0,0,0,0,0,NA,NA,NA,FALSE,1457,317,1774,TRUE,0,0.8571428571428571,0.14285714285714285,1,0,0,245232,2749,11.20979317544203,5.708879754681281e-5,0,1774,1774,1457,317,0,0,0,0,7.233966203431852,0,NA,-5.708879754681281e-5,0,138,119,92,FALSE,FALSE,FALSE,NA,NA,TRUE,TRUE,TRUE
2017,Clay Target Shooting,Clay Target Shooting,Clay Target Shooting,Other sports/disciplines - Non-Code Signatories,14,7,7,14,0,0,0,1,2017_anti-doping_testing_figures_en_0.pdf,wada_testing_2017_sport_totals.csv,0,TRUE,NA,NA,NA,NA,NA,0,0,0,0,0,0,0,0,NA,NA,NA,FALSE,1457,317,1774,TRUE,0,0.5,0.5,1,0,0,245232,2749,11.20979317544203,5.708879754681281e-5,0,1774,1774,1457,317,0,0,0,0,7.233966203431852,0,NA,-5.708879754681281e-5,0,138,119,92,FALSE,FALSE,FALSE,NA,NA,TRUE,TRUE,TRUE
2017,Budo,Budo,Budo,Other sports/disciplines - Non-Code Signatories,13,2,11,13,0,0,0,1,2017_anti-doping_testing_figures_en_0.pdf,wada_testing_2017_sport_totals.csv,0,TRUE,NA,NA,NA,NA,NA,0,0,0,0,0,0,0,0,NA,NA,NA,FALSE,1457,317,1774,TRUE,0,0.15384615384615385,0.8461538461538461,1,0,0,245232,2749,11.20979317544203,5.301102629346904e-5,0,1774,1774,1457,317,0,0,0,0,7.233966203431852,0,NA,-5.301102629346904e-5,0,140,119,92,FALSE,FALSE,FALSE,NA,NA,TRUE,TRUE,TRUE
2017,Heavy Athletics,Heavy Athletics,Heavy Athletics,Other sports/disciplines - Non-Code Signatories,13,11,2,13,0,0,1,1,2017_anti-doping_testing_figures_en_0.pdf,wada_testing_2017_sport_totals.csv,0,TRUE,Heavy Athletics,1,Heavy Athletics,Other Sports - Non-Code Signatories,Other Sports - Non-Code Signatories,1,0,0,0,0,1,0,1,1,TRUE,FALSE,TRUE,1457,317,1774,TRUE,76.92307692307693,0.8461538461538461,0.15384615384615385,1,0,0,245232,2749,11.20979317544203,5.301102629346904e-5,3.637686431429611e-4,1774,1774,1457,317,5.636978579481398e-4,76.92307692307693,76.92307692307693,0,7.233966203431852,10.633596392333711,1,5.106868316546707e-4,10.63359639233371,140,95,66,FALSE,FALSE,FALSE,NA,NA,TRUE,TRUE,FALSE
2017,Skyrunning,Skyrunning,Skyrunning (R),Other sports/disciplines - Non-Code Signatories,13,12,1,13,0,0,0,1,2017_anti-doping_testing_figures_en_0.pdf,wada_testing_2017_sport_totals.csv,0,TRUE,NA,NA,NA,NA,NA,0,0,0,0,0,0,0,0,NA,NA,NA,FALSE,1457,317,1774,TRUE,0,0.9230769230769231,0.07692307692307693,1,0,0,245232,2749,11.20979317544203,5.301102629346904e-5,0,1774,1774,1457,317,0,0,0,0,7.233966203431852,0,NA,-5.301102629346904e-5,0,140,119,92,FALSE,FALSE,FALSE,NA,NA,TRUE,TRUE,TRUE
2017,Chin-up,Chin-up,Chin-up,Other sports/disciplines - Non-Code Signatories,12,6,6,9,3,0,0,1,2017_anti-doping_testing_figures_en_0.pdf,wada_testing_2017_sport_totals.csv,0,TRUE,NA,NA,NA,NA,NA,0,0,0,0,0,0,0,0,NA,NA,NA,FALSE,1457,317,1774,TRUE,0,0.5,0.5,0.75,0.25,0,245232,2749,11.20979317544203,4.893325504012527e-5,0,1774,1774,1457,317,0,0,0,0,7.233966203431852,0,NA,-4.893325504012527e-5,0,143,119,92,FALSE,FALSE,FALSE,NA,NA,TRUE,TRUE,TRUE
2017,Firefighting and Rescuing,Firefighting and Rescuing,Firefighting and Rescuing,Other sports/disciplines - Non-Code Signatories,12,12,0,12,0,0,0,1,2017_anti-doping_testing_figures_en_0.pdf,wada_testing_2017_sport_totals.csv,0,TRUE,NA,NA,NA,NA,NA,0,0,0,0,0,0,0,0,NA,NA,NA,FALSE,1457,317,1774,TRUE,0,1,0,1,0,0,245232,2749,11.20979317544203,4.893325504012527e-5,0,1774,1774,1457,317,0,0,0,0,7.233966203431852,0,NA,-4.893325504012527e-5,0,143,119,92,FALSE,FALSE,FALSE,NA,NA,TRUE,TRUE,TRUE
2017,Street and Ball Hockey,Street and Ball Hockey,Street and Ball Hockey,Other sports/disciplines - Non-Code Signatories,12,12,0,12,0,0,0,1,2017_anti-doping_testing_figures_en_0.pdf,wada_testing_2017_sport_totals.csv,0,TRUE,NA,NA,NA,NA,NA,0,0,0,0,0,0,0,0,NA,NA,NA,FALSE,1457,317,1774,TRUE,0,1,0,1,0,0,245232,2749,11.20979317544203,4.893325504012527e-5,0,1774,1774,1457,317,0,0,0,0,7.233966203431852,0,NA,-4.893325504012527e-5,0,143,119,92,FALSE,FALSE,FALSE,NA,NA,TRUE,TRUE,TRUE
2017,Strongman,Strongman,Strongman,Other sports/disciplines - Non-Code Signatories,12,11,1,12,0,0,1,1,2017_anti-doping_testing_figures_en_0.pdf,wada_testing_2017_sport_totals.csv,0,TRUE,Strongman,1,Strongman,Other Sports - Non-Code Signatories,Other Sports - Non-Code Signatories,1,0,0,0,0,1,0,1,1,TRUE,FALSE,TRUE,1457,317,1774,TRUE,83.33333333333333,0.9166666666666666,0.08333333333333333,1,0,0,245232,2749,11.20979317544203,4.893325504012527e-5,3.637686431429611e-4,1774,1774,1457,317,5.636978579481398e-4,83.33333333333333,83.33333333333333,0,7.233966203431852,11.519729425028185,1,5.147646029080145e-4,11.519729425028185,143,95,66,FALSE,FALSE,FALSE,NA,NA,TRUE,TRUE,FALSE
2017,Highland Games,Highland Games,Highland Games,Other sports/disciplines - Non-Code Signatories,10,10,0,10,0,0,0,1,2017_anti-doping_testing_figures_en_0.pdf,wada_testing_2017_sport_totals.csv,0,TRUE,NA,NA,NA,NA,NA,0,0,0,0,0,0,0,0,NA,NA,NA,FALSE,1457,317,1774,TRUE,0,1,0,1,0,0,245232,2749,11.20979317544203,4.077771253343772e-5,0,1774,1774,1457,317,0,0,0,0,7.233966203431852,0,NA,-4.077771253343772e-5,0,147,119,92,FALSE,FALSE,FALSE,NA,NA,TRUE,TRUE,TRUE
2017,Sleddog,Sleddog,Sleddog,AIMS sports,10,10,0,10,0,0,0,1,2017_anti-doping_testing_figures_en_0.pdf,wada_testing_2017_sport_totals.csv,0,TRUE,NA,NA,NA,NA,NA,0,0,0,0,0,0,0,0,NA,NA,NA,FALSE,1457,317,1774,TRUE,0,1,0,1,0,0,245232,2749,11.20979317544203,4.077771253343772e-5,0,1774,1774,1457,317,0,0,0,0,7.233966203431852,0,NA,-4.077771253343772e-5,0,147,119,92,FALSE,FALSE,FALSE,NA,NA,TRUE,TRUE,TRUE
2017,Speedball,Speedball,Speedball,Other sports/disciplines - Non-Code Signatories,10,7,3,10,0,0,0,1,2017_anti-doping_testing_figures_en_0.pdf,wada_testing_2017_sport_totals.csv,0,TRUE,NA,NA,NA,NA,NA,0,0,0,0,0,0,0,0,NA,NA,NA,FALSE,1457,317,1774,TRUE,0,0.7,0.3,1,0,0,245232,2749,11.20979317544203,4.077771253343772e-5,0,1774,1774,1457,317,0,0,0,0,7.233966203431852,0,NA,-4.077771253343772e-5,0,147,119,92,FALSE,FALSE,FALSE,NA,NA,TRUE,TRUE,TRUE
2017,Jet-Ski,Jet-Ski,Jet-Ski,Other sports/disciplines - Non-Code Signatories,9,9,0,9,0,0,3,1,2017_anti-doping_testing_figures_en_0.pdf,wada_testing_2017_sport_totals.csv,0,TRUE,Jet-Ski,1,Jet-Ski,Other Sports - Non-Code Signatories,Other Sports - Non-Code Signatories,3,2,0,0,0,1,0,1,0.333333333333333,TRUE,FALSE,TRUE,1457,317,1774,TRUE,333.3333333333333,1,0,1,0,0,245232,2749,11.20979317544203,3.669994128009395e-5,0.0010913059294288831,1774,1774,1457,317,5.636978579481398e-4,111.1111111111111,111.1111111111111,0,7.233966203431852,15.359639233370912,0.3333333333333333,5.269979166680458e-4,15.359639233370913,150,68,66,FALSE,FALSE,FALSE,NA,NA,TRUE,TRUE,FALSE
2017,Multifunctional Training,Multifunctional Training,Multifunctional Training,Other sports/disciplines - Non-Code Signatories,9,9,0,9,0,0,1,1,2017_anti-doping_testing_figures_en_0.pdf,wada_testing_2017_sport_totals.csv,0,TRUE,Multifunctional Training,1,Multifunctional Training,Other Sports - Non-Code Signatories,Other Sports - Non-Code Signatories,1,0,0,0,0,1,0,1,1,TRUE,FALSE,TRUE,1457,317,1774,TRUE,111.1111111111111,1,0,1,0,0,245232,2749,11.20979317544203,3.669994128009395e-5,3.637686431429611e-4,1774,1774,1457,317,5.636978579481398e-4,111.1111111111111,111.1111111111111,0,7.233966203431852,15.359639233370912,1,5.269979166680458e-4,15.359639233370913,150,95,66,FALSE,FALSE,FALSE,NA,NA,TRUE,TRUE,FALSE
2017,Pole Sports,Pole Sports,Pole Sports,Other sports/disciplines - Non-Code Signatories,9,9,0,9,0,0,0,1,2017_anti-doping_testing_figures_en_0.pdf,wada_testing_2017_sport_totals.csv,0,TRUE,NA,NA,NA,NA,NA,0,0,0,0,0,0,0,0,NA,NA,NA,FALSE,1457,317,1774,TRUE,0,1,0,1,0,0,245232,2749,11.20979317544203,3.669994128009395e-5,0,1774,1774,1457,317,0,0,0,0,7.233966203431852,0,NA,-3.669994128009395e-5,0,150,119,92,FALSE,FALSE,FALSE,NA,NA,TRUE,TRUE,TRUE
2017,Traditional Martial Arts,Traditional Martial Arts,Traditional Martial Arts,Other sports/disciplines - Non-Code Signatories,9,9,0,9,0,0,0,1,2017_anti-doping_testing_figures_en_0.pdf,wada_testing_2017_sport_totals.csv,0,TRUE,NA,NA,NA,NA,NA,0,0,0,0,0,0,0,0,NA,NA,NA,FALSE,1457,317,1774,TRUE,0,1,0,1,0,0,245232,2749,11.20979317544203,3.669994128009395e-5,0,1774,1774,1457,317,0,0,0,0,7.233966203431852,0,NA,-3.669994128009395e-5,0,150,119,92,FALSE,FALSE,FALSE,NA,NA,TRUE,TRUE,TRUE
2017,Woodball,Woodball,Woodball,Other sports/disciplines - Non-Code Signatories,8,8,0,8,0,0,0,1,2017_anti-doping_testing_figures_en_0.pdf,wada_testing_2017_sport_totals.csv,0,TRUE,NA,NA,NA,NA,NA,0,0,0,0,0,0,0,0,NA,NA,NA,FALSE,1457,317,1774,TRUE,0,1,0,1,0,0,245232,2749,11.20979317544203,3.262217002675018e-5,0,1774,1774,1457,317,0,0,0,0,7.233966203431852,0,NA,-3.262217002675018e-5,0,154,119,92,FALSE,FALSE,FALSE,NA,NA,TRUE,TRUE,TRUE
2017,Chanbara,Chanbara,Chanbara,Other sports/disciplines - Non-Code Signatories,7,0,7,7,0,0,0,1,2017_anti-doping_testing_figures_en_0.pdf,wada_testing_2017_sport_totals.csv,0,TRUE,NA,NA,NA,NA,NA,0,0,0,0,0,0,0,0,NA,NA,NA,FALSE,1457,317,1774,TRUE,0,0,1,1,0,0,245232,2749,11.20979317544203,2.8544398773406406e-5,0,1774,1774,1457,317,0,0,0,0,7.233966203431852,0,NA,-2.8544398773406406e-5,0,155,119,92,FALSE,FALSE,FALSE,NA,NA,TRUE,TRUE,TRUE
2017,Cross training/Military cross training,Cross training/Military cross training,Cross training / Military cross,Other sports/disciplines - Non-Code Signatories,7,7,0,6,1,0,0,1,2017_anti-doping_testing_figures_en_0.pdf,wada_testing_2017_sport_totals.csv,0,TRUE,NA,NA,NA,NA,NA,0,0,0,0,0,0,0,0,NA,NA,NA,FALSE,1457,317,1774,TRUE,0,1,0,0.8571428571428571,0.14285714285714285,0,245232,2749,11.20979317544203,2.8544398773406406e-5,0,1774,1774,1457,317,0,0,0,0,7.233966203431852,0,NA,-2.8544398773406406e-5,0,155,119,92,FALSE,FALSE,FALSE,NA,NA,TRUE,TRUE,TRUE
2017,Para-DanceSport,Para-DanceSport,Para-DanceSport,Paralympic sports/disciplines,7,7,0,7,0,0,1,1,2017_anti-doping_testing_figures_en_0.pdf,wada_testing_2017_sport_totals.csv,0,TRUE,Para-DanceSport,1,Para-DanceSport,IPC,IPC,1,0,0,0,1,0,0,0,0,TRUE,FALSE,TRUE,1457,317,1774,TRUE,142.85714285714286,1,0,1,0,0,245232,2749,11.20979317544203,2.8544398773406406e-5,3.637686431429611e-4,1774,1774,1457,317,0,0,0,0,7.233966203431852,0,0,-2.8544398773406406e-5,0,155,95,92,FALSE,FALSE,FALSE,NA,NA,TRUE,TRUE,FALSE
2017,Broomball,Broomball,Broomball,Other sports/disciplines - Non-Code Signatories,6,6,0,6,0,0,2,1,2017_anti-doping_testing_figures_en_0.pdf,wada_testing_2017_sport_totals.csv,0,TRUE,Broomball,1,Broomball,Other Sports - Non-Code Signatories,Other Sports - Non-Code Signatories,2,1,0,0,0,1,0,1,0.5,TRUE,FALSE,TRUE,1457,317,1774,TRUE,333.3333333333333,1,0,1,0,0,245232,2749,11.20979317544203,2.4466627520062635e-5,7.275372862859222e-4,1774,1774,1457,317,5.636978579481398e-4,166.66666666666666,166.66666666666666,0,7.233966203431852,23.03945885005637,0.5,5.392312304280772e-4,23.03945885005637,158,79,66,FALSE,FALSE,FALSE,NA,NA,TRUE,TRUE,FALSE
2017,Longue Paume,Longue Paume,Longue Paume,Other sports/disciplines - Non-Code Signatories,6,6,0,6,0,0,3,1,2017_anti-doping_testing_figures_en_0.pdf,wada_testing_2017_sport_totals.csv,0,TRUE,Longue Paume,1,Longue Paume,Other Sports - Non-Code Signatories,Other Sports - Non-Code Signatories,3,0,0,0,0,3,0,3,1,TRUE,FALSE,TRUE,1457,317,1774,TRUE,500,1,0,1,0,0,245232,2749,11.20979317544203,2.4466627520062635e-5,0.0010913059294288831,1774,1774,1457,317,0.0016910935738444193,500,500,0,7.233966203431852,69.1183765501691,1,0.0016666269463243566,69.1183765501691,158,68,47,FALSE,FALSE,FALSE,NA,NA,TRUE,TRUE,FALSE
2017,Company Sports,Company Sports,Company Sports,Other sports/disciplines - Non-Code Signatories,4,0,4,4,0,0,0,1,2017_anti-doping_testing_figures_en_0.pdf,wada_testing_2017_sport_totals.csv,0,TRUE,NA,NA,NA,NA,NA,0,0,0,0,0,0,0,0,NA,NA,NA,FALSE,1457,317,1774,TRUE,0,0,1,1,0,0,245232,2749,11.20979317544203,1.631108501337509e-5,0,1774,1774,1457,317,0,0,0,0,7.233966203431852,0,NA,-1.631108501337509e-5,0,160,119,92,FALSE,FALSE,FALSE,NA,NA,TRUE,TRUE,TRUE
2017,Course Camarguaise,Course Camarguaise,Course Camarguaise,Other sports/disciplines - Non-Code Signatories,4,4,0,4,0,0,0,1,2017_anti-doping_testing_figures_en_0.pdf,wada_testing_2017_sport_totals.csv,0,TRUE,NA,NA,NA,NA,NA,0,0,0,0,0,0,0,0,NA,NA,NA,FALSE,1457,317,1774,TRUE,0,1,0,1,0,0,245232,2749,11.20979317544203,1.631108501337509e-5,0,1774,1774,1457,317,0,0,0,0,7.233966203431852,0,NA,-1.631108501337509e-5,0,160,119,92,FALSE,FALSE,FALSE,NA,NA,TRUE,TRUE,TRUE
2017,Rope Skipping,Rope Skipping,Rope Skipping,Other sports/disciplines - Non-Code Signatories,4,4,0,4,0,0,0,1,2017_anti-doping_testing_figures_en_0.pdf,wada_testing_2017_sport_totals.csv,0,TRUE,NA,NA,NA,NA,NA,0,0,0,0,0,0,0,0,NA,NA,NA,FALSE,1457,317,1774,TRUE,0,1,0,1,0,0,245232,2749,11.20979317544203,1.631108501337509e-5,0,1774,1774,1457,317,0,0,0,0,7.233966203431852,0,NA,-1.631108501337509e-5,0,160,119,92,FALSE,FALSE,FALSE,NA,NA,TRUE,TRUE,TRUE
2017,Skibob,Skibob,Skibob,Other sports/disciplines - Non-Code Signatories,4,4,0,4,0,0,0,1,2017_anti-doping_testing_figures_en_0.pdf,wada_testing_2017_sport_totals.csv,0,TRUE,NA,NA,NA,NA,NA,0,0,0,0,0,0,0,0,NA,NA,NA,FALSE,1457,317,1774,TRUE,0,1,0,1,0,0,245232,2749,11.20979317544203,1.631108501337509e-5,0,1774,1774,1457,317,0,0,0,0,7.233966203431852,0,NA,-1.631108501337509e-5,0,160,119,92,FALSE,FALSE,FALSE,NA,NA,TRUE,TRUE,TRUE
2017,Snowmobile,Snowmobile,Snowmobile,Other sports/disciplines - Non-Code Signatories,3,3,0,3,0,0,0,1,2017_anti-doping_testing_figures_en_0.pdf,wada_testing_2017_sport_totals.csv,0,TRUE,NA,NA,NA,NA,NA,0,0,0,0,0,0,0,0,NA,NA,NA,FALSE,1457,317,1774,TRUE,0,1,0,1,0,0,245232,2749,11.20979317544203,1.2233313760031318e-5,0,1774,1774,1457,317,0,0,0,0,7.233966203431852,0,NA,-1.2233313760031318e-5,0,164,119,92,FALSE,FALSE,FALSE,NA,NA,TRUE,TRUE,TRUE
2017,Crossbow,Crossbow,Crossbow,Other sports/disciplines - Non-Code Signatories,2,2,0,2,0,0,0,1,2017_anti-doping_testing_figures_en_0.pdf,wada_testing_2017_sport_totals.csv,0,TRUE,NA,NA,NA,NA,NA,0,0,0,0,0,0,0,0,NA,NA,NA,FALSE,1457,317,1774,TRUE,0,1,0,1,0,0,245232,2749,11.20979317544203,8.155542506687545e-6,0,1774,1774,1457,317,0,0,0,0,7.233966203431852,0,NA,-8.155542506687545e-6,0,165,119,92,FALSE,FALSE,FALSE,NA,NA,TRUE,TRUE,TRUE
2017,French Boxing,French Boxing,French Boxing,Other sports/disciplines - Non-Code Signatories,2,0,2,2,0,0,0,1,2017_anti-doping_testing_figures_en_0.pdf,wada_testing_2017_sport_totals.csv,0,TRUE,NA,NA,NA,NA,NA,0,0,0,0,0,0,0,0,NA,NA,NA,FALSE,1457,317,1774,TRUE,0,0,1,1,0,0,245232,2749,11.20979317544203,8.155542506687545e-6,0,1774,1774,1457,317,0,0,0,0,7.233966203431852,0,NA,-8.155542506687545e-6,0,165,119,92,FALSE,FALSE,FALSE,NA,NA,TRUE,TRUE,TRUE
2017,Kudo,Kudo,Kudo,Other sports/disciplines - Non-Code Signatories,2,2,0,2,0,0,0,1,2017_anti-doping_testing_figures_en_0.pdf,wada_testing_2017_sport_totals.csv,0,TRUE,NA,NA,NA,NA,NA,0,0,0,0,0,0,0,0,NA,NA,NA,FALSE,1457,317,1774,TRUE,0,1,0,1,0,0,245232,2749,11.20979317544203,8.155542506687545e-6,0,1774,1774,1457,317,0,0,0,0,7.233966203431852,0,NA,-8.155542506687545e-6,0,165,119,92,FALSE,FALSE,FALSE,NA,NA,TRUE,TRUE,TRUE
2017,Speleology,Speleology,Speleology,Other sports/disciplines - Non-Code Signatories,2,2,0,2,0,0,0,1,2017_anti-doping_testing_figures_en_0.pdf,wada_testing_2017_sport_totals.csv,0,TRUE,NA,NA,NA,NA,NA,0,0,0,0,0,0,0,0,NA,NA,NA,FALSE,1457,317,1774,TRUE,0,1,0,1,0,0,245232,2749,11.20979317544203,8.155542506687545e-6,0,1774,1774,1457,317,0,0,0,0,7.233966203431852,0,NA,-8.155542506687545e-6,0,165,119,92,FALSE,FALSE,FALSE,NA,NA,TRUE,TRUE,TRUE
2017,Tchoukball,Tchoukball,Tchoukball,Other sports/disciplines - Non-Code Signatories,2,2,0,2,0,0,0,1,2017_anti-doping_testing_figures_en_0.pdf,wada_testing_2017_sport_totals.csv,0,TRUE,NA,NA,NA,NA,NA,0,0,0,0,0,0,0,0,NA,NA,NA,FALSE,1457,317,1774,TRUE,0,1,0,1,0,0,245232,2749,11.20979317544203,8.155542506687545e-6,0,1774,1774,1457,317,0,0,0,0,7.233966203431852,0,NA,-8.155542506687545e-6,0,165,119,92,FALSE,FALSE,FALSE,NA,NA,TRUE,TRUE,TRUE
2017,Touch Football,Touch Football,Touch Football,Other sports/disciplines - Non-Code Signatories,1,1,0,1,0,0,0,1,2017_anti-doping_testing_figures_en_0.pdf,wada_testing_2017_sport_totals.csv,0,TRUE,NA,NA,NA,NA,NA,0,0,0,0,0,0,0,0,NA,NA,NA,FALSE,1457,317,1774,TRUE,0,1,0,1,0,0,245232,2749,11.20979317544203,4.0777712533437725e-6,0,1774,1774,1457,317,0,0,0,0,7.233966203431852,0,NA,-4.0777712533437725e-6,0,170,119,92,FALSE,FALSE,FALSE,NA,NA,TRUE,TRUE,TRUE
2018,Football,Football,Football,ASOIF Summer Olympic sports | Other sports/disciplines - Non-Code Signatories | Sports for Athletes with an Impairment,38731,25837,12894,35122,3609,0,127,3,2018_testing_figures_report.pdf,wada_testing_2018_sport_totals.csv,0,TRUE,Football,1,Football,ASOIF | Other Sports - Non-Code Signatories | Sports for Athletes with an Impairment,ASOIF | Other Sports - Non-Code Signatories | Sports for Athletes with an Impairment,127,17,27,4,27,52,4,56,0.409448818897638,TRUE,TRUE,TRUE,1640,267,1907,TRUE,3.279027135885983,0.6670883788180011,0.3329116211819989,0.9068188272959645,0.09318117270403553,0,263519,2771,10.51537080817702,0.14697611936900185,0.04583182966438109,1907,1907,1640,267,0.029365495542737284,1.4458702331465751,1.3425937879218197,0.10327644522475538,7.236669841643297,0.19979773359651407,0.4094488188976378,-0.11761062382626455,0.1997977335965141,1,6,9,TRUE,TRUE,TRUE,86,105,TRUE,TRUE,FALSE
2018,Athletics,Athletics,Athletics,ASOIF Summer Olympic sports | Other sports/disciplines - Non-Code Signatories | Paralympic sports/disciplines | Sports for Athletes with an Impairment,32717,17085,15632,29755,2962,0,249,4,2018_testing_figures_report.pdf,wada_testing_2018_sport_totals.csv,0,TRUE,Athletics,1,Athletics,ASOIF | Other Sports - Non-Code Signatories | Sports for Athletes with an Impairment,ASOIF | Other Sports - Non-Code Signatories | Sports for Athletes with an Impairment,249,19,29,8,36,157,36,193,0.630522088353414,TRUE,TRUE,TRUE,1640,267,1907,TRUE,7.610722254485435,0.52220558119632,0.47779441880368007,0.9094660268362014,0.09053397316379863,0,263519,2771,10.51537080817702,0.12415423555796735,0.08985925658607001,1907,1907,1640,267,0.10120608285264814,5.899073875966622,4.798728489775957,1.1003453861906654,7.236669841643297,0.8151641576931559,0.6305220883534136,-0.02294815270531922,0.815164157693156,2,3,3,TRUE,TRUE,TRUE,54,83,TRUE,TRUE,FALSE
2018,Cycling,Cycling,Cycling,ASOIF Summer Olympic sports | Other sports/disciplines - Non-Code Signatories | Sports for Athletes with an Impairment,26228,14787,11441,23240,2988,0,323,3,2018_testing_figures_report.pdf,wada_testing_2018_sport_totals.csv,0,TRUE,Cycling,1,Cycling,ASOIF | Sports for Athletes with an Impairment,ASOIF | Sports for Athletes with an Impairment,323,50,52,7,30,184,37,221,0.569659442724458,TRUE,TRUE,TRUE,1640,267,1907,TRUE,12.315083117279244,0.5637867927405826,0.4362132072594174,0.8860759493670886,0.11392405063291139,0,263519,2771,10.51537080817702,0.09952982517389639,0.1165644171779141,1907,1907,1640,267,0.11588883062401678,8.426109501296326,7.015403385694677,1.410706115601647,7.236669841643297,1.1643628472323577,0.5696594427244582,0.016359005450120395,1.1643628472323577,3,1,2,TRUE,TRUE,TRUE,44,60,TRUE,TRUE,FALSE
2018,Aquatics,Aquatics,Aquatics,ASOIF Summer Olympic sports | Other sports/disciplines - Non-Code Signatories | Sports for Athletes with an Impairment,14657,6636,8021,13308,1349,0,78,3,2018_testing_figures_report.pdf,wada_testing_2018_sport_totals.csv,0,TRUE,Aquatics,1,Aquatics,ASOIF | Sports for Athletes with an Impairment,ASOIF | Sports for Athletes with an Impairment,78,26,7,5,8,32,7,39,0.41025641025641,TRUE,TRUE,TRUE,1640,267,1907,TRUE,5.321689295217302,0.45275295080848743,0.5472470491915126,0.9079620659070751,0.09203793409292488,0,263519,2771,10.51537080817702,0.05562027785472774,0.028148682785997834,1907,1907,1640,267,0.02045097011012061,2.660844647608651,2.183257146755816,0.4775875008528348,7.236669841643297,0.3676891036671128,0.41025641025641024,-0.03516930774460714,0.3676891036671128,4,9,10,TRUE,TRUE,TRUE,78,93,TRUE,TRUE,FALSE
2018,Weightlifting,Weightlifting,Weightlifting,ASOIF Summer Olympic sports | Other sports/disciplines - Non-Code Signatories,13555,5677,7878,11517,2038,0,205,2,2018_testing_figures_report.pdf,wada_testing_2018_sport_totals.csv,0,TRUE,Weightlifting,1,Weightlifting,ASOIF,ASOIF,205,15,15,7,20,148,9,157,0.721951219512195,TRUE,TRUE,TRUE,1640,267,1907,TRUE,15.123570638140908,0.41881224640354114,0.5811877535964589,0.849649575802287,0.15035042419771302,0,263519,2771,10.51537080817702,0.05143841620528311,0.07398051245037893,1907,1907,1640,267,0.08232826428945988,11.582441903356695,10.918480265584655,0.6639616377720399,7.236669841643297,1.6005209795126654,0.7219512195121951,0.030889848084176774,1.6005209795126654,5,5,5,TRUE,TRUE,TRUE,37,48,TRUE,TRUE,FALSE
2018,Rugby Union,Rugby Union,Rugby Union,ASOIF Summer Olympic sports,8018,2955,5063,7187,831,0,61,1,2018_testing_figures_report.pdf,wada_testing_2018_sport_totals.csv,0,TRUE,Rugby Union,1,Rugby Union,ASOIF | Sports for Athletes with an Impairment,ASOIF | Sports for Athletes with an Impairment,63,5,8,1,4,45,12,57,0.714285714285714,TRUE,TRUE,TRUE,1640,267,1907,TRUE,7.6078822649039655,0.36854577201297084,0.6314542279870292,0.8963581940633575,0.10364180593664256,0,263519,2771,10.51537080817702,0.030426648552855772,0.02201371346084446,1907,1907,1640,267,0.029889879391714735,7.109004739336492,5.612372162634074,1.4966325767024196,7.236669841643297,0.982358584113903,0.7377049180327869,-5.367691611410375e-4,0.9823585841139031,6,11,7,TRUE,TRUE,TRUE,49,84,TRUE,TRUE,FALSE
2018,Tennis,Tennis,Tennis,ASOIF Summer Olympic sports | Other sports/disciplines - Non-Code Signatories | Sports for Athletes with an Impairment,7001,4386,2615,5917,1084,0,41,3,2018_testing_figures_report.pdf,wada_testing_2018_sport_totals.csv,0,TRUE,Tennis,1,Tennis,ASOIF | Sports for Athletes with an Impairment,ASOIF | Sports for Athletes with an Impairment,41,10,16,0,0,15,1,16,0.365853658536585,TRUE,TRUE,TRUE,1640,267,1907,TRUE,5.8563062419654335,0.6264819311526925,0.37351806884730754,0.8451649764319383,0.1548350235680617,0,263519,2771,10.51537080817702,0.026567344290165034,0.014796102490075786,1907,1907,1640,267,0.008390141583639224,2.2853878017426084,2.1425510641336953,0.14283673760891302,7.236669841643297,0.31580655905999494,0.36585365853658536,-0.01817720270652581,0.315806559059995,7,16,25,TRUE,TRUE,TRUE,82,89,TRUE,TRUE,FALSE
2018,Skiing,Skiing,Skiing,AIOWF Winter Olympic sports | Other sports/disciplines - Non-Code Signatories | Sports for Athletes with an Impairment,6935,2339,4596,5990,945,0,15,3,2018_testing_figures_report.pdf,wada_testing_2018_sport_totals.csv,0,TRUE,Skiing,1,Skiing,AIOWF,AIOWF,15,2,2,1,1,9,6,15,0.6,TRUE,TRUE,TRUE,1640,267,1907,TRUE,2.1629416005767843,0.3372746935832733,0.6627253064167268,0.8637346791636625,0.1362653208363374,0,263519,2771,10.51537080817702,0.026316887966332598,0.0054132082280765065,1907,1907,1640,267,0.007865757734661772,2.1629416005767843,1.2977649603460708,0.8651766402307137,7.236669841643297,0.29888631758908946,0.6,-0.018451130231670824,0.29888631758908946,8,30,27,TRUE,TRUE,TRUE,83,111,TRUE,TRUE,FALSE
2018,Basketball,Basketball,Basketball,ASOIF Summer Olympic sports | Other sports/disciplines - Non-Code Signatories | Sports for Athletes with an Impairment,6311,3771,2540,5988,323,0,49,3,2018_testing_figures_report.pdf,wada_testing_2018_sport_totals.csv,0,TRUE,Basketball,1,Basketball,ASOIF | Other Sports - Non-Code Signatories | Sports for Athletes with an Impairment,ASOIF | Other Sports - Non-Code Signatories | Sports for Athletes with an Impairment,49,12,4,1,4,28,4,32,0.571428571428571,TRUE,TRUE,TRUE,1640,267,1907,TRUE,7.764221201077484,0.5975281254951672,0.40247187450483285,0.9488195214704485,0.05118047852955158,0,263519,2771,10.51537080817702,0.023948937268280464,0.017683146878383255,1907,1907,1640,267,0.016780283167278448,5.070511804785295,4.436697829187134,0.6338139755981619,7.236669841643297,0.7006692188176278,0.5714285714285714,-0.007168654101002016,0.7006692188176279,9,15,12,TRUE,TRUE,TRUE,60,79,TRUE,TRUE,FALSE
2018,Wrestling,Wrestling,Wrestling,ASOIF Summer Olympic sports | Other sports/disciplines - Non-Code Signatories | Sports for Athletes with an Impairment,5905,3011,2894,5451,454,0,80,3,2018_testing_figures_report.pdf,wada_testing_2018_sport_totals.csv,0,TRUE,Wrestling,1,Wrestling,ASOIF | Other Sports - Non-Code Signatories,ASOIF | Other Sports - Non-Code Signatories,80,7,2,5,6,60,7,67,0.75,TRUE,TRUE,TRUE,1640,267,1907,TRUE,13.547840812870449,0.5099068585944115,0.49009314140558846,0.9231160033869602,0.0768839966130398,0,263519,2771,10.51537080817702,0.02240825139743244,0.028870443883074703,1907,1907,1640,267,0.03513371788148925,11.346316680779001,10.160880609652835,1.1854360711261642,7.236669841643297,1.5678919902476147,0.75,0.01272546648405681,1.567891990247615,10,8,6,TRUE,TRUE,TRUE,39,57,TRUE,TRUE,FALSE
2018,Triathlon,Triathlon,Triathlon,ASOIF Summer Olympic sports | Other sports/disciplines - Non-Code Signatories | Other sports/disciplines from Code Signatories | Sports for Athletes with an Impairment,5379,3022,2357,4804,575,0,52,4,2018_testing_figures_report.pdf,wada_testing_2018_sport_totals.csv,0,TRUE,Triathlon,1,Triathlon,ASOIF | Other Code Signatories,ASOIF | Other Code Signatories,52,11,3,6,2,30,1,31,0.576923076923077,TRUE,TRUE,TRUE,1640,267,1907,TRUE,9.667224391150771,0.5618144636549545,0.43818553634504553,0.8931028072132366,0.10689719278676334,0,263519,2771,10.51537080817702,0.020412190392343627,0.018765788523998555,1907,1907,1640,267,0.016255899318300997,5.763153002416806,5.577244841048522,0.18590816136828406,7.236669841643297,0.7963819171703589,0.5769230769230769,-0.004156291074042629,0.7963819171703589,11,13,13,TRUE,TRUE,TRUE,55,71,TRUE,TRUE,FALSE
2018,Judo,Judo,Judo,ASOIF Summer Olympic sports | Other sports/disciplines - Non-Code Signatories | Sports for Athletes with an Impairment,5308,2719,2589,5028,280,0,51,3,2018_testing_figures_report.pdf,wada_testing_2018_sport_totals.csv,0,TRUE,Judo,1,Judo,ASOIF | Sports for Athletes with an Impairment,ASOIF | Sports for Athletes with an Impairment,51,6,4,1,12,28,2,30,0.549019607843137,TRUE,TRUE,TRUE,1640,267,1907,TRUE,9.608138658628485,0.5122456669178599,0.48775433308214017,0.947249434815373,0.05275056518462698,0,263519,2771,10.51537080817702,0.02014276010458449,0.018404907975460124,1907,1907,1640,267,0.015731515469323543,5.651846269781462,5.275056518462698,0.37678975131876413,7.236669841643297,0.781000984355816,0.5490196078431373,-0.004411244635260946,0.7810009843558159,12,14,14,TRUE,TRUE,TRUE,56,74,TRUE,TRUE,FALSE
2018,Rowing,Rowing,Rowing,ASOIF Summer Olympic sports | Other sports/disciplines - Non-Code Signatories | Sports for Athletes with an Impairment,5089,1705,3384,4554,535,0,31,3,2018_testing_figures_report.pdf,wada_testing_2018_sport_totals.csv,0,TRUE,Rowing,1,Rowing,ASOIF | Sports for Athletes with an Impairment,ASOIF | Sports for Athletes with an Impairment,31,6,2,1,2,20,1,21,0.645161290322581,TRUE,TRUE,TRUE,1640,267,1907,TRUE,6.0915700530556105,0.33503635291805856,0.6649636470819414,0.8948712910198467,0.10512870898015327,0,263519,2771,10.51537080817702,0.01931170048459504,0.011187297004691447,1907,1907,1640,267,0.01101206082852648,4.126547455295736,3.930045195519749,0.19650225977598743,7.236669841643297,0.5702274037084829,0.6451612903225806,-0.008299639656068558,0.5702274037084829,13,21,20,TRUE,TRUE,TRUE,68,88,TRUE,TRUE,FALSE
2018,Canoe / Kayak,Canoe / Kayak,Canoe / Kayak,ASOIF Summer Olympic sports | Other sports/disciplines - Non-Code Signatories | Sports for Athletes with an Impairment,5085,1842,3243,4490,595,0,28,3,2018_testing_figures_report.pdf,wada_testing_2018_sport_totals.csv,0,TRUE,Canoe / Kayak,1,Canoe/Kayak,ASOIF | Sports for Athletes with an Impairment,ASOIF | Sports for Athletes with an Impairment,28,2,1,0,2,23,2,25,0.821428571428571,TRUE,TRUE,TRUE,1640,267,1907,TRUE,5.506391347099312,0.36224188790560474,0.6377581120943953,0.8829891838741396,0.11701081612586037,0,263519,2771,10.51537080817702,0.01929652131345368,0.010104655359076146,1907,1907,1640,267,0.013109596224436287,4.916420845624385,4.523107177974435,0.39331366764995085,7.236669841643297,0.6793761430614014,0.8214285714285714,-0.0061869250890173935,0.6793761430614013,14,22,16,TRUE,TRUE,TRUE,63,92,TRUE,TRUE,FALSE
2018,Boxing,Boxing,Boxing,ASOIF Summer Olympic sports | Other sports/disciplines - Non-Code Signatories,4919,2570,2349,4562,357,0,85,2,2018_testing_figures_report.pdf,wada_testing_2018_sport_totals.csv,0,TRUE,Boxing,1,Boxing,ASOIF | Other Sports - Non-Code Signatories,ASOIF | Other Sports - Non-Code Signatories,85,6,18,1,12,48,9,57,0.564705882352941,TRUE,TRUE,TRUE,1640,267,1907,TRUE,17.27993494612726,0.5224639154299654,0.47753608457003455,0.9274242732262655,0.0725757267737345,0,263519,2771,10.51537080817702,0.018666585711087248,0.03067484662576687,1907,1907,1640,267,0.029889879391714735,11.587721081520634,9.758080910754218,1.829640170766416,7.236669841643297,1.601250483314754,0.5647058823529412,0.011223293680627487,1.6012504833147538,15,7,7,TRUE,TRUE,TRUE,36,45,TRUE,TRUE,FALSE
2018,Skating,Skating,Skating,AIOWF Winter Olympic sports | Other sports/disciplines - Non-Code Signatories,4530,2145,2385,3957,573,0,10,2,2018_testing_figures_report.pdf,wada_testing_2018_sport_totals.csv,0,TRUE,Skating,1,Skating,AIOWF,AIOWF,10,2,1,1,0,6,3,9,0.6,TRUE,TRUE,TRUE,1640,267,1907,TRUE,2.207505518763797,0.4735099337748344,0.5264900662251656,0.8735099337748344,0.12649006622516556,0,263519,2771,10.51537080817702,0.017190411317590002,0.003608805485384338,1907,1907,1640,267,0.0047194546407970635,1.9867549668874172,1.3245033112582782,0.6622516556291391,7.236669841643297,0.2745399486728921,0.6,-0.01247095667679294,0.27453994867289216,16,41,32,TRUE,TRUE,TRUE,84,109,TRUE,TRUE,FALSE
2018,Volleyball,Volleyball,Volleyball,ASOIF Summer Olympic sports | Other sports/disciplines - Non-Code Signatories | Sports for Athletes with an Impairment,4377,2653,1724,4036,341,0,39,3,2018_testing_figures_report.pdf,wada_testing_2018_sport_totals.csv,0,TRUE,Volleyball,1,Volleyball,ASOIF | Other Sports - Non-Code Signatories,ASOIF | Other Sports - Non-Code Signatories,39,4,3,1,4,27,0,27,0.692307692307692,TRUE,FALSE,TRUE,1640,267,1907,TRUE,8.910212474297465,0.606122915238748,0.393877084761252,0.9220927575965273,0.0779072424034727,0,263519,2771,10.51537080817702,0.01660980802143299,0.014074341392998917,1907,1907,1640,267,0.01415836392239119,6.16860863605209,6.16860863605209,0,7.236669841643297,0.8524098474901997,0.6923076923076923,-0.0024514440990418013,0.8524098474901995,17,19,15,TRUE,TRUE,TRUE,51,77,TRUE,TRUE,FALSE
2018,Powerlifting,Powerlifting,Powerlifting,AIMS sports | Other sports/disciplines - Non-Code Signatories | Paralympic sports/disciplines | Sports for Athletes with an Impairment,4202,2381,1821,3842,360,0,221,4,2018_testing_figures_report.pdf,wada_testing_2018_sport_totals.csv,0,TRUE,Powerlifting,1,Powerlifting,AIMS | Other Sports - Non-Code Signatories | Sports for Athletes with an Impairment,AIMS | Other Sports - Non-Code Signatories | Sports for Athletes with an Impairment,221,9,35,2,27,148,16,164,0.669683257918552,TRUE,TRUE,TRUE,1640,267,1907,TRUE,52.59400285578296,0.5666349357448834,0.4333650642551166,0.91432651118515,0.08567348881485007,0,263519,2771,10.51537080817702,0.0159457192839985,0.07975460122699386,1907,1907,1640,267,0.08599895123230204,39.0290337934317,35.221323179438365,3.8077106139933363,7.236669841643297,5.393231230315327,0.669683257918552,0.07005323194830354,5.393231230315326,18,4,4,TRUE,TRUE,TRUE,7,12,TRUE,TRUE,FALSE
2018,Ice Hockey,Ice Hockey,Ice Hockey,AIOWF Winter Olympic sports | Other sports/disciplines - Non-Code Signatories,4145,1949,2196,3781,364,0,40,2,2018_testing_figures_report.pdf,wada_testing_2018_sport_totals.csv,0,TRUE,Ice Hockey,1,Ice Hockey,AIOWF | Other Sports - Non-Code Signatories,AIOWF | Other Sports - Non-Code Signatories,40,11,1,9,3,16,5,21,0.4,TRUE,TRUE,TRUE,1640,267,1907,TRUE,9.650180940892641,0.470205066344994,0.5297949336550061,0.9121833534378769,0.08781664656212304,0,263519,2771,10.51537080817702,0.01572941609523412,0.014435221941537351,1907,1907,1640,267,0.01101206082852648,5.066344993968637,3.860072376357057,1.2062726176115801,7.236669841643297,0.7000934276170012,0.4,-0.004717355266707638,0.7000934276170012,19,18,20,TRUE,TRUE,TRUE,61,72,TRUE,TRUE,FALSE
2018,Handball,Handball,Handball,ASOIF Summer Olympic sports | Other sports/disciplines - Non-Code Signatories | Sports for Athletes with an Impairment,3912,2157,1755,3741,171,0,41,3,2018_testing_figures_report.pdf,wada_testing_2018_sport_totals.csv,0,TRUE,Handball,1,Handball,ASOIF | Sports for Athletes with an Impairment,ASOIF | Sports for Athletes with an Impairment,41,4,1,0,3,33,1,34,0.804878048780488,TRUE,TRUE,TRUE,1640,267,1907,TRUE,10.480572597137014,0.5513803680981595,0.4486196319018405,0.9562883435582822,0.04371165644171779,0,263519,2771,10.51537080817702,0.01484522937624991,0.014796102490075786,1907,1907,1640,267,0.01782905086523335,8.691206543967281,8.43558282208589,0.2556237218813906,7.236669841643297,1.2009953105714284,0.8048780487804879,0.00298382148898344,1.2009953105714282,20,16,11,TRUE,TRUE,TRUE,43,66,TRUE,TRUE,FALSE
2018,Biathlon,Biathlon,Biathlon,AIOWF Winter Olympic sports | Other sports/disciplines - Non-Code Signatories,3142,931,2211,2328,814,0,5,2,2018_testing_figures_report.pdf,wada_testing_2018_sport_totals.csv,0,TRUE,Biathlon,1,Biathlon,AIOWF,AIOWF,5,4,0,0,0,1,1,2,0.2,TRUE,TRUE,TRUE,1640,267,1907,TRUE,1.591343093570974,0.29630808402291536,0.7036919159770847,0.7409293443666455,0.2590706556333546,0,263519,2771,10.51537080817702,0.011923238931538143,0.001804402742692169,1907,1907,1640,267,0.001048767697954903,0.6365372374283895,0.31826861871419476,0.31826861871419476,7.236669841643297,0.08795996658096056,0.2,-0.01087447123358324,0.08795996658096057,21,57,61,TRUE,TRUE,TRUE,89,112,TRUE,TRUE,FALSE
2018,Mixed Martial Arts,Mixed Martial Arts,Mixed Martial Arts,Other sports/disciplines - Non-Code Signatories,2843,474,2369,2701,142,0,63,1,2018_testing_figures_report.pdf,wada_testing_2018_sport_totals.csv,0,TRUE,Mixed Martial Arts,1,Mixed Martial Arts,Other Sports - Non-Code Signatories,Other Sports - Non-Code Signatories,63,5,50,0,4,4,3,7,0.0634920634920635,TRUE,TRUE,TRUE,1640,267,1907,TRUE,22.15969046781569,0.1667252901864228,0.8332747098135772,0.9500527611677805,0.049947238832219486,0,263519,2771,10.51537080817702,0.010788595888721497,0.02273547455792133,1907,1907,1640,267,0.0036706869428421605,2.4621878297572986,1.4069644741470277,1.055223355610271,7.236669841643297,0.3402376899369762,0.06349206349206349,-0.007117908945879337,0.3402376899369762,22,10,38,TRUE,TRUE,TRUE,81,40,TRUE,TRUE,FALSE
2018,Gymnastics,Gymnastics,Gymnastics,ASOIF Summer Olympic sports | Other sports/disciplines - Non-Code Signatories,2738,1155,1583,2556,182,0,9,2,2018_testing_figures_report.pdf,wada_testing_2018_sport_totals.csv,0,TRUE,Gymnastics,1,Gymnastics,ASOIF,ASOIF,9,3,0,0,0,6,2,8,0.666666666666667,TRUE,TRUE,TRUE,1640,267,1907,TRUE,3.287070854638422,0.4218407596785975,0.5781592403214025,0.9335281227173119,0.0664718772826881,0,263519,2771,10.51537080817702,0.010390142646260802,0.003247924936845904,1907,1907,1640,267,0.004195070791819612,2.9218407596785974,2.191380569758948,0.7304601899196493,7.236669841643297,0.4037548794702382,0.6666666666666666,-0.00619507185444119,0.40375487947023825,23,43,37,TRUE,TRUE,TRUE,74,104,TRUE,TRUE,FALSE
2018,Taekwondo,Taekwondo,Taekwondo | Taekwondo-AUT,ASOIF Summer Olympic sports | Other sports/disciplines from Code Signatories | Sports for Athletes with an Impairment | Other sports/disciplines - Non-Code Signatories,2663,1530,1133,2533,130,0,24,4,2018_testing_figures_report.pdf,wada_testing_2018_sport_totals.csv,0,TRUE,Taekwondo,1,Taekwondo | Taekwondo - AUT,ASOIF | Other Sports - Non-Code Signatories | Sports for Athletes with an Impairment,ASOIF | Other Sports - Non-Code Signatories | Sports for Athletes with an Impairment,24,1,0,0,2,21,1,22,0.875,TRUE,TRUE,TRUE,1640,267,1907,TRUE,9.0123920390537,0.5745399924896732,0.4254600075103267,0.9511828764551258,0.048817123544874205,0,263519,2771,10.51537080817702,0.010105533187360304,0.00866113316492241,1907,1907,1640,267,0.011536444677503933,8.261359369132558,7.8858430341719865,0.3755163349605708,7.236669841643297,1.1415968325088843,0.875,0.0014309114901436288,1.1415968325088843,24,25,19,TRUE,TRUE,TRUE,46,76,TRUE,TRUE,FALSE
2018,Badminton,Badminton,Badminton,ASOIF Summer Olympic sports | Other sports/disciplines - Non-Code Signatories | Sports for Athletes with an Impairment,2268,1080,1188,2004,264,0,5,3,2018_testing_figures_report.pdf,wada_testing_2018_sport_totals.csv,0,TRUE,Badminton,1,Badminton,ASOIF | Sports for Athletes with an Impairment,ASOIF | Sports for Athletes with an Impairment,5,3,0,1,0,1,0,1,0.2,TRUE,FALSE,TRUE,1640,267,1907,TRUE,2.204585537918871,0.47619047619047616,0.5238095238095238,0.8835978835978836,0.1164021164021164,0,263519,2771,10.51537080817702,0.008606590037151021,0.001804402742692169,1907,1907,1640,267,5.243838489774515e-4,0.4409171075837742,0.4409171075837742,0,7.236669841643297,0.06092817790947488,0.2,-0.008082206188173569,0.06092817790947489,25,57,72,TRUE,TRUE,TRUE,90,110,TRUE,TRUE,FALSE
2018,Para-Athletics,Para-Athletics,Para-Athletics,Paralympic sports/disciplines,2042,786,1256,1901,141,0,28,1,2018_testing_figures_report.pdf,wada_testing_2018_sport_totals.csv,0,TRUE,Para-Athletics,1,Para-Athletics,IPC,IPC,28,13,3,1,2,9,0,9,0.321428571428571,TRUE,FALSE,TRUE,1640,267,1907,TRUE,13.712047012732615,0.38491674828599415,0.6150832517140059,0.9309500489715965,0.06904995102840353,0,263519,2771,10.51537080817702,0.007748966867664191,0.010104655359076146,1907,1907,1640,267,0.0047194546407970635,4.407443682664055,4.407443682664055,0,7.236669841643297,0.6090430790833503,0.32142857142857145,-0.0030295122268671273,0.6090430790833503,26,22,32,TRUE,TRUE,TRUE,67,55,TRUE,TRUE,FALSE
2018,Shooting,Shooting,Shooting,ASOIF Summer Olympic sports | Other sports/disciplines - Non-Code Signatories | Paralympic sports/disciplines,1992,1473,519,1989,3,0,26,3,2018_testing_figures_report.pdf,wada_testing_2018_sport_totals.csv,0,TRUE,Shooting,1,Shooting,ASOIF,ASOIF,26,6,5,4,2,9,0,9,0.346153846153846,TRUE,FALSE,TRUE,1640,267,1907,TRUE,13.052208835341364,0.7394578313253012,0.2605421686746988,0.9984939759036144,0.0015060240963855422,0,263519,2771,10.51537080817702,0.0075592272283971935,0.009382894261999277,1907,1907,1640,267,0.0047194546407970635,4.518072289156627,4.518072289156627,0,7.236669841643297,0.6243303049639565,0.34615384615384615,-0.00283977258760013,0.6243303049639565,27,24,32,TRUE,TRUE,TRUE,66,58,TRUE,TRUE,FALSE
2018,Field Hockey,Field Hockey,Field Hockey,ASOIF Summer Olympic sports | Other sports/disciplines - Non-Code Signatories | Sports for Athletes with an Impairment,1901,801,1100,1803,98,0,19,3,2018_testing_figures_report.pdf,wada_testing_2018_sport_totals.csv,0,TRUE,Field Hockey,1,Field Hockey,ASOIF | Sports for Athletes with an Impairment,ASOIF | Sports for Athletes with an Impairment,19,2,0,12,0,5,0,5,0.263157894736842,TRUE,FALSE,TRUE,1640,267,1907,TRUE,9.994739610731195,0.4213571804313519,0.578642819568648,0.9484481851657023,0.051551814834297736,0,263519,2771,10.51537080817702,0.007213901084931257,0.006856730422230242,1907,1907,1640,267,0.0026219192448872575,2.6301946344029457,2.6301946344029457,0,7.236669841643297,0.36345372829744615,0.2631578947368421,-0.004591981840044,0.3634537282974462,28,29,44,TRUE,TRUE,TRUE,79,68,TRUE,TRUE,FALSE
2018,Fencing,Fencing,Fencing,ASOIF Summer Olympic sports | Sports for Athletes with an Impairment,1817,934,883,1745,72,0,6,2,2018_testing_figures_report.pdf,wada_testing_2018_sport_totals.csv,0,TRUE,Fencing,1,Fencing,ASOIF | Sports for Athletes with an Impairment,ASOIF | Sports for Athletes with an Impairment,6,1,0,2,0,3,2,5,0.5,TRUE,TRUE,TRUE,1640,267,1907,TRUE,3.3021463951568517,0.5140341221794166,0.48596587782058337,0.9603742432581178,0.03962575674188222,0,263519,2771,10.51537080817702,0.006895138490962701,0.0021652832912306026,1907,1907,1640,267,0.0026219192448872575,2.75178866263071,1.6510731975784259,1.100715465052284,7.236669841643297,0.38025621215929845,0.5,-0.004273219246075444,0.3802562121592984,29,53,44,TRUE,TRUE,TRUE,76,103,TRUE,TRUE,FALSE
2018,Rugby League,Rugby League,Rugby League,Other sports/disciplines from Code Signatories,1770,413,1357,1585,185,0,10,1,2018_testing_figures_report.pdf,wada_testing_2018_sport_totals.csv,0,TRUE,Rugby League,1,Rugby League,Other Code Signatories,Other Code Signatories,10,1,1,0,1,7,12,19,0.7,TRUE,TRUE,TRUE,1640,267,1907,TRUE,5.649717514124294,0.23333333333333334,0.7666666666666667,0.8954802259887006,0.10451977401129943,0,263519,2771,10.51537080817702,0.006716783230051723,0.003608805485384338,1907,1907,1640,267,0.009963293130571578,10.734463276836157,3.9548022598870056,6.779661016949152,7.236669841643297,1.4833429618503342,0.7,0.0032465099005198547,1.4833429618503342,30,41,22,TRUE,TRUE,TRUE,41,91,TRUE,TRUE,FALSE
2018,Bodybuilding,Bodybuilding,Bodybuilding,AIMS sports | Other sports/disciplines - Non-Code Signatories,1525,977,548,1404,121,0,260,2,2018_testing_figures_report.pdf,wada_testing_2018_sport_totals.csv,0,TRUE,Bodybuilding,1,Bodybuilding,AIMS | Other Sports - Non-Code Signatories,AIMS | Other Sports - Non-Code Signatories,260,1,31,1,32,195,66,261,0.75,TRUE,TRUE,TRUE,1640,267,1907,TRUE,170.4918032786885,0.640655737704918,0.359344262295082,0.920655737704918,0.07934426229508197,0,263519,2771,10.51537080817702,0.0057870589976434334,0.09382894261999278,1907,1907,1640,267,0.13686418458311483,171.14754098360655,127.86885245901638,43.278688524590166,7.236669841643297,23.65004134895596,0.75,0.1310771255854714,23.65004134895596,31,2,1,TRUE,TRUE,TRUE,2,5,TRUE,TRUE,FALSE
2018,Cricket,Cricket,Cricket,ARISF recognized sports | Other sports/disciplines - Non-Code Signatories,1485,762,723,1362,123,0,6,2,2018_testing_figures_report.pdf,wada_testing_2018_sport_totals.csv,0,TRUE,Cricket,1,Cricket,ARISF,ARISF,6,0,1,0,2,3,1,4,0.5,TRUE,TRUE,TRUE,1640,267,1907,TRUE,4.040404040404041,0.5131313131313131,0.4868686868686869,0.9171717171717172,0.08282828282828283,0,263519,2771,10.51537080817702,0.005635267286229835,0.0021652832912306026,1907,1907,1640,267,0.002097535395909806,2.6936026936026938,2.0202020202020203,0.6734006734006734,7.236669841643297,0.3722157777742466,0.5,-0.003537731890320029,0.3722157777742466,32,53,48,TRUE,TRUE,TRUE,77,99,TRUE,TRUE,FALSE
2018,Bobsleigh,Bobsleigh,Bobsleigh,AIOWF Winter Olympic sports | Sports for Athletes with an Impairment,1470,430,1040,1249,221,0,11,2,2018_testing_figures_report.pdf,wada_testing_2018_sport_totals.csv,0,TRUE,Bobsleigh,1,Bobsleigh,AIOWF,AIOWF,11,3,2,0,0,6,0,6,0.545454545454545,TRUE,FALSE,TRUE,1640,267,1907,TRUE,7.482993197278911,0.2925170068027211,0.7074829931972789,0.8496598639455782,0.15034013605442176,0,263519,2771,10.51537080817702,0.005578345394449736,0.003969686033922772,1907,1907,1640,267,0.003146303093864709,4.081632653061225,4.081632653061225,0,7.236669841643297,0.5640208469334247,0.5454545454545454,-0.002432042300585027,0.5640208469334247,33,37,40,TRUE,TRUE,TRUE,69,85,TRUE,TRUE,FALSE
2018,Baseball / Softball,Baseball / Softball,Baseball / Softball,ARISF recognized sports,1395,791,604,1349,46,0,15,1,2018_testing_figures_report.pdf,wada_testing_2018_sport_totals.csv,0,TRUE,Softball,1,Softball,ARISF,ARISF,1,0,0,0,0,1,0,1,1,TRUE,FALSE,TRUE,1640,267,1907,TRUE,10.752688172043012,0.5670250896057347,0.4329749103942652,0.9670250896057347,0.032974910394265235,0,263519,2771,10.51537080817702,0.00529373593554924,0.0054132082280765065,1907,1907,1640,267,5.243838489774515e-4,0.7168458781362007,0.7168458781362007,0,7.236669841643297,0.09905742473024304,0.06666666666666667,-0.004769352086571788,0.09905742473024304,34,30,72,TRUE,TRUE,TRUE,88,64,TRUE,TRUE,FALSE
2018,Karate,Karate,Karate,ARISF recognized sports | Other sports/disciplines - Non-Code Signatories | Other sports/disciplines from Code Signatories,1316,637,679,1263,53,0,7,3,2018_testing_figures_report.pdf,wada_testing_2018_sport_totals.csv,0,TRUE,Karate,1,Karate,ARISF,ARISF,7,0,0,0,0,7,0,7,1,TRUE,FALSE,TRUE,1640,267,1907,TRUE,5.319148936170213,0.48404255319148937,0.5159574468085106,0.959726443768997,0.04027355623100304,0,263519,2771,10.51537080817702,0.004993947305507383,0.0025261638397690365,1907,1907,1640,267,0.0036706869428421605,5.319148936170213,5.319148936170213,0,7.236669841643297,0.7350271675462182,1,-0.0013232603626652222,0.7350271675462183,35,48,38,TRUE,TRUE,TRUE,57,94,TRUE,TRUE,FALSE
2018,Archery,Archery,Archery,ASOIF Summer Olympic sports | Other sports/disciplines - Non-Code Signatories | Sports for Athletes with an Impairment,1261,750,511,1258,3,0,11,3,2018_testing_figures_report.pdf,wada_testing_2018_sport_totals.csv,0,TRUE,Archery,1,Archery,ASOIF | Sports for Athletes with an Impairment,ASOIF | Sports for Athletes with an Impairment,11,5,1,1,0,4,0,4,0.363636363636364,TRUE,FALSE,TRUE,1640,267,1907,TRUE,8.72323552735924,0.5947660586835845,0.40523394131641555,0.9976209357652657,0.0023790642347343376,0,263519,2771,10.51537080817702,0.004785233702313685,0.003969686033922772,1907,1907,1640,267,0.002097535395909806,3.1720856463124503,3.1720856463124503,0,7.236669841643297,0.43833499603073445,0.36363636363636365,-0.0026876983064038793,0.43833499603073445,36,37,48,TRUE,TRUE,TRUE,73,78,TRUE,TRUE,FALSE
2018,American Football,American Football,American Football,ARISF recognized sports | Other sports/disciplines - Non-Code Signatories,1233,643,590,1152,81,0,61,2,2018_testing_figures_report.pdf,wada_testing_2018_sport_totals.csv,0,TRUE,American Football,1,American Football,ARISF | Other Sports - Non-Code Signatories,ARISF | Other Sports - Non-Code Signatories,61,6,16,6,10,23,0,23,0.377049180327869,TRUE,FALSE,TRUE,1640,267,1907,TRUE,49.4728304947283,0.5214922952149229,0.47850770478507704,0.9343065693430657,0.06569343065693431,0,263519,2771,10.51537080817702,0.004678979504324166,0.02201371346084446,1907,1907,1640,267,0.012060828526481384,18.653690186536902,18.653690186536902,0,7.236669841643297,2.5776621836738425,0.3770491803278688,0.007381849022157217,2.5776621836738425,37,11,17,TRUE,TRUE,TRUE,30,14,TRUE,TRUE,FALSE
2018,Para-Swimming,Para-Swimming,Para-Swimming,Paralympic sports/disciplines,1177,523,654,1116,61,0,14,1,2018_testing_figures_report.pdf,wada_testing_2018_sport_totals.csv,0,TRUE,Para-Swimming,1,Para-Swimming,IPC,IPC,14,8,2,0,0,4,0,4,0.285714285714286,TRUE,FALSE,TRUE,1640,267,1907,TRUE,11.894647408666101,0.4443500424808836,0.5556499575191164,0.9481733220050977,0.051826677994902294,0,263519,2771,10.51537080817702,0.0044664711083451285,0.005052327679538073,1907,1907,1640,267,0.002097535395909806,3.3984706881903146,3.3984706881903146,0,7.236669841643297,0.4696180373787223,0.2857142857142857,-0.0023689357124353225,0.4696180373787224,38,33,48,TRUE,TRUE,TRUE,71,61,TRUE,TRUE,FALSE
2018,Table Tennis,Table Tennis,Table Tennis,ASOIF Summer Olympic sports | Other sports/disciplines - Non-Code Signatories | Sports for Athletes with an Impairment,1173,564,609,1112,61,0,5,3,2018_testing_figures_report.pdf,wada_testing_2018_sport_totals.csv,0,TRUE,Table Tennis,1,Table Tennis,ASOIF | Sports for Athletes with an Impairment,ASOIF | Sports for Athletes with an Impairment,5,0,0,2,0,3,0,3,0.6,TRUE,FALSE,TRUE,1640,267,1907,TRUE,4.262574595055414,0.48081841432225064,0.5191815856777494,0.947996589940324,0.05200341005967604,0,263519,2771,10.51537080817702,0.004451291937203769,0.001804402742692169,1907,1907,1640,267,0.0015731515469323545,2.557544757033248,2.557544757033248,0,7.236669841643297,0.35341459718334794,0.6,-0.0028781403902714145,0.35341459718334794,39,57,54,TRUE,TRUE,TRUE,80,98,TRUE,TRUE,FALSE
2018,Modern Pentathlon,Modern Pentathlon,Modern Pentathlon,ASOIF Summer Olympic sports | Other sports/disciplines - Non-Code Signatories,867,401,466,822,45,0,2,2,2018_testing_figures_report.pdf,wada_testing_2018_sport_totals.csv,0,TRUE,Modern Pentathlon,1,Modern Pentathlon,ASOIF,ASOIF,2,1,0,0,0,1,0,1,0.5,TRUE,FALSE,TRUE,1640,267,1907,TRUE,2.306805074971165,0.46251441753171857,0.5374855824682814,0.9480968858131488,0.05190311418685121,0,263519,2771,10.51537080817702,0.003290085344889742,7.217610970768675e-4,1907,1907,1640,267,5.243838489774515e-4,1.1534025374855825,1.1534025374855825,0,7.236669841643297,0.15938305363170593,0.5,-0.0027657014959122906,0.15938305363170593,40,73,72,TRUE,TRUE,FALSE,87,108,TRUE,TRUE,FALSE
2018,Para-Powerlifting,Para-Powerlifting,Para-Powerlifting,Paralympic sports/disciplines,807,454,353,735,72,0,20,1,2018_testing_figures_report.pdf,wada_testing_2018_sport_totals.csv,0,TRUE,Para-Powerlifting,1,Para-Powerlifting,IPC,IPC,20,1,0,0,4,15,1,16,0.75,TRUE,TRUE,TRUE,1640,267,1907,TRUE,24.783147459727388,0.5625774473358116,0.43742255266418834,0.9107806691449815,0.08921933085501858,0,263519,2771,10.51537080817702,0.0030623977777693447,0.007217610970768676,1907,1907,1640,267,0.008390141583639224,19.826517967781907,18.58736059479554,1.2391573729863692,7.236669841643297,2.7397295167026323,0.75,0.005327743805869879,2.7397295167026328,41,27,25,TRUE,TRUE,FALSE,28,33,TRUE,TRUE,FALSE
2018,Roller Sports,Roller Sports,Roller | Roller Sports,ARISF recognized sports | Other sports/disciplines - Non-Code Signatories,807,597,210,744,63,0,9,2,2018_testing_figures_report.pdf,wada_testing_2018_sport_totals.csv,0,TRUE,Roller Sports,1,Roller Sports,ARISF,ARISF,9,3,0,1,2,3,1,4,0.333333333333333,TRUE,TRUE,TRUE,1640,267,1907,TRUE,11.152416356877323,0.7397769516728625,0.26022304832713755,0.9219330855018587,0.07806691449814127,0,263519,2771,10.51537080817702,0.0030623977777693447,0.003247924936845904,1907,1907,1640,267,0.002097535395909806,4.956629491945477,3.717472118959108,1.2391573729863692,7.236669841643297,0.6849323791756581,0.3333333333333333,-9.648623818595387e-4,0.6849323791756582,41,43,48,TRUE,TRUE,FALSE,62,63,TRUE,TRUE,FALSE
2018,Equestrian,Equestrian,Equestrian,ASOIF Summer Olympic sports | Sports for Athletes with an Impairment,757,446,311,745,12,0,15,2,2018_testing_figures_report.pdf,wada_testing_2018_sport_totals.csv,0,TRUE,Equestrian,1,Equestrian,ASOIF | Sports for Athletes with an Impairment,ASOIF | Sports for Athletes with an Impairment,15,5,2,1,3,4,0,4,0.266666666666667,TRUE,FALSE,TRUE,1640,267,1907,TRUE,19.815059445178335,0.5891677675033025,0.4108322324966975,0.9841479524438573,0.015852047556142668,0,263519,2771,10.51537080817702,0.002872658138502347,0.0054132082280765065,1907,1907,1640,267,0.002097535395909806,5.284015852047556,5.284015852047556,0,7.236669841643297,0.7301722985399685,0.26666666666666666,-7.751227425925409e-4,0.7301722985399686,43,30,48,TRUE,TRUE,FALSE,58,43,TRUE,TRUE,FALSE
2018,Kickboxing,Kickboxing,Kickboxing,AIMS sports | Other sports/disciplines - Non-Code Signatories,725,480,245,694,31,0,33,2,2018_testing_figures_report.pdf,wada_testing_2018_sport_totals.csv,0,TRUE,Kickboxing,1,Kickboxing,AIMS,AIMS,33,0,4,0,7,22,1,23,0.666666666666667,TRUE,TRUE,TRUE,1640,267,1907,TRUE,45.51724137931035,0.6620689655172414,0.33793103448275863,0.9572413793103448,0.04275862068965517,0,263519,2771,10.51537080817702,0.0027512247693714685,0.011909058101768314,1907,1907,1640,267,0.012060828526481384,31.724137931034484,30.344827586206897,1.379310344827586,7.236669841643297,4.383803410303239,0.6666666666666666,0.009309603757109916,4.383803410303238,44,20,17,TRUE,TRUE,FALSE,13,16,TRUE,TRUE,FALSE
2018,Sailing,Sailing,Sailing,ASOIF Summer Olympic sports | Other sports/disciplines - Non-Code Signatories | Sports for Athletes with an Impairment,721,303,418,691,30,0,5,3,2018_testing_figures_report.pdf,wada_testing_2018_sport_totals.csv,0,TRUE,Sailing,1,Sailing,ASOIF | Sports for Athletes with an Impairment,ASOIF | Sports for Athletes with an Impairment,5,3,0,1,0,1,1,2,0.2,TRUE,TRUE,TRUE,1640,267,1907,TRUE,6.934812760055479,0.420249653259362,0.579750346740638,0.9583911234396671,0.04160887656033287,0,263519,2771,10.51537080817702,0.0027360455982301086,0.001804402742692169,1907,1907,1640,267,0.001048767697954903,2.7739251040221915,1.3869625520110958,1.3869625520110958,7.236669841643297,0.3833151386926187,0.2,-0.0016872779002752056,0.38331513869261874,45,57,61,TRUE,TRUE,FALSE,75,86,TRUE,TRUE,FALSE
2018,Golf,Golf,Golf,ASOIF Summer Olympic sports | Other sports/disciplines - Non-Code Signatories,655,485,170,633,22,0,5,2,2018_testing_figures_report.pdf,wada_testing_2018_sport_totals.csv,0,TRUE,Golf,1,Golf,ASOIF,ASOIF,5,1,1,0,0,3,1,4,0.6,TRUE,TRUE,TRUE,1640,267,1907,TRUE,7.633587786259541,0.7404580152671756,0.2595419847328244,0.966412213740458,0.03358778625954199,0,263519,2771,10.51537080817702,0.0024855892743976715,0.001804402742692169,1907,1907,1640,267,0.002097535395909806,6.106870229007633,4.580152671755726,1.5267175572519083,7.236669841643297,0.8438785190759636,0.6,-3.8805387848786553e-4,0.8438785190759636,46,57,48,TRUE,TRUE,FALSE,52,81,TRUE,TRUE,FALSE
2018,Underwater Sports,Underwater Sports,Underwater Sports,ARISF recognized sports,631,468,163,616,15,0,9,1,2018_testing_figures_report.pdf,wada_testing_2018_sport_totals.csv,0,TRUE,Underwater Sports,1,Underwater Sports,ARISF,ARISF,9,0,0,0,1,8,1,9,0.888888888888889,TRUE,TRUE,TRUE,1640,267,1907,TRUE,14.263074484944534,0.7416798732171157,0.2583201267828843,0.9762282091917591,0.02377179080824089,0,263519,2771,10.51537080817702,0.0023945142475495125,0.003247924936845904,1907,1907,1640,267,0.0047194546407970635,14.263074484944534,12.678288431061807,1.5847860538827259,7.236669841643297,1.9709444809638692,0.8888888888888888,0.002324940393247551,1.9709444809638692,47,43,32,TRUE,TRUE,FALSE,34,50,TRUE,TRUE,FALSE
2018,Luge,Luge,Luge,AIOWF Winter Olympic sports | Sports for Athletes with an Impairment,579,158,421,538,41,0,3,2,2018_testing_figures_report.pdf,wada_testing_2018_sport_totals.csv,0,TRUE,Luge,1,Luge,AIOWF,AIOWF,3,3,0,0,0,0,0,0,0,TRUE,FALSE,TRUE,1640,267,1907,TRUE,5.181347150259067,0.27288428324697755,0.7271157167530224,0.9291882556131261,0.07081174438687392,0,263519,2771,10.51537080817702,0.002197185022711835,0.0010826416456153013,1907,1907,1640,267,0,0,0,0,7.236669841643297,0,0,-0.002197185022711835,0,48,67,91,TRUE,TRUE,FALSE,91,95,TRUE,TRUE,FALSE
2018,Sport Climbing,Sport Climbing,Sport Climbing,ARISF recognized sports | Other sports/disciplines - Non-Code Signatories | Sports for Athletes with an Impairment,523,318,205,496,27,0,3,3,2018_testing_figures_report.pdf,wada_testing_2018_sport_totals.csv,0,TRUE,Sport Climbing,1,Sport Climbing,ARISF | Sports for Athletes with an Impairment,ARISF | Sports for Athletes with an Impairment,3,0,1,1,1,0,0,0,0,TRUE,FALSE,TRUE,1640,267,1907,TRUE,5.736137667304016,0.6080305927342257,0.3919694072657744,0.9483747609942639,0.05162523900573614,0,263519,2771,10.51537080817702,0.001984676626732797,0.0010826416456153013,1907,1907,1640,267,0,0,0,0,7.236669841643297,0,0,-0.001984676626732797,0,49,67,91,TRUE,TRUE,FALSE,91,90,TRUE,TRUE,FALSE
2018,Para-Cross Country Skiing,Para-Cross Country Skiing,Para-Cross Country Skiing,Paralympic sports/disciplines,514,171,343,434,80,0,2,1,2018_testing_figures_report.pdf,wada_testing_2018_sport_totals.csv,0,TRUE,Para-Cross Country Skiing,1,Para-Cross Country Skiing,IPC,IPC,2,0,1,0,0,1,0,1,0.5,TRUE,FALSE,TRUE,1640,267,1907,TRUE,3.8910505836575875,0.3326848249027237,0.6673151750972762,0.8443579766536965,0.1556420233463035,0,263519,2771,10.51537080817702,0.0019505234916647376,7.217610970768675e-4,1907,1907,1640,267,5.243838489774515e-4,1.9455252918287937,1.9455252918287937,0,7.236669841643297,0.2688426215927802,0.5,-0.001426139642687286,0.2688426215927803,50,73,72,TRUE,TRUE,FALSE,85,100,TRUE,TRUE,FALSE
2018,Motorcycling,Motorcycling,Motorcycling,ARISF recognized sports,510,452,58,495,15,0,14,1,2018_testing_figures_report.pdf,wada_testing_2018_sport_totals.csv,0,TRUE,Motorcycle Racing,1,Motorcycle Racing,ARISF,ARISF,14,0,0,0,1,13,1,14,0.928571428571429,TRUE,TRUE,TRUE,1640,267,1907,TRUE,27.45098039215686,0.8862745098039215,0.11372549019607843,0.9705882352941176,0.029411764705882353,0,263519,2771,10.51537080817702,0.0019353443205233779,0.005052327679538073,1907,1907,1640,267,0.007341373885684321,27.45098039215686,25.49019607843137,1.9607843137254901,7.236669841643297,3.7933166764346007,0.9285714285714286,0.005406029565160943,3.793316676434601,51,33,28,TRUE,TRUE,FALSE,15,28,TRUE,TRUE,FALSE
2018,Curling,Curling,Curling,AIOWF Winter Olympic sports | Sports for Athletes with an Impairment,508,250,258,508,0,0,7,2,2018_testing_figures_report.pdf,wada_testing_2018_sport_totals.csv,0,TRUE,Curling,1,Curling,AIOWF | Sports for Athletes with an Impairment,AIOWF | Sports for Athletes with an Impairment,7,4,1,0,0,2,0,2,0.285714285714286,TRUE,FALSE,TRUE,1640,267,1907,TRUE,13.779527559055119,0.4921259842519685,0.5078740157480315,1,0,0,263519,2771,10.51537080817702,0.001927754734952698,0.0025261638397690365,1907,1907,1640,267,0.001048767697954903,3.937007874015748,3.937007874015748,0,7.236669841643297,0.5440358562940514,0.2857142857142857,-8.789870369977949e-4,0.5440358562940514,52,48,61,TRUE,TRUE,FALSE,70,54,TRUE,TRUE,FALSE
2018,Muaythai,Muaythai,Muaythai,ARISF recognized sports,506,338,168,485,21,0,20,1,2018_testing_figures_report.pdf,wada_testing_2018_sport_totals.csv,0,TRUE,Muaythai,1,Muaythai,ARISF,ARISF,20,0,0,0,3,17,2,19,0.85,TRUE,TRUE,TRUE,1640,267,1907,TRUE,39.52569169960474,0.6679841897233202,0.33201581027667987,0.958498023715415,0.041501976284584984,0,263519,2771,10.51537080817702,0.001920165149382018,0.007217610970768676,1907,1907,1640,267,0.009963293130571578,37.54940711462451,33.59683794466403,3.952569169960474,7.236669841643297,5.1887688586464265,0.85,0.008043127981189559,5.1887688586464265,53,27,22,TRUE,TRUE,FALSE,8,20,TRUE,TRUE,FALSE
2018,Baseball,Baseball,Baseball,Other sports/disciplines - Non-Code Signatories,503,387,116,476,27,0,7,1,2018_testing_figures_report.pdf,wada_testing_2018_sport_totals.csv,0,TRUE,Baseball,1,Baseball,ARISF | Other Sports - Non-Code Signatories,ARISF | Other Sports - Non-Code Signatories,21,1,11,1,6,2,1,3,0.0952380952380952,TRUE,TRUE,TRUE,1640,267,1907,TRUE,13.916500994035786,0.7693836978131213,0.23061630218687873,0.9463220675944334,0.0536779324055666,0,263519,2771,10.51537080817702,0.0019087807710259982,0.0025261638397690365,1907,1907,1640,267,0.0015731515469323545,5.964214711729622,3.976143141153081,1.9880715705765406,7.236669841643297,0.8241656510856205,0.2857142857142857,-3.3562922409364365e-4,0.8241656510856206,54,48,54,TRUE,TRUE,FALSE,53,51,TRUE,TRUE,FALSE
2018,Wushu,Wushu,Wushu,ARISF recognized sports | Other sports/disciplines - Non-Code Signatories,473,259,214,463,10,0,12,2,2018_testing_figures_report.pdf,wada_testing_2018_sport_totals.csv,0,TRUE,Wushu,1,Wushu,ARISF,ARISF,12,0,0,1,1,10,0,10,0.833333333333333,TRUE,FALSE,TRUE,1640,267,1907,TRUE,25.36997885835095,0.547568710359408,0.452431289640592,0.9788583509513742,0.021141649048625793,0,263519,2771,10.51537080817702,0.0017949369874657995,0.004330566582461205,1907,1907,1640,267,0.005243838489774515,21.141649048625794,21.141649048625794,0,7.236669841643297,2.921461046483912,0.8333333333333334,0.0034489015023087153,2.921461046483912,55,36,31,TRUE,FALSE,FALSE,26,32,TRUE,TRUE,FALSE
2018,Australian Rules Football,Australian Rules Football,Australian Rules,Other sports/disciplines - Non-Code Signatories,431,133,298,428,3,0,2,1,2018_testing_figures_report.pdf,wada_testing_2018_sport_totals.csv,0,TRUE,Australian Rules Football,1,Australian Rules Football,Other Sports - Non-Code Signatories,Other Sports - Non-Code Signatories,2,0,0,0,0,2,0,2,1,TRUE,FALSE,TRUE,1640,267,1907,TRUE,4.640371229698376,0.308584686774942,0.691415313225058,0.9930394431554525,0.0069605568445475635,0,263519,2771,10.51537080817702,0.0016355556904815213,7.217610970768675e-4,1907,1907,1640,267,0.001048767697954903,4.640371229698376,4.640371229698376,0,7.236669841643297,0.6412301972096939,1,-5.867879925266183e-4,0.6412301972096939,56,73,61,TRUE,FALSE,FALSE,65,97,TRUE,TRUE,FALSE
2018,Para-Alpine Skiing,Para-Alpine Skiing,Para-Alpine Skiing,Paralympic sports/disciplines,404,123,281,376,28,0,9,1,2018_testing_figures_report.pdf,wada_testing_2018_sport_totals.csv,0,TRUE,Para-Alpine Skiing,1,Para-Alpine Skiing,IPC,IPC,9,1,3,0,2,3,0,3,0.333333333333333,TRUE,FALSE,TRUE,1640,267,1907,TRUE,22.277227722772277,0.30445544554455445,0.6955445544554455,0.9306930693069307,0.06930693069306931,0,263519,2771,10.51537080817702,0.0015330962852773424,0.003247924936845904,1907,1907,1640,267,0.0015731515469323545,7.425742574257425,7.425742574257425,0,7.236669841643297,1.0261270358813541,0.3333333333333333,4.0055261655012105e-5,1.0261270358813543,57,43,54,TRUE,FALSE,FALSE,48,38,TRUE,TRUE,FALSE
2018,Squash,Squash,Squash,ARISF recognized sports | Other sports/disciplines - Non-Code Signatories,402,208,194,387,15,0,4,2,2018_testing_figures_report.pdf,wada_testing_2018_sport_totals.csv,0,TRUE,Squash,1,Squash,ARISF,ARISF,4,1,0,1,0,2,1,3,0.5,TRUE,TRUE,TRUE,1640,267,1907,TRUE,9.950248756218905,0.5174129353233831,0.48258706467661694,0.9626865671641791,0.03731343283582089,0,263519,2771,10.51537080817702,0.0015255066997066624,0.001443522194153735,1907,1907,1640,267,0.0015731515469323545,7.462686567164179,4.975124378109452,2.487562189054726,7.236669841643297,1.0312321455126048,0.5,4.764484722569206e-5,1.0312321455126048,58,64,54,TRUE,FALSE,FALSE,47,69,TRUE,TRUE,FALSE
2018,DanceSport,DanceSport,DanceSport,ARISF recognized sports | Other sports/disciplines from Code Signatories,398,309,89,374,24,0,2,2,2018_testing_figures_report.pdf,wada_testing_2018_sport_totals.csv,0,TRUE,DanceSport,1,DanceSport,ARISF | Other Code Signatories,ARISF | Other Code Signatories,2,1,1,0,0,0,0,0,0,TRUE,FALSE,TRUE,1640,267,1907,TRUE,5.025125628140704,0.7763819095477387,0.2236180904522613,0.9396984924623115,0.06030150753768844,0,263519,2771,10.51537080817702,0.0015103275285653027,7.217610970768675e-4,1907,1907,1640,267,0,0,0,0,7.236669841643297,0,0,-0.0015103275285653027,0,59,73,91,TRUE,FALSE,FALSE,91,96,TRUE,TRUE,FALSE
2018,Floorball,Floorball,Floorball,ARISF recognized sports | Other sports/disciplines - Non-Code Signatories,388,235,153,375,13,0,3,2,2018_testing_figures_report.pdf,wada_testing_2018_sport_totals.csv,0,TRUE,Floorball,1,Floorball,ARISF,ARISF,3,1,0,0,1,1,1,2,0.333333333333333,TRUE,TRUE,TRUE,1640,267,1907,TRUE,7.731958762886598,0.6056701030927835,0.3943298969072165,0.9664948453608248,0.03350515463917526,0,263519,2771,10.51537080817702,0.0014723796007119032,0.0010826416456153013,1907,1907,1640,267,0.001048767697954903,5.154639175257732,2.577319587628866,2.577319587628866,7.236669841643297,0.7122943685499435,0.3333333333333333,-4.236119027570002e-4,0.7122943685499434,60,67,61,TRUE,FALSE,FALSE,59,80,TRUE,TRUE,FALSE
2018,Orienteering,Orienteering,Orienteering,ARISF recognized sports | Other sports/disciplines - Non-Code Signatories,384,238,146,370,14,0,1,2,2018_testing_figures_report.pdf,wada_testing_2018_sport_totals.csv,0,TRUE,Orienteering,1,Orienteering,ARISF,ARISF,1,1,0,0,0,0,0,0,0,TRUE,FALSE,TRUE,1640,267,1907,TRUE,2.6041666666666665,0.6197916666666666,0.3802083333333333,0.9635416666666666,0.036458333333333336,0,263519,2771,10.51537080817702,0.0014572004295705433,3.6088054853843375e-4,1907,1907,1640,267,0,0,0,0,7.236669841643297,0,0,-0.0014572004295705433,0,61,94,91,TRUE,FALSE,FALSE,91,107,TRUE,TRUE,FALSE
2018,Sambo,Sambo,Sambo,AIMS sports,380,235,145,368,12,0,11,1,2018_testing_figures_report.pdf,wada_testing_2018_sport_totals.csv,0,TRUE,Sambo,1,Sambo,AIMS,AIMS,11,0,0,0,0,11,0,11,1,TRUE,FALSE,TRUE,1640,267,1907,TRUE,28.94736842105263,0.618421052631579,0.3815789473684211,0.968421052631579,0.031578947368421054,0,263519,2771,10.51537080817702,0.0014420212584291836,0.003969686033922772,1907,1907,1640,267,0.0057682223387519665,28.94736842105263,28.94736842105263,0,7.236669841643297,4.000095217067314,1,0.004326201080322783,4.000095217067314,62,37,29,TRUE,FALSE,FALSE,14,26,TRUE,TRUE,FALSE
2018,Automobile Sports,Automobile Sports,Automobile Sports,ARISF recognized sports,361,331,30,361,0,0,11,1,2018_testing_figures_report.pdf,wada_testing_2018_sport_totals.csv,0,TRUE,Automobile Sports,1,Automobile Sports,ARISF,ARISF,11,1,1,0,0,9,0,9,0.818181818181818,TRUE,FALSE,TRUE,1640,267,1907,TRUE,30.470914127423825,0.9168975069252078,0.08310249307479224,1,0,0,263519,2771,10.51537080817702,0.0013699201955077243,0.003969686033922772,1907,1907,1640,267,0.0047194546407970635,24.930747922437675,24.930747922437675,0,7.236669841643297,3.4450580816847682,0.8181818181818182,0.003349534445289339,3.4450580816847682,63,37,32,TRUE,FALSE,FALSE,19,25,TRUE,TRUE,FALSE
2018,Life Saving,Life Saving,Life Saving,ARISF recognized sports,340,240,100,323,17,0,1,1,2018_testing_figures_report.pdf,wada_testing_2018_sport_totals.csv,0,TRUE,Life Saving,1,Lifesaving,ARISF,ARISF,1,1,0,0,0,0,0,0,0,TRUE,FALSE,TRUE,1640,267,1907,TRUE,2.941176470588235,0.7058823529411765,0.29411764705882354,0.95,0.05,0,263519,2771,10.51537080817702,0.0012902295470155851,3.6088054853843375e-4,1907,1907,1640,267,0,0,0,0,7.236669841643297,0,0,-0.0012902295470155851,0,64,94,91,TRUE,FALSE,FALSE,91,106,TRUE,TRUE,FALSE
2018,Jiu-Jitsu,Jiu-Jitsu,Jiu-Jitsu,AIMS sports | Other sports/disciplines - Non-Code Signatories,316,127,189,294,22,0,14,2,2018_testing_figures_report.pdf,wada_testing_2018_sport_totals.csv,0,TRUE,Jiu-Jitsu,1,Jiu-Jitsu | Ju-Jitsu,AIMS | Other Sports - Non-Code Signatories,AIMS | Other Sports - Non-Code Signatories,14,1,0,0,3,10,1,11,0.714285714285714,TRUE,TRUE,TRUE,1640,267,1907,TRUE,44.30379746835443,0.40189873417721517,0.5981012658227848,0.930379746835443,0.06962025316455696,0,263519,2771,10.51537080817702,0.0011991545201674263,0.005052327679538073,1907,1907,1640,267,0.0057682223387519665,34.81012658227848,31.645569620253166,3.1645569620253164,7.236669841643297,4.810241083815124,0.7142857142857143,0.00456906781858454,4.810241083815125,65,33,29,TRUE,FALSE,FALSE,10,17,TRUE,TRUE,FALSE
2018,Para-Biathlon,Para-Biathlon,Para-Biathlon,Paralympic sports/disciplines,300,123,177,196,104,0,1,1,2018_testing_figures_report.pdf,wada_testing_2018_sport_totals.csv,0,TRUE,Para-Biathlon,1,Para-Biathlon,IPC,IPC,1,0,0,0,0,1,0,1,1,TRUE,FALSE,TRUE,1640,267,1907,TRUE,3.3333333333333335,0.41,0.59,0.6533333333333333,0.3466666666666667,0,263519,2771,10.51537080817702,0.0011384378356019869,3.6088054853843375e-4,1907,1907,1640,267,5.243838489774515e-4,3.3333333333333335,3.3333333333333335,0,7.236669841643297,0.4606170249956301,1,-6.140539866245354e-4,0.4606170249956302,66,94,72,TRUE,FALSE,FALSE,72,102,TRUE,TRUE,FALSE
2018,Bowling,Bowling,Bowling,ARISF recognized sports | Sports for Athletes with an Impairment,296,164,132,296,0,0,1,2,2018_testing_figures_report.pdf,wada_testing_2018_sport_totals.csv,0,TRUE,Bowling,1,Bowling,ARISF,ARISF,1,0,0,1,0,0,0,0,0,TRUE,FALSE,TRUE,1640,267,1907,TRUE,3.3783783783783785,0.5540540540540541,0.44594594594594594,1,0,0,263519,2771,10.51537080817702,0.0011232586644606272,3.6088054853843375e-4,1907,1907,1640,267,0,0,0,0,7.236669841643297,0,0,-0.0011232586644606272,0,67,94,91,TRUE,FALSE,FALSE,91,101,TRUE,TRUE,FALSE
2018,Horse Racing,Horse Racing,Horse Racing,Other sports/disciplines - Non-Code Signatories,296,294,2,296,0,0,7,1,2018_testing_figures_report.pdf,wada_testing_2018_sport_totals.csv,0,TRUE,Horse Racing,1,Horse Racing,Other Sports - Non-Code Signatories,Other Sports - Non-Code Signatories,7,0,0,1,6,0,0,0,0,TRUE,FALSE,TRUE,1640,267,1907,TRUE,23.64864864864865,0.9932432432432432,0.006756756756756757,1,0,0,263519,2771,10.51537080817702,0.0011232586644606272,0.0025261638397690365,1907,1907,1640,267,0,0,0,0,7.236669841643297,0,0,-0.0011232586644606272,0,67,48,91,TRUE,FALSE,FALSE,91,36,TRUE,TRUE,FALSE
2018,Para-Ice Hockey,Para-Ice Hockey,Para-Ice Hockey,Paralympic sports/disciplines,270,134,136,245,25,0,7,1,2018_testing_figures_report.pdf,wada_testing_2018_sport_totals.csv,0,TRUE,Para-Ice Hockey,1,Para-Ice Hockey,IPC,IPC,7,1,0,0,0,6,0,6,0.857142857142857,TRUE,FALSE,TRUE,1640,267,1907,TRUE,25.925925925925924,0.4962962962962963,0.5037037037037037,0.9074074074074074,0.09259259259259259,0,263519,2771,10.51537080817702,0.0010245940520417882,0.0025261638397690365,1907,1907,1640,267,0.003146303093864709,22.22222222222222,22.22222222222222,0,7.236669841643297,3.070780166637534,0.8571428571428571,0.002121709041822921,3.0707801666375345,69,48,40,TRUE,FALSE,FALSE,23,30,TRUE,TRUE,FALSE
2018,Kabaddi,Kabaddi,Kabaddi,Other sports/disciplines - Non-Code Signatories,240,111,129,240,0,0,9,1,2018_testing_figures_report.pdf,wada_testing_2018_sport_totals.csv,0,TRUE,Kabaddi,1,Kabaddi,Other Sports - Non-Code Signatories,Other Sports - Non-Code Signatories,9,1,0,0,2,6,0,6,0.666666666666667,TRUE,FALSE,TRUE,1640,267,1907,TRUE,37.5,0.4625,0.5375,1,0,0,263519,2771,10.51537080817702,9.107502684815896e-4,0.003247924936845904,1907,1907,1640,267,0.003146303093864709,25,25,0,7.236669841643297,3.4546276874672257,0.6666666666666666,0.0022355528253831195,3.4546276874672257,70,43,40,TRUE,FALSE,FALSE,18,21,TRUE,TRUE,FALSE
2018,Arm Wrestling,Arm Wrestling,Arm Wrestling,AIMS sports | Sports for Athletes with an Impairment,224,161,63,222,2,0,23,2,2018_testing_figures_report.pdf,wada_testing_2018_sport_totals.csv,0,TRUE,Arm Wrestling,1,Arm Wrestling,AIMS | Sports for Athletes with an Impairment,AIMS | Sports for Athletes with an Impairment,23,0,0,0,5,18,0,18,0.782608695652174,TRUE,FALSE,TRUE,1640,267,1907,TRUE,102.67857142857143,0.71875,0.28125,0.9910714285714286,0.008928571428571428,0,263519,2771,10.51537080817702,8.500335839161503e-4,0.008300252616383976,1907,1907,1640,267,0.009438909281594127,80.35714285714286,80.35714285714286,0,7.236669841643297,11.104160424001797,0.782608695652174,0.008588875697677977,11.104160424001797,71,26,24,TRUE,FALSE,FALSE,5,8,TRUE,TRUE,FALSE
2018,Sitting Volleyball,Sitting Volleyball,Sitting Volleyball,Sports for Athletes with an Impairment,220,64,156,214,6,0,2,1,2018_testing_figures_report.pdf,wada_testing_2018_sport_totals.csv,0,TRUE,Sitting Volleyball,1,Sitting Volleyball,Sports for Athletes with an Impairment,Sports for Athletes with an Impairment,2,1,0,0,1,0,0,0,0,TRUE,FALSE,TRUE,1640,267,1907,TRUE,9.09090909090909,0.2909090909090909,0.7090909090909091,0.9727272727272728,0.02727272727272727,0,263519,2771,10.51537080817702,8.348544127747905e-4,7.217610970768675e-4,1907,1907,1640,267,0,0,0,0,7.236669841643297,0,0,-8.348544127747905e-4,0,72,73,91,TRUE,FALSE,FALSE,91,75,TRUE,TRUE,FALSE
2018,School Sports,School Sports,School Sports,Other sports/disciplines - Non-Code Signatories,212,209,3,201,11,0,5,1,2018_testing_figures_report.pdf,wada_testing_2018_sport_totals.csv,0,TRUE,School Sports,1,School Sports,Other Sports - Non-Code Signatories,Other Sports - Non-Code Signatories,5,0,0,0,0,5,0,5,1,TRUE,FALSE,TRUE,1640,267,1907,TRUE,23.58490566037736,0.9858490566037735,0.014150943396226415,0.9481132075471698,0.05188679245283019,0,263519,2771,10.51537080817702,8.044960704920708e-4,0.001804402742692169,1907,1907,1640,267,0.0026219192448872575,23.58490566037736,23.58490566037736,0,7.236669841643297,3.259082724025685,1,0.0018174231743951867,3.259082724025685,73,57,44,TRUE,FALSE,FALSE,22,37,TRUE,TRUE,FALSE
2018,Sepaktakraw,Sepaktakraw,Sepaktakraw,AIMS sports,209,79,130,209,0,0,0,1,2018_testing_figures_report.pdf,wada_testing_2018_sport_totals.csv,0,TRUE,NA,NA,NA,NA,NA,0,0,0,0,0,0,0,0,NA,NA,NA,FALSE,1640,267,1907,TRUE,0,0.37799043062200954,0.6220095693779905,1,0,0,263519,2771,10.51537080817702,7.931116921360509e-4,0,1907,1907,1640,267,0,0,0,0,7.236669841643297,0,NA,-7.931116921360509e-4,0,74,113,91,TRUE,FALSE,FALSE,91,113,TRUE,TRUE,TRUE
2018,Surfing,Surfing,Surfing,ARISF recognized sports,208,151,57,206,2,0,2,1,2018_testing_figures_report.pdf,wada_testing_2018_sport_totals.csv,0,TRUE,Surfing,1,Surfing,ARISF,ARISF,2,0,0,0,1,1,0,1,0.5,TRUE,FALSE,TRUE,1640,267,1907,TRUE,9.615384615384617,0.7259615384615384,0.27403846153846156,0.9903846153846154,0.009615384615384616,0,263519,2771,10.51537080817702,7.89316899350711e-4,7.217610970768675e-4,1907,1907,1640,267,5.243838489774515e-4,4.807692307692308,4.807692307692308,0,7.236669841643297,0.664351478359082,0.5,-2.6493305037325946e-4,0.6643514783590819,75,73,72,TRUE,FALSE,FALSE,64,73,TRUE,TRUE,FALSE
2018,Water Skiing,Water Skiing,Water Skiing,ARISF recognized sports | Other sports/disciplines - Non-Code Signatories | Sports for Athletes with an Impairment,208,147,61,205,3,0,3,3,2018_testing_figures_report.pdf,wada_testing_2018_sport_totals.csv,0,TRUE,Water Skiing,1,Waterskiing,ARISF,ARISF,3,0,0,1,0,2,1,3,0.666666666666667,TRUE,TRUE,TRUE,1640,267,1907,TRUE,14.423076923076923,0.7067307692307693,0.2932692307692308,0.9855769230769231,0.014423076923076924,0,263519,2771,10.51537080817702,7.89316899350711e-4,0.0010826416456153013,1907,1907,1640,267,0.0015731515469323545,14.423076923076923,9.615384615384617,4.807692307692308,7.236669841643297,1.9930544350772457,0.6666666666666666,7.838346475816435e-4,1.993054435077246,75,67,54,TRUE,FALSE,FALSE,33,49,TRUE,TRUE,FALSE
2018,Mountaineering and Climbing,Mountaineering and Climbing,Mountaineering and Climbing,ARISF recognized sports,198,163,35,192,6,0,2,1,2018_testing_figures_report.pdf,wada_testing_2018_sport_totals.csv,0,TRUE,Mountaineering and Climbing,1,Mountaineering and Climbing,ARISF,ARISF,2,1,0,0,0,1,1,2,0.5,TRUE,TRUE,TRUE,1640,267,1907,TRUE,10.101010101010102,0.8232323232323232,0.17676767676767677,0.9696969696969697,0.030303030303030304,0,263519,2771,10.51537080817702,7.513689714973114e-4,7.217610970768675e-4,1907,1907,1640,267,0.001048767697954903,10.101010101010102,5.050505050505051,5.050505050505051,7.236669841643297,1.3958091666534247,0.5,2.973987264575916e-4,1.3958091666534247,77,73,61,TRUE,FALSE,FALSE,42,67,TRUE,TRUE,FALSE
2018,Netball,Netball,Netball,ARISF recognized sports,192,90,102,182,10,0,0,1,2018_testing_figures_report.pdf,wada_testing_2018_sport_totals.csv,0,TRUE,NA,NA,NA,NA,NA,0,0,0,0,0,0,0,0,NA,NA,NA,FALSE,1640,267,1907,TRUE,0,0.46875,0.53125,0.9479166666666666,0.052083333333333336,0,263519,2771,10.51537080817702,7.286002147852716e-4,0,1907,1907,1640,267,0,0,0,0,7.236669841643297,0,NA,-7.286002147852716e-4,0,78,113,91,TRUE,FALSE,FALSE,91,113,TRUE,TRUE,TRUE
2018,Shooting Para Sport,Shooting Para Sport,Shooting Para Sport,Paralympic sports/disciplines,186,89,97,186,0,0,2,1,2018_testing_figures_report.pdf,wada_testing_2018_sport_totals.csv,0,TRUE,Shooting Para Sport,1,Shooting Para Sport,IPC,IPC,2,2,0,0,0,0,0,0,0,TRUE,FALSE,TRUE,1640,267,1907,TRUE,10.752688172043012,0.478494623655914,0.521505376344086,1,0,0,263519,2771,10.51537080817702,7.058314580732319e-4,7.217610970768675e-4,1907,1907,1640,267,0,0,0,0,7.236669841643297,0,0,-7.058314580732319e-4,0,79,73,91,TRUE,FALSE,FALSE,91,64,TRUE,TRUE,FALSE
2018,Other Rugby,Other Rugby,Other Rugby,Sports for Athletes with an Impairment,162,96,66,156,6,0,2,1,2018_testing_figures_report.pdf,wada_testing_2018_sport_totals.csv,0,TRUE,NA,NA,NA,NA,NA,0,0,0,0,0,0,0,0,NA,NA,NA,FALSE,1640,267,1907,TRUE,12.345679012345679,0.5925925925925926,0.4074074074074074,0.9629629629629629,0.037037037037037035,0,263519,2771,10.51537080817702,6.14756431225073e-4,7.217610970768675e-4,1907,1907,1640,267,0,0,0,0,7.236669841643297,0,0,-6.14756431225073e-4,0,80,73,91,TRUE,FALSE,FALSE,91,59,TRUE,TRUE,TRUE
2018,Gaelic Games,Gaelic Games,Gaelic Games,Other sports/disciplines - Non-Code Signatories,149,51,98,130,19,0,1,1,2018_testing_figures_report.pdf,wada_testing_2018_sport_totals.csv,0,TRUE,Gaelic Games,1,Gaelic Games,Other Sports - Non-Code Signatories,Other Sports - Non-Code Signatories,1,1,0,0,0,0,0,0,0,TRUE,FALSE,TRUE,1640,267,1907,TRUE,6.7114093959731544,0.3422818791946309,0.6577181208053692,0.87248322147651,0.12751677852348994,0,263519,2771,10.51537080817702,5.654241250156536e-4,3.6088054853843375e-4,1907,1907,1640,267,0,0,0,0,7.236669841643297,0,0,-5.654241250156536e-4,0,81,94,91,TRUE,FALSE,FALSE,91,87,TRUE,TRUE,FALSE
2018,Para-Snowboard,Para-Snowboard,Para-Snowboard,Paralympic sports/disciplines,147,53,94,141,6,0,2,1,2018_testing_figures_report.pdf,wada_testing_2018_sport_totals.csv,0,TRUE,Para-Snowboard,1,Para-Snowboard,IPC,IPC,2,2,0,0,0,0,0,0,0,TRUE,FALSE,TRUE,1640,267,1907,TRUE,13.605442176870747,0.36054421768707484,0.6394557823129252,0.9591836734693877,0.04081632653061224,0,263519,2771,10.51537080817702,5.578345394449736e-4,7.217610970768675e-4,1907,1907,1640,267,0,0,0,0,7.236669841643297,0,0,-5.578345394449736e-4,0,82,73,91,TRUE,FALSE,FALSE,91,56,TRUE,TRUE,FALSE
2018,Bandy,Bandy,Bandy,ARISF recognized sports,146,84,62,137,9,0,0,1,2018_testing_figures_report.pdf,wada_testing_2018_sport_totals.csv,0,TRUE,NA,NA,NA,NA,NA,0,0,0,0,0,0,0,0,NA,NA,NA,FALSE,1640,267,1907,TRUE,0,0.5753424657534246,0.4246575342465753,0.9383561643835616,0.06164383561643835,0,263519,2771,10.51537080817702,5.540397466596336e-4,0,1907,1907,1640,267,0,0,0,0,7.236669841643297,0,NA,-5.540397466596336e-4,0,83,113,91,TRUE,FALSE,FALSE,91,113,TRUE,TRUE,TRUE
2018,Billiards,Billiards,Billiards | Billiards Sports,ARISF recognized sports | Other sports/disciplines - Non-Code Signatories,146,139,7,146,0,0,4,2,2018_testing_figures_report.pdf,wada_testing_2018_sport_totals.csv,0,TRUE,Billiards Sports,1,Billiards | Billiards Sports,ARISF,ARISF,4,0,0,0,0,4,1,5,1,TRUE,TRUE,TRUE,1640,267,1907,TRUE,27.397260273972602,0.952054794520548,0.04794520547945205,1,0,0,263519,2771,10.51537080817702,5.540397466596336e-4,0.001443522194153735,1907,1907,1640,267,0.0026219192448872575,34.24657534246575,27.397260273972602,6.8493150684931505,7.236669841643297,4.732366695160583,1,0.002067879498227624,4.732366695160584,83,64,44,TRUE,FALSE,FALSE,11,29,TRUE,TRUE,FALSE
2018,Goalball,Goalball,Goalball,Sports for Athletes with an Impairment,145,78,67,140,5,0,2,1,2018_testing_figures_report.pdf,wada_testing_2018_sport_totals.csv,0,TRUE,Goalball,1,Goalball,Sports for Athletes with an Impairment,Sports for Athletes with an Impairment,2,0,1,0,0,1,0,1,0.5,TRUE,FALSE,TRUE,1640,267,1907,TRUE,13.793103448275861,0.5379310344827586,0.46206896551724136,0.9655172413793104,0.034482758620689655,0,263519,2771,10.51537080817702,5.502449538742937e-4,7.217610970768675e-4,1907,1907,1640,267,5.243838489774515e-4,6.896551724137931,6.896551724137931,0,7.236669841643297,0.9530007413702691,0.5,-2.586110489684215e-5,0.9530007413702694,85,73,72,TRUE,FALSE,FALSE,50,53,TRUE,TRUE,FALSE
2018,Boules Sports,Boules Sports,Boules Sports,ARISF recognized sports,137,111,26,137,0,0,6,1,2018_testing_figures_report.pdf,wada_testing_2018_sport_totals.csv,0,TRUE,Boules Sports,1,Boules Sports,ARISF,ARISF,6,1,0,0,2,3,0,3,0.5,TRUE,FALSE,TRUE,1640,267,1907,TRUE,43.79562043795621,0.8102189781021898,0.1897810218978102,1,0,0,263519,2771,10.51537080817702,5.19886611591574e-4,0.0021652832912306026,1907,1907,1640,267,0.0015731515469323545,21.897810218978105,21.897810218978105,0,7.236669841643297,3.0259512590953808,0.5,0.0010532649353407805,3.0259512590953803,86,53,54,TRUE,FALSE,FALSE,25,18,TRUE,TRUE,FALSE
2018,Ski Mountaineering,Ski Mountaineering,Ski Mountaineering,ARISF recognized sports,131,55,76,119,12,0,1,1,2018_testing_figures_report.pdf,wada_testing_2018_sport_totals.csv,0,TRUE,Ski Mountaineering,1,Ski Mountaineering,ARISF,ARISF,1,1,0,0,0,0,0,0,0,TRUE,FALSE,TRUE,1640,267,1907,TRUE,7.633587786259541,0.4198473282442748,0.5801526717557252,0.9083969465648855,0.0916030534351145,0,263519,2771,10.51537080817702,4.971178548795343e-4,3.6088054853843375e-4,1907,1907,1640,267,0,0,0,0,7.236669841643297,0,0,-4.971178548795343e-4,0,87,94,91,TRUE,FALSE,FALSE,91,81,TRUE,TRUE,FALSE
2018,Pencak Silat,Pencak Silat,Pencak Silat,Other sports/disciplines - Non-Code Signatories,130,62,68,130,0,0,0,1,2018_testing_figures_report.pdf,wada_testing_2018_sport_totals.csv,0,TRUE,NA,NA,NA,NA,NA,0,0,0,0,0,0,0,0,NA,NA,NA,FALSE,1640,267,1907,TRUE,0,0.47692307692307695,0.5230769230769231,1,0,0,263519,2771,10.51537080817702,4.933230620941943e-4,0,1907,1907,1640,267,0,0,0,0,7.236669841643297,0,NA,-4.933230620941943e-4,0,88,113,91,TRUE,FALSE,FALSE,91,113,TRUE,TRUE,TRUE
2018,Sumo,Sumo,Sumo,ARISF recognized sports,129,110,19,127,2,0,0,1,2018_testing_figures_report.pdf,wada_testing_2018_sport_totals.csv,0,TRUE,NA,NA,NA,NA,NA,0,0,0,0,0,0,0,0,NA,NA,NA,FALSE,1640,267,1907,TRUE,0,0.8527131782945736,0.14728682170542637,0.9844961240310077,0.015503875968992248,0,263519,2771,10.51537080817702,4.895282693088544e-4,0,1907,1907,1640,267,0,0,0,0,7.236669841643297,0,NA,-4.895282693088544e-4,0,89,113,91,TRUE,FALSE,FALSE,91,113,TRUE,TRUE,TRUE
2018,Soft Tennis,Soft Tennis,Soft Tennis,AIMS sports,123,78,45,122,1,0,0,1,2018_testing_figures_report.pdf,wada_testing_2018_sport_totals.csv,0,TRUE,NA,NA,NA,NA,NA,0,0,0,0,0,0,0,0,NA,NA,NA,FALSE,1640,267,1907,TRUE,0,0.6341463414634146,0.36585365853658536,0.991869918699187,0.008130081300813009,0,263519,2771,10.51537080817702,4.667595125968146e-4,0,1907,1907,1640,267,0,0,0,0,7.236669841643297,0,NA,-4.667595125968146e-4,0,90,113,91,TRUE,FALSE,FALSE,91,113,TRUE,TRUE,TRUE
2018,Air Sports,Air Sports,Air Sports,ARISF recognized sports,122,65,57,122,0,0,5,1,2018_testing_figures_report.pdf,wada_testing_2018_sport_totals.csv,0,TRUE,Air Sports,1,Air Sports,ARISF,ARISF,5,2,0,0,1,2,0,2,0.4,TRUE,FALSE,TRUE,1640,267,1907,TRUE,40.983606557377044,0.5327868852459017,0.4672131147540984,1,0,0,263519,2771,10.51537080817702,4.629647198114747e-4,0.001804402742692169,1907,1907,1640,267,0.001048767697954903,16.393442622950822,16.393442622950822,0,7.236669841643297,2.26532963112605,0.4,5.858029781434283e-4,2.26532963112605,91,57,61,TRUE,FALSE,FALSE,32,19,TRUE,TRUE,FALSE
2018,Powerboating,Powerboating,Powerboating,ARISF recognized sports,120,94,26,112,8,0,2,1,2018_testing_figures_report.pdf,wada_testing_2018_sport_totals.csv,0,TRUE,Powerboating,1,Powerboating,ARISF,ARISF,2,0,0,0,1,1,0,1,0.5,TRUE,FALSE,TRUE,1640,267,1907,TRUE,16.666666666666668,0.7833333333333333,0.21666666666666667,0.9333333333333333,0.06666666666666667,0,263519,2771,10.51537080817702,4.553751342407948e-4,7.217610970768675e-4,1907,1907,1640,267,5.243838489774515e-4,8.333333333333334,8.333333333333334,0,7.236669841643297,1.1515425624890754,0.5,6.90087147366567e-5,1.1515425624890754,92,73,72,TRUE,FALSE,FALSE,45,47,TRUE,TRUE,FALSE
2018,Dragon Boat,Dragon Boat,Dragon Boat,AIMS sports,107,29,78,103,4,0,2,1,2018_testing_figures_report.pdf,wada_testing_2018_sport_totals.csv,0,TRUE,Dragon Boat,1,Dragon Boat,AIMS,AIMS,2,0,0,0,0,2,0,2,1,TRUE,FALSE,TRUE,1640,267,1907,TRUE,18.69158878504673,0.27102803738317754,0.7289719626168224,0.9626168224299065,0.037383177570093455,0,263519,2771,10.51537080817702,4.0604282803137536e-4,7.217610970768675e-4,1907,1907,1640,267,0.001048767697954903,18.69158878504673,18.69158878504673,0,7.236669841643297,2.5828992055829727,1,6.427248699235276e-4,2.5828992055829727,93,73,61,TRUE,FALSE,FALSE,29,44,TRUE,TRUE,FALSE
2018,Friskis & Svettis,Friskis & Svettis,Friskis & Svettis,Other sports/disciplines - Non-Code Signatories,102,0,102,102,0,0,1,1,2018_testing_figures_report.pdf,wada_testing_2018_sport_totals.csv,0,TRUE,Friskis & Svettis,1,Friskis & Svettis,Other Sports - Non-Code Signatories,Other Sports - Non-Code Signatories,1,1,0,0,0,0,0,0,0,TRUE,FALSE,TRUE,1640,267,1907,TRUE,9.803921568627452,0,1,1,0,0,263519,2771,10.51537080817702,3.870688641046756e-4,3.6088054853843375e-4,1907,1907,1640,267,0,0,0,0,7.236669841643297,0,0,-3.870688641046756e-4,0,94,94,91,TRUE,FALSE,FALSE,91,70,TRUE,TRUE,FALSE
2018,Bridge,Bridge,Bridge,ARISF recognized sports | Other sports/disciplines - Non-Code Signatories,91,31,60,91,0,0,2,2,2018_testing_figures_report.pdf,wada_testing_2018_sport_totals.csv,0,TRUE,Bridge,1,Bridge,ARISF,ARISF,2,0,0,0,0,2,0,2,1,TRUE,FALSE,TRUE,1640,267,1907,TRUE,21.978021978021978,0.34065934065934067,0.6593406593406593,1,0,0,263519,2771,10.51537080817702,3.4532614346593604e-4,7.217610970768675e-4,1907,1907,1640,267,0.001048767697954903,21.978021978021978,21.978021978021978,0,7.236669841643297,3.037035329641517,1,7.03441554488967e-4,3.0370353296415176,95,73,61,FALSE,FALSE,FALSE,NA,NA,TRUE,TRUE,FALSE
2018,Cheer,Cheer,Cheer | Cheerleading,ARISF recognized sports | Other sports/disciplines - Non-Code Signatories,90,47,43,82,8,0,2,2,2018_testing_figures_report.pdf,wada_testing_2018_sport_totals.csv,0,TRUE,Cheer,1,Cheer,ARISF,ARISF,2,0,0,0,1,1,0,1,0.5,TRUE,FALSE,TRUE,1640,267,1907,TRUE,22.22222222222222,0.5222222222222223,0.4777777777777778,0.9111111111111111,0.08888888888888889,0,263519,2771,10.51537080817702,3.4153135068059606e-4,7.217610970768675e-4,1907,1907,1640,267,5.243838489774515e-4,11.11111111111111,11.11111111111111,0,7.236669841643297,1.535390083318767,0.5,1.8285249829685544e-4,1.5353900833187673,96,73,72,FALSE,FALSE,FALSE,NA,NA,TRUE,TRUE,FALSE
2018,Boccia,Boccia,Boccia,Sports for Athletes with an Impairment,87,63,24,87,0,0,1,1,2018_testing_figures_report.pdf,wada_testing_2018_sport_totals.csv,0,TRUE,Boccia,1,Boccia,Sports for Athletes with an Impairment,Sports for Athletes with an Impairment,1,0,0,0,0,1,0,1,1,TRUE,FALSE,TRUE,1640,267,1907,TRUE,11.494252873563218,0.7241379310344828,0.27586206896551724,1,0,0,263519,2771,10.51537080817702,3.3014697232457623e-4,3.6088054853843375e-4,1907,1907,1640,267,5.243838489774515e-4,11.494252873563218,11.494252873563218,0,7.236669841643297,1.5883345689504487,1,1.9423687665287527e-4,1.5883345689504487,97,94,72,FALSE,FALSE,FALSE,NA,NA,TRUE,TRUE,FALSE
2018,Football 5-a-Side,Football 5-a-Side,Football 5-a-Side,Sports for Athletes with an Impairment,81,69,12,76,5,0,3,1,2018_testing_figures_report.pdf,wada_testing_2018_sport_totals.csv,0,TRUE,Football 5-a-Side,1,Football 5-a-Side,Sports for Athletes with an Impairment,Sports for Athletes with an Impairment,3,0,0,0,0,3,0,3,1,TRUE,FALSE,TRUE,1640,267,1907,TRUE,37.03703703703704,0.8518518518518519,0.14814814814814814,0.9382716049382716,0.06172839506172839,0,263519,2771,10.51537080817702,3.073782156125365e-4,0.0010826416456153013,1907,1907,1640,267,0.0015731515469323545,37.03703703703704,37.03703703703704,0,7.236669841643297,5.11796694439589,1,0.001265773331319818,5.11796694439589,98,67,54,FALSE,FALSE,FALSE,NA,NA,TRUE,TRUE,FALSE
2018,Racquetball,Racquetball,Racquetball,ARISF recognized sports,81,42,39,81,0,0,2,1,2018_testing_figures_report.pdf,wada_testing_2018_sport_totals.csv,0,TRUE,Racquetball,1,Racquetball,ARISF,ARISF,2,1,0,0,0,1,0,1,0.5,TRUE,FALSE,TRUE,1640,267,1907,TRUE,24.691358024691358,0.5185185185185185,0.48148148148148145,1,0,0,263519,2771,10.51537080817702,3.073782156125365e-4,7.217610970768675e-4,1907,1907,1640,267,5.243838489774515e-4,12.345679012345679,12.345679012345679,0,7.236669841643297,1.7059889814652966,0.5,2.1700563336491503e-4,1.7059889814652969,98,73,72,FALSE,FALSE,FALSE,NA,NA,TRUE,TRUE,FALSE
2018,Kettlebell Lifting,Kettlebell Lifting,Kettlebell Lifting,Other sports/disciplines from Code Signatories,79,57,22,76,3,0,4,1,2018_testing_figures_report.pdf,wada_testing_2018_sport_totals.csv,0,TRUE,Kettlebell Lifting,1,Kettlebell Lifting,Other Code Signatories,Other Code Signatories,4,0,1,0,1,2,0,2,0.5,TRUE,FALSE,TRUE,1640,267,1907,TRUE,50.63291139240506,0.7215189873417721,0.27848101265822783,0.9620253164556962,0.0379746835443038,0,263519,2771,10.51537080817702,2.997886300418566e-4,0.001443522194153735,1907,1907,1640,267,0.001048767697954903,25.31645569620253,25.31645569620253,0,7.236669841643297,3.4983571518655454,0.5,7.489790679130464e-4,3.4983571518655454,100,64,61,FALSE,FALSE,FALSE,NA,NA,TRUE,TRUE,FALSE
2018,Chess,Chess,Chess,ARISF recognized sports,76,73,3,76,0,0,0,1,2018_testing_figures_report.pdf,wada_testing_2018_sport_totals.csv,0,TRUE,NA,NA,NA,NA,NA,0,0,0,0,0,0,0,0,NA,NA,NA,FALSE,1640,267,1907,TRUE,0,0.9605263157894737,0.039473684210526314,1,0,0,263519,2771,10.51537080817702,2.884042516858367e-4,0,1907,1907,1640,267,0,0,0,0,7.236669841643297,0,NA,-2.884042516858367e-4,0,101,113,91,FALSE,FALSE,FALSE,NA,NA,TRUE,TRUE,TRUE
2018,Tug of War,Tug of War,Tug of War,ARISF recognized sports,76,47,29,74,2,0,0,1,2018_testing_figures_report.pdf,wada_testing_2018_sport_totals.csv,0,TRUE,NA,NA,NA,NA,NA,0,0,0,0,0,0,0,0,NA,NA,NA,FALSE,1640,267,1907,TRUE,0,0.618421052631579,0.3815789473684211,0.9736842105263158,0.02631578947368421,0,263519,2771,10.51537080817702,2.884042516858367e-4,0,1907,1907,1640,267,0,0,0,0,7.236669841643297,0,NA,-2.884042516858367e-4,0,101,113,91,FALSE,FALSE,FALSE,NA,NA,TRUE,TRUE,TRUE
2018,Korfball,Korfball,Korfball,ARISF recognized sports,75,59,16,72,3,0,0,1,2018_testing_figures_report.pdf,wada_testing_2018_sport_totals.csv,0,TRUE,NA,NA,NA,NA,NA,0,0,0,0,0,0,0,0,NA,NA,NA,FALSE,1640,267,1907,TRUE,0,0.7866666666666666,0.21333333333333335,0.96,0.04,0,263519,2771,10.51537080817702,2.846094589004967e-4,0,1907,1907,1640,267,0,0,0,0,7.236669841643297,0,NA,-2.846094589004967e-4,0,103,113,91,FALSE,FALSE,FALSE,NA,NA,TRUE,TRUE,TRUE
2018,Darts,Darts,Darts,AIMS sports,72,72,0,72,0,0,1,1,2018_testing_figures_report.pdf,wada_testing_2018_sport_totals.csv,0,TRUE,Darts,1,Darts,AIMS,AIMS,1,0,1,0,0,0,0,0,0,TRUE,FALSE,TRUE,1640,267,1907,TRUE,13.888888888888888,1,0,1,0,0,263519,2771,10.51537080817702,2.732250805444769e-4,3.6088054853843375e-4,1907,1907,1640,267,0,0,0,0,7.236669841643297,0,0,-2.732250805444769e-4,0,104,94,91,FALSE,FALSE,FALSE,NA,NA,TRUE,TRUE,FALSE
2018,Ultra Triathlon,Ultra Triathlon,Ultra Triathlon,Other sports/disciplines - Non-Code Signatories,65,64,1,65,0,0,2,1,2018_testing_figures_report.pdf,wada_testing_2018_sport_totals.csv,0,TRUE,NA,NA,NA,NA,NA,0,0,0,0,0,0,0,0,NA,NA,NA,FALSE,1640,267,1907,TRUE,30.76923076923077,0.9846153846153847,0.015384615384615385,1,0,0,263519,2771,10.51537080817702,2.4666153104709715e-4,7.217610970768675e-4,1907,1907,1640,267,0,0,0,0,7.236669841643297,0,0,-2.4666153104709715e-4,0,105,73,91,FALSE,FALSE,FALSE,NA,NA,TRUE,TRUE,TRUE
2018,Power Press,Power Press,Power Press,Other sports/disciplines - Non-Code Signatories,59,40,19,51,8,0,1,1,2018_testing_figures_report.pdf,wada_testing_2018_sport_totals.csv,0,TRUE,Power Press,1,Power Press,Other Sports - Non-Code Signatories,Other Sports - Non-Code Signatories,1,0,0,0,0,1,0,1,1,TRUE,FALSE,TRUE,1640,267,1907,TRUE,16.949152542372882,0.6779661016949152,0.3220338983050847,0.864406779661017,0.13559322033898305,0,263519,2771,10.51537080817702,2.2389277433505742e-4,3.6088054853843375e-4,1907,1907,1640,267,5.243838489774515e-4,16.949152542372882,16.949152542372882,0,7.236669841643297,2.3421204660794754,1,3.004910746423941e-4,2.3421204660794754,106,94,72,FALSE,FALSE,FALSE,NA,NA,TRUE,TRUE,FALSE
2018,Basque Pelota,Basque Pelota,Basque Pelota,ARISF recognized sports,56,45,11,56,0,0,0,1,2018_testing_figures_report.pdf,wada_testing_2018_sport_totals.csv,0,TRUE,NA,NA,NA,NA,NA,0,0,0,0,0,0,0,0,NA,NA,NA,FALSE,1640,267,1907,TRUE,0,0.8035714285714286,0.19642857142857142,1,0,0,263519,2771,10.51537080817702,2.1250839597903757e-4,0,1907,1907,1640,267,0,0,0,0,7.236669841643297,0,NA,-2.1250839597903757e-4,0,107,113,91,FALSE,FALSE,FALSE,NA,NA,TRUE,TRUE,TRUE
2018,Kurash,Kurash,Kurash,Other sports/disciplines from Code Signatories,48,14,34,46,2,0,1,1,2018_testing_figures_report.pdf,wada_testing_2018_sport_totals.csv,0,TRUE,Kurash,1,Kurash,Other Code Signatories,Other Code Signatories,1,0,0,0,0,1,0,1,1,TRUE,FALSE,TRUE,1640,267,1907,TRUE,20.833333333333332,0.2916666666666667,0.7083333333333334,0.9583333333333334,0.041666666666666664,0,263519,2771,10.51537080817702,1.821500536963179e-4,3.6088054853843375e-4,1907,1907,1640,267,5.243838489774515e-4,20.833333333333332,20.833333333333332,0,7.236669841643297,2.8788564062226882,1,3.422337952811336e-4,2.8788564062226882,108,94,72,FALSE,FALSE,FALSE,NA,NA,TRUE,TRUE,FALSE
2018,Heavy Events,Heavy Events,Heavy Events,Other sports/disciplines - Non-Code Signatories,45,25,20,36,9,0,0,1,2018_testing_figures_report.pdf,wada_testing_2018_sport_totals.csv,0,TRUE,NA,NA,NA,NA,NA,0,0,0,0,0,0,0,0,NA,NA,NA,FALSE,1640,267,1907,TRUE,0,0.5555555555555556,0.4444444444444444,0.8,0.2,0,263519,2771,10.51537080817702,1.7076567534029803e-4,0,1907,1907,1640,267,0,0,0,0,7.236669841643297,0,NA,-1.7076567534029803e-4,0,109,113,91,FALSE,FALSE,FALSE,NA,NA,TRUE,TRUE,TRUE
2018,Kendo,Kendo,Kendo,AIMS sports,44,40,4,44,0,0,0,1,2018_testing_figures_report.pdf,wada_testing_2018_sport_totals.csv,0,TRUE,NA,NA,NA,NA,NA,0,0,0,0,0,0,0,0,NA,NA,NA,FALSE,1640,267,1907,TRUE,0,0.9090909090909091,0.09090909090909091,1,0,0,263519,2771,10.51537080817702,1.6697088255495808e-4,0,1907,1907,1640,267,0,0,0,0,7.236669841643297,0,NA,-1.6697088255495808e-4,0,110,113,91,FALSE,FALSE,FALSE,NA,NA,TRUE,TRUE,TRUE
2018,Icestocksport,Icestocksport,Icestocksport,AIMS sports,43,28,15,37,6,0,0,1,2018_testing_figures_report.pdf,wada_testing_2018_sport_totals.csv,0,TRUE,NA,NA,NA,NA,NA,0,0,0,0,0,0,0,0,NA,NA,NA,FALSE,1640,267,1907,TRUE,0,0.6511627906976745,0.3488372093023256,0.8604651162790697,0.13953488372093023,0,263519,2771,10.51537080817702,1.6317608976961813e-4,0,1907,1907,1640,267,0,0,0,0,7.236669841643297,0,NA,-1.6317608976961813e-4,0,111,113,91,FALSE,FALSE,FALSE,NA,NA,TRUE,TRUE,TRUE
2018,Football 7-a-Side,Football 7-a-Side,Football 7-a-Side,Sports for Athletes with an Impairment,42,6,36,40,2,0,1,1,2018_testing_figures_report.pdf,wada_testing_2018_sport_totals.csv,0,TRUE,Football 7-a-Side,1,Football 7-a-Side,Sports for Athletes with an Impairment,Sports for Athletes with an Impairment,1,1,0,0,0,0,0,0,0,TRUE,FALSE,TRUE,1640,267,1907,TRUE,23.809523809523807,0.14285714285714285,0.8571428571428571,0.9523809523809523,0.047619047619047616,0,263519,2771,10.51537080817702,1.5938129698427818e-4,3.6088054853843375e-4,1907,1907,1640,267,0,0,0,0,7.236669841643297,0,0,-1.5938129698427818e-4,0,112,94,91,FALSE,FALSE,FALSE,NA,NA,TRUE,TRUE,FALSE
2018,Sport Fishing,Sport Fishing,Sport Fishing,AIMS sports,41,37,4,41,0,0,2,1,2018_testing_figures_report.pdf,wada_testing_2018_sport_totals.csv,0,TRUE,Sport Fishing,1,Sport Fishing,AIMS,AIMS,2,0,1,0,0,1,0,1,0.5,TRUE,FALSE,TRUE,1640,267,1907,TRUE,48.78048780487805,0.9024390243902439,0.0975609756097561,1,0,0,263519,2771,10.51537080817702,1.5558650419893823e-4,7.217610970768675e-4,1907,1907,1640,267,5.243838489774515e-4,24.390243902439025,24.390243902439025,0,7.236669841643297,3.3703684755777816,0.5,3.687973447785133e-4,3.370368475577781,113,73,72,FALSE,FALSE,FALSE,NA,NA,TRUE,TRUE,FALSE
2018,Traditional Archery,Traditional Archery,Traditional Archery,Other sports/disciplines - Non-Code Signatories,41,39,2,41,0,0,3,1,2018_testing_figures_report.pdf,wada_testing_2018_sport_totals.csv,0,TRUE,Traditional Archery,1,Traditional Archery,Other Sports - Non-Code Signatories,Other Sports - Non-Code Signatories,3,0,2,0,0,1,0,1,0.333333333333333,TRUE,FALSE,TRUE,1640,267,1907,TRUE,73.17073170731707,0.9512195121951219,0.04878048780487805,1,0,0,263519,2771,10.51537080817702,1.5558650419893823e-4,0.0010826416456153013,1907,1907,1640,267,5.243838489774515e-4,24.390243902439025,24.390243902439025,0,7.236669841643297,3.3703684755777816,0.3333333333333333,3.687973447785133e-4,3.370368475577781,113,67,72,FALSE,FALSE,FALSE,NA,NA,TRUE,TRUE,FALSE
2018,Sleddog,Sleddog,Sleddog,AIMS sports,39,35,4,39,0,0,1,1,2018_testing_figures_report.pdf,wada_testing_2018_sport_totals.csv,0,TRUE,Sleddog,1,Sleddog,AIMS,AIMS,1,0,0,0,0,1,0,1,1,TRUE,FALSE,TRUE,1640,267,1907,TRUE,25.64102564102564,0.8974358974358975,0.10256410256410256,1,0,0,263519,2771,10.51537080817702,1.479969186282583e-4,3.6088054853843375e-4,1907,1907,1640,267,5.243838489774515e-4,25.64102564102564,25.64102564102564,0,7.236669841643297,3.54320788458177,1,3.7638693034919323e-4,3.5432078845817703,115,94,72,FALSE,FALSE,FALSE,NA,NA,TRUE,TRUE,FALSE
2018,Firefighting and Rescuing,Firefighting and Rescuing,Firefighting and,Other sports/disciplines - Non-Code Signatories,35,35,0,35,0,0,0,1,2018_testing_figures_report.pdf,wada_testing_2018_sport_totals.csv,0,TRUE,NA,NA,NA,NA,NA,0,0,0,0,0,0,0,0,NA,NA,NA,FALSE,1640,267,1907,TRUE,0,1,0,1,0,0,263519,2771,10.51537080817702,1.3281774748689847e-4,0,1907,1907,1640,267,0,0,0,0,7.236669841643297,0,NA,-1.3281774748689847e-4,0,116,113,91,FALSE,FALSE,FALSE,NA,NA,TRUE,TRUE,TRUE
2018,Lacrosse,Lacrosse,Lacrosse,AIMS sports,35,19,16,31,4,0,1,1,2018_testing_figures_report.pdf,wada_testing_2018_sport_totals.csv,0,TRUE,Lacrosse,1,Lacrosse,AIMS,AIMS,1,1,0,0,0,0,0,0,0,TRUE,FALSE,TRUE,1640,267,1907,TRUE,28.57142857142857,0.5428571428571428,0.45714285714285713,0.8857142857142857,0.11428571428571428,0,263519,2771,10.51537080817702,1.3281774748689847e-4,3.6088054853843375e-4,1907,1907,1640,267,0,0,0,0,7.236669841643297,0,0,-1.3281774748689847e-4,0,116,94,91,FALSE,FALSE,FALSE,NA,NA,TRUE,TRUE,FALSE
2018,Kung Fu,Kung Fu,Kung Fu,Other sports/disciplines - Non-Code Signatories,33,2,31,33,0,0,0,1,2018_testing_figures_report.pdf,wada_testing_2018_sport_totals.csv,0,TRUE,NA,NA,NA,NA,NA,0,0,0,0,0,0,0,0,NA,NA,NA,FALSE,1640,267,1907,TRUE,0,0.06060606060606061,0.9393939393939394,1,0,0,263519,2771,10.51537080817702,1.2522816191621857e-4,0,1907,1907,1640,267,0,0,0,0,7.236669841643297,0,NA,-1.2522816191621857e-4,0,118,113,91,FALSE,FALSE,FALSE,NA,NA,TRUE,TRUE,TRUE
2018,Rugby,Rugby,Rugby,Other sports/disciplines - Non-Code Signatories,31,31,0,31,0,0,0,1,2018_testing_figures_report.pdf,wada_testing_2018_sport_totals.csv,0,TRUE,NA,NA,NA,NA,NA,0,0,0,0,0,0,0,0,NA,NA,NA,FALSE,1640,267,1907,TRUE,0,1,0,1,0,0,263519,2771,10.51537080817702,1.1763857634553865e-4,0,1907,1907,1640,267,0,0,0,0,7.236669841643297,0,NA,-1.1763857634553865e-4,0,119,113,91,FALSE,FALSE,FALSE,NA,NA,TRUE,TRUE,TRUE
2018,Basque Sports,Basque Sports,Basque Sports,Other sports/disciplines - Non-Code Signatories,30,30,0,30,0,0,2,1,2018_testing_figures_report.pdf,wada_testing_2018_sport_totals.csv,0,TRUE,Basque Sports,1,Basque Sports,Other Sports - Non-Code Signatories,Other Sports - Non-Code Signatories,2,0,2,0,0,0,0,0,0,TRUE,FALSE,TRUE,1640,267,1907,TRUE,66.66666666666667,1,0,1,0,0,263519,2771,10.51537080817702,1.138437835601987e-4,7.217610970768675e-4,1907,1907,1640,267,0,0,0,0,7.236669841643297,0,0,-1.138437835601987e-4,0,120,73,91,FALSE,FALSE,FALSE,NA,NA,TRUE,TRUE,FALSE
2018,Go,Go,Go,AIMS sports,30,30,0,30,0,0,0,1,2018_testing_figures_report.pdf,wada_testing_2018_sport_totals.csv,0,TRUE,NA,NA,NA,NA,NA,0,0,0,0,0,0,0,0,NA,NA,NA,FALSE,1640,267,1907,TRUE,0,1,0,1,0,0,263519,2771,10.51537080817702,1.138437835601987e-4,0,1907,1907,1640,267,0,0,0,0,7.236669841643297,0,NA,-1.138437835601987e-4,0,120,113,91,FALSE,FALSE,FALSE,NA,NA,TRUE,TRUE,TRUE
2018,Jet-Ski,Jet-Ski,Jet-Ski,Other sports/disciplines - Non-Code Signatories,30,15,15,30,0,0,1,1,2018_testing_figures_report.pdf,wada_testing_2018_sport_totals.csv,0,TRUE,Jet-Ski,1,Jet-Ski,Other Sports - Non-Code Signatories,Other Sports - Non-Code Signatories,1,0,0,0,0,1,0,1,1,TRUE,FALSE,TRUE,1640,267,1907,TRUE,33.333333333333336,0.5,0.5,1,0,0,263519,2771,10.51537080817702,1.138437835601987e-4,3.6088054853843375e-4,1907,1907,1640,267,5.243838489774515e-4,33.333333333333336,33.333333333333336,0,7.236669841643297,4.6061702499563015,1,4.105400654172528e-4,4.6061702499563015,120,94,72,FALSE,FALSE,FALSE,NA,NA,TRUE,TRUE,FALSE
2018,Electronic Sports,Electronic Sports,Electronic Sports,Other sports/disciplines from Code Signatories,27,3,24,27,0,0,0,1,2018_testing_figures_report.pdf,wada_testing_2018_sport_totals.csv,0,TRUE,NA,NA,NA,NA,NA,0,0,0,0,0,0,0,0,NA,NA,NA,FALSE,1640,267,1907,TRUE,0,0.1111111111111111,0.8888888888888888,1,0,0,263519,2771,10.51537080817702,1.0245940520417882e-4,0,1907,1907,1640,267,0,0,0,0,7.236669841643297,0,NA,-1.0245940520417882e-4,0,123,113,91,FALSE,FALSE,FALSE,NA,NA,TRUE,TRUE,TRUE
2018,Fistball,Fistball,Fistball,AIMS sports,26,5,21,25,1,0,0,1,2018_testing_figures_report.pdf,wada_testing_2018_sport_totals.csv,0,TRUE,NA,NA,NA,NA,NA,0,0,0,0,0,0,0,0,NA,NA,NA,FALSE,1640,267,1907,TRUE,0,0.19230769230769232,0.8076923076923077,0.9615384615384616,0.038461538461538464,0,263519,2771,10.51537080817702,9.866461241883887e-5,0,1907,1907,1640,267,0,0,0,0,7.236669841643297,0,NA,-9.866461241883887e-5,0,124,113,91,FALSE,FALSE,FALSE,NA,NA,TRUE,TRUE,TRUE
2018,Rope Skipping,Rope Skipping,Rope Skipping,Other sports/disciplines - Non-Code Signatories,24,23,1,24,0,0,0,1,2018_testing_figures_report.pdf,wada_testing_2018_sport_totals.csv,0,TRUE,NA,NA,NA,NA,NA,0,0,0,0,0,0,0,0,NA,NA,NA,FALSE,1640,267,1907,TRUE,0,0.9583333333333334,0.041666666666666664,1,0,0,263519,2771,10.51537080817702,9.107502684815895e-5,0,1907,1907,1640,267,0,0,0,0,7.236669841643297,0,NA,-9.107502684815895e-5,0,125,113,91,FALSE,FALSE,FALSE,NA,NA,TRUE,TRUE,TRUE
2018,Bowls,Bowls,Bowls,Other sports/disciplines from Code Signatories,23,17,6,23,0,0,0,1,2018_testing_figures_report.pdf,wada_testing_2018_sport_totals.csv,0,TRUE,NA,NA,NA,NA,NA,0,0,0,0,0,0,0,0,NA,NA,NA,FALSE,1640,267,1907,TRUE,0,0.7391304347826086,0.2608695652173913,1,0,0,263519,2771,10.51537080817702,8.7280234062819e-5,0,1907,1907,1640,267,0,0,0,0,7.236669841643297,0,NA,-8.7280234062819e-5,0,126,113,91,FALSE,FALSE,FALSE,NA,NA,TRUE,TRUE,TRUE
2018,Flying Disc,Flying Disc,Flying Disc,ARISF recognized sports,23,21,2,23,0,0,0,1,2018_testing_figures_report.pdf,wada_testing_2018_sport_totals.csv,0,TRUE,NA,NA,NA,NA,NA,0,0,0,0,0,0,0,0,NA,NA,NA,FALSE,1640,267,1907,TRUE,0,0.9130434782608695,0.08695652173913043,1,0,0,263519,2771,10.51537080817702,8.7280234062819e-5,0,1907,1907,1640,267,0,0,0,0,7.236669841643297,0,NA,-8.7280234062819e-5,0,126,113,91,FALSE,FALSE,FALSE,NA,NA,TRUE,TRUE,TRUE
2018,CP Football,CP Football,CP Football,Sports for Athletes with an Impairment,22,11,11,21,1,0,0,1,2018_testing_figures_report.pdf,wada_testing_2018_sport_totals.csv,0,TRUE,NA,NA,NA,NA,NA,0,0,0,0,0,0,0,0,NA,NA,NA,FALSE,1640,267,1907,TRUE,0,0.5,0.5,0.9545454545454546,0.045454545454545456,0,263519,2771,10.51537080817702,8.348544127747904e-5,0,1907,1907,1640,267,0,0,0,0,7.236669841643297,0,NA,-8.348544127747904e-5,0,128,113,91,FALSE,FALSE,FALSE,NA,NA,TRUE,TRUE,TRUE
2018,Military Sport Pentathlon,Military Sport Pentathlon,Military Sport Pentathlon,Other sports/disciplines - Non-Code Signatories,22,22,0,21,1,0,0,1,2018_testing_figures_report.pdf,wada_testing_2018_sport_totals.csv,0,TRUE,NA,NA,NA,NA,NA,0,0,0,0,0,0,0,0,NA,NA,NA,FALSE,1640,267,1907,TRUE,0,1,0,0.9545454545454546,0.045454545454545456,0,263519,2771,10.51537080817702,8.348544127747904e-5,0,1907,1907,1640,267,0,0,0,0,7.236669841643297,0,NA,-8.348544127747904e-5,0,128,113,91,FALSE,FALSE,FALSE,NA,NA,TRUE,TRUE,TRUE
2018,Para-Bowls,Para-Bowls,Para-Bowls,Sports for Athletes with an Impairment,22,15,7,22,0,0,0,1,2018_testing_figures_report.pdf,wada_testing_2018_sport_totals.csv,0,TRUE,NA,NA,NA,NA,NA,0,0,0,0,0,0,0,0,NA,NA,NA,FALSE,1640,267,1907,TRUE,0,0.6818181818181818,0.3181818181818182,1,0,0,263519,2771,10.51537080817702,8.348544127747904e-5,0,1907,1907,1640,267,0,0,0,0,7.236669841643297,0,NA,-8.348544127747904e-5,0,128,113,91,FALSE,FALSE,FALSE,NA,NA,TRUE,TRUE,TRUE
2018,Savate,Savate,Savate,AIMS sports,22,12,10,21,1,0,0,1,2018_testing_figures_report.pdf,wada_testing_2018_sport_totals.csv,0,TRUE,NA,NA,NA,NA,NA,0,0,0,0,0,0,0,0,NA,NA,NA,FALSE,1640,267,1907,TRUE,0,0.5454545454545454,0.45454545454545453,0.9545454545454546,0.045454545454545456,0,263519,2771,10.51537080817702,8.348544127747904e-5,0,1907,1907,1640,267,0,0,0,0,7.236669841643297,0,NA,-8.348544127747904e-5,0,128,113,91,FALSE,FALSE,FALSE,NA,NA,TRUE,TRUE,TRUE
2018,Casting,Casting,Casting,AIMS sports,21,13,8,21,0,0,0,1,2018_testing_figures_report.pdf,wada_testing_2018_sport_totals.csv,0,TRUE,NA,NA,NA,NA,NA,0,0,0,0,0,0,0,0,NA,NA,NA,FALSE,1640,267,1907,TRUE,0,0.6190476190476191,0.38095238095238093,1,0,0,263519,2771,10.51537080817702,7.969064849213909e-5,0,1907,1907,1640,267,0,0,0,0,7.236669841643297,0,NA,-7.969064849213909e-5,0,132,113,91,FALSE,FALSE,FALSE,NA,NA,TRUE,TRUE,TRUE
2018,Pole Sports,Pole Sports,Pole Sports,Other sports/disciplines from Code Signatories,21,21,0,21,0,0,0,1,2018_testing_figures_report.pdf,wada_testing_2018_sport_totals.csv,0,TRUE,NA,NA,NA,NA,NA,0,0,0,0,0,0,0,0,NA,NA,NA,FALSE,1640,267,1907,TRUE,0,1,0,1,0,0,263519,2771,10.51537080817702,7.969064849213909e-5,0,1907,1907,1640,267,0,0,0,0,7.236669841643297,0,NA,-7.969064849213909e-5,0,132,113,91,FALSE,FALSE,FALSE,NA,NA,TRUE,TRUE,TRUE
2018,Padel,Padel,Padel,Other sports/disciplines - Non-Code Signatories,19,19,0,18,1,0,1,1,2018_testing_figures_report.pdf,wada_testing_2018_sport_totals.csv,0,TRUE,Padel,1,Padel,Other Sports - Non-Code Signatories,Other Sports - Non-Code Signatories,1,0,0,0,0,1,0,1,1,TRUE,FALSE,TRUE,1640,267,1907,TRUE,52.63157894736842,1,0,0.9473684210526315,0.05263157894736842,0,263519,2771,10.51537080817702,7.210106292145917e-5,3.6088054853843375e-4,1907,1907,1640,267,5.243838489774515e-4,52.63157894736842,52.63157894736842,0,7.236669841643297,7.272900394667843,1,4.5228278605599235e-4,7.272900394667844,134,94,72,FALSE,FALSE,FALSE,NA,NA,TRUE,TRUE,FALSE
2018,Speedball,Speedball,Speedball,Other sports/disciplines - Non-Code Signatories,19,8,11,19,0,0,0,1,2018_testing_figures_report.pdf,wada_testing_2018_sport_totals.csv,0,TRUE,NA,NA,NA,NA,NA,0,0,0,0,0,0,0,0,NA,NA,NA,FALSE,1640,267,1907,TRUE,0,0.42105263157894735,0.5789473684210527,1,0,0,263519,2771,10.51537080817702,7.210106292145917e-5,0,1907,1907,1640,267,0,0,0,0,7.236669841643297,0,NA,-7.210106292145917e-5,0,134,113,91,FALSE,FALSE,FALSE,NA,NA,TRUE,TRUE,TRUE
2018,Draughts,Draughts,Draughts,AIMS sports,18,11,7,18,0,0,2,1,2018_testing_figures_report.pdf,wada_testing_2018_sport_totals.csv,0,TRUE,Draughts,1,Draughts,AIMS,AIMS,2,0,0,0,0,2,0,2,1,TRUE,FALSE,TRUE,1640,267,1907,TRUE,111.1111111111111,0.6111111111111112,0.3888888888888889,1,0,0,263519,2771,10.51537080817702,6.830627013611922e-5,7.217610970768675e-4,1907,1907,1640,267,0.001048767697954903,111.1111111111111,111.1111111111111,0,7.236669841643297,15.35390083318767,1,9.804614278187838e-4,15.35390083318767,136,73,61,FALSE,FALSE,FALSE,NA,NA,TRUE,TRUE,FALSE
2018,Kempo,Kempo,Kempo,Other sports/disciplines - Non-Code Signatories,18,5,13,18,0,0,0,1,2018_testing_figures_report.pdf,wada_testing_2018_sport_totals.csv,0,TRUE,NA,NA,NA,NA,NA,0,0,0,0,0,0,0,0,NA,NA,NA,FALSE,1640,267,1907,TRUE,0,0.2777777777777778,0.7222222222222222,1,0,0,263519,2771,10.51537080817702,6.830627013611922e-5,0,1907,1907,1640,267,0,0,0,0,7.236669841643297,0,NA,-6.830627013611922e-5,0,136,113,91,FALSE,FALSE,FALSE,NA,NA,TRUE,TRUE,TRUE
2018,Minigolf,Minigolf,Minigolf,AIMS sports,18,16,2,18,0,0,0,1,2018_testing_figures_report.pdf,wada_testing_2018_sport_totals.csv,0,TRUE,NA,NA,NA,NA,NA,0,0,0,0,0,0,0,0,NA,NA,NA,FALSE,1640,267,1907,TRUE,0,0.8888888888888888,0.1111111111111111,1,0,0,263519,2771,10.51537080817702,6.830627013611922e-5,0,1907,1907,1640,267,0,0,0,0,7.236669841643297,0,NA,-6.830627013611922e-5,0,136,113,91,FALSE,FALSE,FALSE,NA,NA,TRUE,TRUE,TRUE
2018,Traditional Karate,Traditional Karate,Traditional Karate,Other sports/disciplines - Non-Code Signatories,15,2,13,15,0,0,0,1,2018_testing_figures_report.pdf,wada_testing_2018_sport_totals.csv,0,TRUE,NA,NA,NA,NA,NA,0,0,0,0,0,0,0,0,NA,NA,NA,FALSE,1640,267,1907,TRUE,0,0.13333333333333333,0.8666666666666667,1,0,0,263519,2771,10.51537080817702,5.692189178009935e-5,0,1907,1907,1640,267,0,0,0,0,7.236669841643297,0,NA,-5.692189178009935e-5,0,139,113,91,FALSE,FALSE,FALSE,NA,NA,TRUE,TRUE,TRUE
2018,Budo,Budo,Budo,Other sports/disciplines - Non-Code Signatories,13,4,9,13,0,0,0,1,2018_testing_figures_report.pdf,wada_testing_2018_sport_totals.csv,0,TRUE,NA,NA,NA,NA,NA,0,0,0,0,0,0,0,0,NA,NA,NA,FALSE,1640,267,1907,TRUE,0,0.3076923076923077,0.6923076923076923,1,0,0,263519,2771,10.51537080817702,4.9332306209419435e-5,0,1907,1907,1640,267,0,0,0,0,7.236669841643297,0,NA,-4.9332306209419435e-5,0,140,113,91,FALSE,FALSE,FALSE,NA,NA,TRUE,TRUE,TRUE
2018,Chin-up,Chin-up,Chin-up,Other sports/disciplines - Non-Code Signatories,13,10,3,10,3,0,0,1,2018_testing_figures_report.pdf,wada_testing_2018_sport_totals.csv,0,TRUE,NA,NA,NA,NA,NA,0,0,0,0,0,0,0,0,NA,NA,NA,FALSE,1640,267,1907,TRUE,0,0.7692307692307693,0.23076923076923078,0.7692307692307693,0.23076923076923078,0,263519,2771,10.51537080817702,4.9332306209419435e-5,0,1907,1907,1640,267,0,0,0,0,7.236669841643297,0,NA,-4.9332306209419435e-5,0,140,113,91,FALSE,FALSE,FALSE,NA,NA,TRUE,TRUE,TRUE
2018,Ringette,Ringette,Ringette,Other sports/disciplines - Non-Code Signatories,13,9,4,13,0,0,0,1,2018_testing_figures_report.pdf,wada_testing_2018_sport_totals.csv,0,TRUE,NA,NA,NA,NA,NA,0,0,0,0,0,0,0,0,NA,NA,NA,FALSE,1640,267,1907,TRUE,0,0.6923076923076923,0.3076923076923077,1,0,0,263519,2771,10.51537080817702,4.9332306209419435e-5,0,1907,1907,1640,267,0,0,0,0,7.236669841643297,0,NA,-4.9332306209419435e-5,0,140,113,91,FALSE,FALSE,FALSE,NA,NA,TRUE,TRUE,TRUE
2018,Longue Paume,Longue Paume,Longue Paume,Other sports/disciplines - Non-Code Signatories,12,12,0,12,0,0,6,1,2018_testing_figures_report.pdf,wada_testing_2018_sport_totals.csv,0,TRUE,Longue Paume,1,Longue Paume,Other Sports - Non-Code Signatories,Other Sports - Non-Code Signatories,6,0,0,0,0,6,0,6,1,TRUE,FALSE,TRUE,1640,267,1907,TRUE,500,1,0,1,0,0,263519,2771,10.51537080817702,4.553751342407948e-5,0.0021652832912306026,1907,1907,1640,267,0.003146303093864709,500,500,0,7.236669841643297,69.09255374934452,1,0.0031007655804406297,69.09255374934452,143,53,40,FALSE,FALSE,FALSE,NA,NA,TRUE,TRUE,FALSE
2018,Polo,Polo,Polo,ARISF recognized sports,12,12,0,12,0,0,0,1,2018_testing_figures_report.pdf,wada_testing_2018_sport_totals.csv,0,TRUE,NA,NA,NA,NA,NA,0,0,0,0,0,0,0,0,NA,NA,NA,FALSE,1640,267,1907,TRUE,0,1,0,1,0,0,263519,2771,10.51537080817702,4.553751342407948e-5,0,1907,1907,1640,267,0,0,0,0,7.236669841643297,0,NA,-4.553751342407948e-5,0,143,113,91,FALSE,FALSE,FALSE,NA,NA,TRUE,TRUE,TRUE
2018,Para-Bowling,Para-Bowling,Para-Bowling,Sports for Athletes with an Impairment,11,3,8,11,0,0,0,1,2018_testing_figures_report.pdf,wada_testing_2018_sport_totals.csv,0,TRUE,NA,NA,NA,NA,NA,0,0,0,0,0,0,0,0,NA,NA,NA,FALSE,1640,267,1907,TRUE,0,0.2727272727272727,0.7272727272727273,1,0,0,263519,2771,10.51537080817702,4.174272063873952e-5,0,1907,1907,1640,267,0,0,0,0,7.236669841643297,0,NA,-4.174272063873952e-5,0,145,113,91,FALSE,FALSE,FALSE,NA,NA,TRUE,TRUE,TRUE
2018,Cross training/Military cross training,Cross training/Military cross training,Cross training / Military cross training,Other sports/disciplines - Non-Code Signatories,10,10,0,10,0,0,0,1,2018_testing_figures_report.pdf,wada_testing_2018_sport_totals.csv,0,TRUE,NA,NA,NA,NA,NA,0,0,0,0,0,0,0,0,NA,NA,NA,FALSE,1640,267,1907,TRUE,0,1,0,1,0,0,263519,2771,10.51537080817702,3.794792785339956e-5,0,1907,1907,1640,267,0,0,0,0,7.236669841643297,0,NA,-3.794792785339956e-5,0,146,113,91,FALSE,FALSE,FALSE,NA,NA,TRUE,TRUE,TRUE
2018,Rafting,Rafting,Rafting,Other sports/disciplines - Non-Code Signatories,10,10,0,10,0,0,0,1,2018_testing_figures_report.pdf,wada_testing_2018_sport_totals.csv,0,TRUE,NA,NA,NA,NA,NA,0,0,0,0,0,0,0,0,NA,NA,NA,FALSE,1640,267,1907,TRUE,0,1,0,1,0,0,263519,2771,10.51537080817702,3.794792785339956e-5,0,1907,1907,1640,267,0,0,0,0,7.236669841643297,0,NA,-3.794792785339956e-5,0,146,113,91,FALSE,FALSE,FALSE,NA,NA,TRUE,TRUE,TRUE
2018,Qazaq Kuresi,Qazaq Kuresi,Qazaq Kuresi,Other sports/disciplines - Non-Code Signatories,9,9,0,9,0,0,0,1,2018_testing_figures_report.pdf,wada_testing_2018_sport_totals.csv,0,TRUE,NA,NA,NA,NA,NA,0,0,0,0,0,0,0,0,NA,NA,NA,FALSE,1640,267,1907,TRUE,0,1,0,1,0,0,263519,2771,10.51537080817702,3.415313506805961e-5,0,1907,1907,1640,267,0,0,0,0,7.236669841643297,0,NA,-3.415313506805961e-5,0,148,113,91,FALSE,FALSE,FALSE,NA,NA,TRUE,TRUE,TRUE
2018,Clay Target Shooting,Clay Target Shooting,Clay Target Shooting,Other sports/disciplines - Non-Code Signatories,8,4,4,8,0,0,0,1,2018_testing_figures_report.pdf,wada_testing_2018_sport_totals.csv,0,TRUE,NA,NA,NA,NA,NA,0,0,0,0,0,0,0,0,NA,NA,NA,FALSE,1640,267,1907,TRUE,0,0.5,0.5,1,0,0,263519,2771,10.51537080817702,3.035834228271965e-5,0,1907,1907,1640,267,0,0,0,0,7.236669841643297,0,NA,-3.035834228271965e-5,0,149,113,91,FALSE,FALSE,FALSE,NA,NA,TRUE,TRUE,TRUE
2018,Course Camarguaise,Course Camarguaise,Course Camarguaise,Other sports/disciplines - Non-Code Signatories,8,8,0,8,0,0,1,1,2018_testing_figures_report.pdf,wada_testing_2018_sport_totals.csv,0,TRUE,Course Camarguaise,1,Course Camarguaise,Other Sports - Non-Code Signatories,Other Sports - Non-Code Signatories,1,0,0,0,0,1,0,1,1,TRUE,FALSE,TRUE,1640,267,1907,TRUE,125,1,0,1,0,0,263519,2771,10.51537080817702,3.035834228271965e-5,3.6088054853843375e-4,1907,1907,1640,267,5.243838489774515e-4,125,125,0,7.236669841643297,17.27313843733613,1,4.940255066947319e-4,17.273138437336133,149,94,72,FALSE,FALSE,FALSE,NA,NA,TRUE,TRUE,FALSE
2018,FIFA e-sports,FIFA e-sports,FIFA e-sports,Other sports/disciplines - Non-Code Signatories,8,8,0,8,0,0,0,1,2018_testing_figures_report.pdf,wada_testing_2018_sport_totals.csv,0,TRUE,NA,NA,NA,NA,NA,0,0,0,0,0,0,0,0,NA,NA,NA,FALSE,1640,267,1907,TRUE,0,1,0,1,0,0,263519,2771,10.51537080817702,3.035834228271965e-5,0,1907,1907,1640,267,0,0,0,0,7.236669841643297,0,NA,-3.035834228271965e-5,0,149,113,91,FALSE,FALSE,FALSE,NA,NA,TRUE,TRUE,TRUE
2018,Kho Kho,Kho Kho,Kho Kho,Other sports/disciplines - Non-Code Signatories,8,8,0,8,0,0,0,1,2018_testing_figures_report.pdf,wada_testing_2018_sport_totals.csv,0,TRUE,NA,NA,NA,NA,NA,0,0,0,0,0,0,0,0,NA,NA,NA,FALSE,1640,267,1907,TRUE,0,1,0,1,0,0,263519,2771,10.51537080817702,3.035834228271965e-5,0,1907,1907,1640,267,0,0,0,0,7.236669841643297,0,NA,-3.035834228271965e-5,0,149,113,91,FALSE,FALSE,FALSE,NA,NA,TRUE,TRUE,TRUE
2018,Multifunctional Training,Multifunctional Training,Multifunctional Training,Other sports/disciplines - Non-Code Signatories,8,8,0,8,0,0,2,1,2018_testing_figures_report.pdf,wada_testing_2018_sport_totals.csv,0,TRUE,Multifunctional Training,1,Multifunctional Training,Other Sports - Non-Code Signatories,Other Sports - Non-Code Signatories,2,0,2,0,0,0,0,0,0,TRUE,FALSE,TRUE,1640,267,1907,TRUE,250,1,0,1,0,0,263519,2771,10.51537080817702,3.035834228271965e-5,7.217610970768675e-4,1907,1907,1640,267,0,0,0,0,7.236669841643297,0,0,-3.035834228271965e-5,0,149,73,91,FALSE,FALSE,FALSE,NA,NA,TRUE,TRUE,FALSE
2018,Touch Football,Touch Football,Touch Football,Other sports/disciplines - Non-Code Signatories,8,8,0,8,0,0,0,1,2018_testing_figures_report.pdf,wada_testing_2018_sport_totals.csv,0,TRUE,NA,NA,NA,NA,NA,0,0,0,0,0,0,0,0,NA,NA,NA,FALSE,1640,267,1907,TRUE,0,1,0,1,0,0,263519,2771,10.51537080817702,3.035834228271965e-5,0,1907,1907,1640,267,0,0,0,0,7.236669841643297,0,NA,-3.035834228271965e-5,0,149,113,91,FALSE,FALSE,FALSE,NA,NA,TRUE,TRUE,TRUE
2018,Extreme,Extreme,Extreme,Other sports/disciplines - Non-Code Signatories,7,6,1,7,0,0,0,1,2018_testing_figures_report.pdf,wada_testing_2018_sport_totals.csv,0,TRUE,NA,NA,NA,NA,NA,0,0,0,0,0,0,0,0,NA,NA,NA,FALSE,1640,267,1907,TRUE,0,0.8571428571428571,0.14285714285714285,1,0,0,263519,2771,10.51537080817702,2.6563549497379696e-5,0,1907,1907,1640,267,0,0,0,0,7.236669841643297,0,NA,-2.6563549497379696e-5,0,155,113,91,FALSE,FALSE,FALSE,NA,NA,TRUE,TRUE,TRUE
2018,Broomball,Broomball,Broomball,Other sports/disciplines - Non-Code Signatories,6,6,0,6,0,0,0,1,2018_testing_figures_report.pdf,wada_testing_2018_sport_totals.csv,0,TRUE,NA,NA,NA,NA,NA,0,0,0,0,0,0,0,0,NA,NA,NA,FALSE,1640,267,1907,TRUE,0,1,0,1,0,0,263519,2771,10.51537080817702,2.276875671203974e-5,0,1907,1907,1640,267,0,0,0,0,7.236669841643297,0,NA,-2.276875671203974e-5,0,156,113,91,FALSE,FALSE,FALSE,NA,NA,TRUE,TRUE,TRUE
2018,Heavy Athletics,Heavy Athletics,Heavy Athletics,Other sports/disciplines - Non-Code Signatories,6,6,0,6,0,0,0,1,2018_testing_figures_report.pdf,wada_testing_2018_sport_totals.csv,0,TRUE,NA,NA,NA,NA,NA,0,0,0,0,0,0,0,0,NA,NA,NA,FALSE,1640,267,1907,TRUE,0,1,0,1,0,0,263519,2771,10.51537080817702,2.276875671203974e-5,0,1907,1907,1640,267,0,0,0,0,7.236669841643297,0,NA,-2.276875671203974e-5,0,156,113,91,FALSE,FALSE,FALSE,NA,NA,TRUE,TRUE,TRUE
2018,Highland Games,Highland Games,Highland Games,Other sports/disciplines - Non-Code Signatories,6,6,0,6,0,0,0,1,2018_testing_figures_report.pdf,wada_testing_2018_sport_totals.csv,0,TRUE,NA,NA,NA,NA,NA,0,0,0,0,0,0,0,0,NA,NA,NA,FALSE,1640,267,1907,TRUE,0,1,0,1,0,0,263519,2771,10.51537080817702,2.276875671203974e-5,0,1907,1907,1640,267,0,0,0,0,7.236669841643297,0,NA,-2.276875671203974e-5,0,156,113,91,FALSE,FALSE,FALSE,NA,NA,TRUE,TRUE,TRUE
2018,Kudo,Kudo,Kudo,Other sports/disciplines - Non-Code Signatories,6,4,2,6,0,0,0,1,2018_testing_figures_report.pdf,wada_testing_2018_sport_totals.csv,0,TRUE,NA,NA,NA,NA,NA,0,0,0,0,0,0,0,0,NA,NA,NA,FALSE,1640,267,1907,TRUE,0,0.6666666666666666,0.3333333333333333,1,0,0,263519,2771,10.51537080817702,2.276875671203974e-5,0,1907,1907,1640,267,0,0,0,0,7.236669841643297,0,NA,-2.276875671203974e-5,0,156,113,91,FALSE,FALSE,FALSE,NA,NA,TRUE,TRUE,TRUE
2018,Para-DanceSport,Para-DanceSport,Para-DanceSport,Paralympic sports/disciplines,6,6,0,6,0,0,0,1,2018_testing_figures_report.pdf,wada_testing_2018_sport_totals.csv,0,TRUE,NA,NA,NA,NA,NA,0,0,0,0,0,0,0,0,NA,NA,NA,FALSE,1640,267,1907,TRUE,0,1,0,1,0,0,263519,2771,10.51537080817702,2.276875671203974e-5,0,1907,1907,1640,267,0,0,0,0,7.236669841643297,0,NA,-2.276875671203974e-5,0,156,113,91,FALSE,FALSE,FALSE,NA,NA,TRUE,TRUE,TRUE
2018,Practical Shooting,Practical Shooting,Practical Shooting,Other sports/disciplines - Non-Code Signatories,6,6,0,6,0,0,0,1,2018_testing_figures_report.pdf,wada_testing_2018_sport_totals.csv,0,TRUE,NA,NA,NA,NA,NA,0,0,0,0,0,0,0,0,NA,NA,NA,FALSE,1640,267,1907,TRUE,0,1,0,1,0,0,263519,2771,10.51537080817702,2.276875671203974e-5,0,1907,1907,1640,267,0,0,0,0,7.236669841643297,0,NA,-2.276875671203974e-5,0,156,113,91,FALSE,FALSE,FALSE,NA,NA,TRUE,TRUE,TRUE
2018,Strongman,Strongman,Strongman,Other sports/disciplines - Non-Code Signatories,5,5,0,5,0,0,1,1,2018_testing_figures_report.pdf,wada_testing_2018_sport_totals.csv,0,TRUE,Strongman,1,Strongman,Other Sports - Non-Code Signatories,Other Sports - Non-Code Signatories,1,0,0,0,1,0,0,0,0,TRUE,FALSE,TRUE,1640,267,1907,TRUE,200,1,0,1,0,0,263519,2771,10.51537080817702,1.897396392669978e-5,3.6088054853843375e-4,1907,1907,1640,267,0,0,0,0,7.236669841643297,0,0,-1.897396392669978e-5,0,162,94,91,FALSE,FALSE,FALSE,NA,NA,TRUE,TRUE,FALSE
2018,French Boxing,French Boxing,French Boxing,Other sports/disciplines - Non-Code Signatories,4,4,0,4,0,0,0,1,2018_testing_figures_report.pdf,wada_testing_2018_sport_totals.csv,0,TRUE,NA,NA,NA,NA,NA,0,0,0,0,0,0,0,0,NA,NA,NA,FALSE,1640,267,1907,TRUE,0,1,0,1,0,0,263519,2771,10.51537080817702,1.5179171141359825e-5,0,1907,1907,1640,267,0,0,0,0,7.236669841643297,0,NA,-1.5179171141359825e-5,0,163,113,91,FALSE,FALSE,FALSE,NA,NA,TRUE,TRUE,TRUE
2018,Military Patrol,Military Patrol,Military Patrol,Other sports/disciplines - Non-Code Signatories,4,4,0,4,0,0,0,1,2018_testing_figures_report.pdf,wada_testing_2018_sport_totals.csv,0,TRUE,NA,NA,NA,NA,NA,0,0,0,0,0,0,0,0,NA,NA,NA,FALSE,1640,267,1907,TRUE,0,1,0,1,0,0,263519,2771,10.51537080817702,1.5179171141359825e-5,0,1907,1907,1640,267,0,0,0,0,7.236669841643297,0,NA,-1.5179171141359825e-5,0,163,113,91,FALSE,FALSE,FALSE,NA,NA,TRUE,TRUE,TRUE
2018,Vovinam,Vovinam,Vovinam,Other sports/disciplines - Non-Code Signatories,4,4,0,4,0,0,0,1,2018_testing_figures_report.pdf,wada_testing_2018_sport_totals.csv,0,TRUE,NA,NA,NA,NA,NA,0,0,0,0,0,0,0,0,NA,NA,NA,FALSE,1640,267,1907,TRUE,0,1,0,1,0,0,263519,2771,10.51537080817702,1.5179171141359825e-5,0,1907,1907,1640,267,0,0,0,0,7.236669841643297,0,NA,-1.5179171141359825e-5,0,163,113,91,FALSE,FALSE,FALSE,NA,NA,TRUE,TRUE,TRUE
2018,Aesthetic Group Gymnastics,Aesthetic Group Gymnastics,Aesthetic Group Gymnastics,Other sports/disciplines - Non-Code Signatories,3,3,0,3,0,0,0,1,2018_testing_figures_report.pdf,wada_testing_2018_sport_totals.csv,0,TRUE,NA,NA,NA,NA,NA,0,0,0,0,0,0,0,0,NA,NA,NA,FALSE,1640,267,1907,TRUE,0,1,0,1,0,0,263519,2771,10.51537080817702,1.138437835601987e-5,0,1907,1907,1640,267,0,0,0,0,7.236669841643297,0,NA,-1.138437835601987e-5,0,166,113,91,FALSE,FALSE,FALSE,NA,NA,TRUE,TRUE,TRUE
2018,Aikido,Aikido,Aikido,AIMS sports,3,3,0,3,0,0,0,1,2018_testing_figures_report.pdf,wada_testing_2018_sport_totals.csv,0,TRUE,NA,NA,NA,NA,NA,0,0,0,0,0,0,0,0,NA,NA,NA,FALSE,1640,267,1907,TRUE,0,1,0,1,0,0,263519,2771,10.51537080817702,1.138437835601987e-5,0,1907,1907,1640,267,0,0,0,0,7.236669841643297,0,NA,-1.138437835601987e-5,0,166,113,91,FALSE,FALSE,FALSE,NA,NA,TRUE,TRUE,TRUE
2018,Canicross,Canicross,Canicross,Other sports/disciplines - Non-Code Signatories,3,3,0,3,0,0,0,1,2018_testing_figures_report.pdf,wada_testing_2018_sport_totals.csv,0,TRUE,NA,NA,NA,NA,NA,0,0,0,0,0,0,0,0,NA,NA,NA,FALSE,1640,267,1907,TRUE,0,1,0,1,0,0,263519,2771,10.51537080817702,1.138437835601987e-5,0,1907,1907,1640,267,0,0,0,0,7.236669841643297,0,NA,-1.138437835601987e-5,0,166,113,91,FALSE,FALSE,FALSE,NA,NA,TRUE,TRUE,TRUE
2018,Crossbow,Crossbow,Crossbow,Other sports/disciplines - Non-Code Signatories,3,3,0,3,0,0,0,1,2018_testing_figures_report.pdf,wada_testing_2018_sport_totals.csv,0,TRUE,NA,NA,NA,NA,NA,0,0,0,0,0,0,0,0,NA,NA,NA,FALSE,1640,267,1907,TRUE,0,1,0,1,0,0,263519,2771,10.51537080817702,1.138437835601987e-5,0,1907,1907,1640,267,0,0,0,0,7.236669841643297,0,NA,-1.138437835601987e-5,0,166,113,91,FALSE,FALSE,FALSE,NA,NA,TRUE,TRUE,TRUE
2018,Street and Ball Hockey,Street and Ball Hockey,Street and Ball Hockey,Other sports/disciplines - Non-Code Signatories,3,3,0,3,0,0,0,1,2018_testing_figures_report.pdf,wada_testing_2018_sport_totals.csv,0,TRUE,NA,NA,NA,NA,NA,0,0,0,0,0,0,0,0,NA,NA,NA,FALSE,1640,267,1907,TRUE,0,1,0,1,0,0,263519,2771,10.51537080817702,1.138437835601987e-5,0,1907,1907,1640,267,0,0,0,0,7.236669841643297,0,NA,-1.138437835601987e-5,0,166,113,91,FALSE,FALSE,FALSE,NA,NA,TRUE,TRUE,TRUE
2018,Chanbara,Chanbara,Chanbara,Other sports/disciplines - Non-Code Signatories,2,0,2,2,0,0,0,1,2018_testing_figures_report.pdf,wada_testing_2018_sport_totals.csv,0,TRUE,NA,NA,NA,NA,NA,0,0,0,0,0,0,0,0,NA,NA,NA,FALSE,1640,267,1907,TRUE,0,0,1,1,0,0,263519,2771,10.51537080817702,7.589585570679913e-6,0,1907,1907,1640,267,0,0,0,0,7.236669841643297,0,NA,-7.589585570679913e-6,0,171,113,91,FALSE,FALSE,FALSE,NA,NA,TRUE,TRUE,TRUE
2018,Company Sports,Company Sports,Company Sports,Other sports/disciplines - Non-Code Signatories,2,0,2,2,0,0,0,1,2018_testing_figures_report.pdf,wada_testing_2018_sport_totals.csv,0,TRUE,NA,NA,NA,NA,NA,0,0,0,0,0,0,0,0,NA,NA,NA,FALSE,1640,267,1907,TRUE,0,0,1,1,0,0,263519,2771,10.51537080817702,7.589585570679913e-6,0,1907,1907,1640,267,0,0,0,0,7.236669841643297,0,NA,-7.589585570679913e-6,0,171,113,91,FALSE,FALSE,FALSE,NA,NA,TRUE,TRUE,TRUE
2018,Full Contact,Full Contact,Full Contact,Other sports/disciplines - Non-Code Signatories,2,2,0,2,0,0,0,1,2018_testing_figures_report.pdf,wada_testing_2018_sport_totals.csv,0,TRUE,NA,NA,NA,NA,NA,0,0,0,0,0,0,0,0,NA,NA,NA,FALSE,1640,267,1907,TRUE,0,1,0,1,0,0,263519,2771,10.51537080817702,7.589585570679913e-6,0,1907,1907,1640,267,0,0,0,0,7.236669841643297,0,NA,-7.589585570679913e-6,0,171,113,91,FALSE,FALSE,FALSE,NA,NA,TRUE,TRUE,TRUE
2018,Leones Bowls,Leones Bowls,Leones Bowls,Other sports/disciplines - Non-Code Signatories,2,2,0,2,0,0,0,1,2018_testing_figures_report.pdf,wada_testing_2018_sport_totals.csv,0,TRUE,NA,NA,NA,NA,NA,0,0,0,0,0,0,0,0,NA,NA,NA,FALSE,1640,267,1907,TRUE,0,1,0,1,0,0,263519,2771,10.51537080817702,7.589585570679913e-6,0,1907,1907,1640,267,0,0,0,0,7.236669841643297,0,NA,-7.589585570679913e-6,0,171,113,91,FALSE,FALSE,FALSE,NA,NA,TRUE,TRUE,TRUE
2018,Showdown,Showdown,Showdown,Sports for Athletes with an Impairment,2,2,0,2,0,0,1,1,2018_testing_figures_report.pdf,wada_testing_2018_sport_totals.csv,0,TRUE,Showdown,1,Showdown,Sports for Athletes with an Impairment,Sports for Athletes with an Impairment,1,0,0,0,1,0,0,0,0,TRUE,FALSE,TRUE,1640,267,1907,TRUE,500,1,0,1,0,0,263519,2771,10.51537080817702,7.589585570679913e-6,3.6088054853843375e-4,1907,1907,1640,267,0,0,0,0,7.236669841643297,0,0,-7.589585570679913e-6,0,171,94,91,FALSE,FALSE,FALSE,NA,NA,TRUE,TRUE,FALSE
2018,Softball,Softball,Softball,Other sports/disciplines - Non-Code Signatories,2,2,0,2,0,0,0,1,2018_testing_figures_report.pdf,wada_testing_2018_sport_totals.csv,0,TRUE,NA,NA,NA,NA,NA,0,0,0,0,0,0,0,0,NA,NA,NA,FALSE,1640,267,1907,TRUE,0,1,0,1,0,0,263519,2771,10.51537080817702,7.589585570679913e-6,0,1907,1907,1640,267,0,0,0,0,7.236669841643297,0,NA,-7.589585570679913e-6,0,171,113,91,FALSE,FALSE,FALSE,NA,NA,TRUE,TRUE,TRUE
2018,Speleology,Speleology,Speleology,Other sports/disciplines - Non-Code Signatories,2,0,2,2,0,0,0,1,2018_testing_figures_report.pdf,wada_testing_2018_sport_totals.csv,0,TRUE,NA,NA,NA,NA,NA,0,0,0,0,0,0,0,0,NA,NA,NA,FALSE,1640,267,1907,TRUE,0,0,1,1,0,0,263519,2771,10.51537080817702,7.589585570679913e-6,0,1907,1907,1640,267,0,0,0,0,7.236669841643297,0,NA,-7.589585570679913e-6,0,171,113,91,FALSE,FALSE,FALSE,NA,NA,TRUE,TRUE,TRUE
2018,Shoe Racing,Shoe Racing,Shoe Racing,Other sports/disciplines - Non-Code Signatories,1,1,0,1,0,0,0,1,2018_testing_figures_report.pdf,wada_testing_2018_sport_totals.csv,0,TRUE,NA,NA,NA,NA,NA,0,0,0,0,0,0,0,0,NA,NA,NA,FALSE,1640,267,1907,TRUE,0,1,0,1,0,0,263519,2771,10.51537080817702,3.7947927853399563e-6,0,1907,1907,1640,267,0,0,0,0,7.236669841643297,0,NA,-3.7947927853399563e-6,0,178,113,91,FALSE,FALSE,FALSE,NA,NA,TRUE,TRUE,TRUE
2018,Stilts Racing,Stilts Racing,Stilts Racing,Other sports/disciplines - Non-Code Signatories,1,1,0,1,0,0,0,1,2018_testing_figures_report.pdf,wada_testing_2018_sport_totals.csv,0,TRUE,NA,NA,NA,NA,NA,0,0,0,0,0,0,0,0,NA,NA,NA,FALSE,1640,267,1907,TRUE,0,1,0,1,0,0,263519,2771,10.51537080817702,3.7947927853399563e-6,0,1907,1907,1640,267,0,0,0,0,7.236669841643297,0,NA,-3.7947927853399563e-6,0,178,113,91,FALSE,FALSE,FALSE,NA,NA,TRUE,TRUE,TRUE
2018,Trapeze,Trapeze,Trapeze,Other sports/disciplines - Non-Code Signatories,1,1,0,1,0,0,0,1,2018_testing_figures_report.pdf,wada_testing_2018_sport_totals.csv,0,TRUE,NA,NA,NA,NA,NA,0,0,0,0,0,0,0,0,NA,NA,NA,FALSE,1640,267,1907,TRUE,0,1,0,1,0,0,263519,2771,10.51537080817702,3.7947927853399563e-6,0,1907,1907,1640,267,0,0,0,0,7.236669841643297,0,NA,-3.7947927853399563e-6,0,178,113,91,FALSE,FALSE,FALSE,NA,NA,TRUE,TRUE,TRUE
2018,Ultimate Fighting,Ultimate Fighting,Ultimate Fighting,Other sports/disciplines - Non-Code Signatories,1,0,1,1,0,0,0,1,2018_testing_figures_report.pdf,wada_testing_2018_sport_totals.csv,0,TRUE,NA,NA,NA,NA,NA,0,0,0,0,0,0,0,0,NA,NA,NA,FALSE,1640,267,1907,TRUE,0,0,1,1,0,0,263519,2771,10.51537080817702,3.7947927853399563e-6,0,1907,1907,1640,267,0,0,0,0,7.236669841643297,0,NA,-3.7947927853399563e-6,0,178,113,91,FALSE,FALSE,FALSE,NA,NA,TRUE,TRUE,TRUE
2019,Football,Football,Football,ASOIF Summer Olympic sports | Other sports/disciplines - Non-Code Signatories | Other sports/disciplines from Code Signatories | Sports for Athletes with an Impairment,40568,27541,13027,37644,2924,0,140,5,2019_anti-doping_testing_figures_en.pdf,wada_testing_2019_sport_totals.csv,0,TRUE,Football,1,Football,ASOIF | Other Sports - Non-Code Signatories,ASOIF | Other Sports - Non-Code Signatories,140,14,15,7,35,69,16,85,0.492857142857143,TRUE,TRUE,TRUE,1537,351,1888,TRUE,3.4509958588049696,0.6788848353381975,0.3211151646618024,0.9279234864918162,0.0720765135081838,0,278047,2702,9.71778152614486,0.14590339043399136,0.05181347150259067,1888,1888,1537,351,0.045021186440677964,2.095247485703017,1.7008479589824492,0.39439952672056794,6.790218919822908,0.3085684733354167,0.4928571428571429,-0.10088220399331341,0.30856847333541676,1,6,6,TRUE,TRUE,TRUE,79,102,TRUE,TRUE,FALSE
2019,Athletics,Athletics,Athletics,ASOIF Summer Olympic sports | Other sports/disciplines - Non-Code Signatories | Other sports/disciplines from Code Signatories | Sports for Athletes with an Impairment,35428,18131,17297,32682,2746,0,264,5,2019_anti-doping_testing_figures_en.pdf,wada_testing_2019_sport_totals.csv,0,TRUE,Athletics,1,Athletics,ASOIF | Other Code Signatories | Other Sports - Non-Code Signatories | Sports for Athletes with an Impairment,ASOIF | Other Code Signatories | Other Sports - Non-Code Signatories | Sports for Athletes with an Impairment,264,18,12,2,52,180,54,234,0.681818181818182,TRUE,TRUE,TRUE,1537,351,1888,TRUE,7.451733092469233,0.5117703511346957,0.4882296488653043,0.9224906853336344,0.07750931466636558,0,278047,2702,9.71778152614486,0.12741730714591418,0.09770540340488527,1888,1888,1537,351,0.1239406779661017,6.604945241052276,5.08072710850175,1.5242181325505249,6.790218919822908,0.9727146236434651,0.6818181818181818,-0.0034766291798124793,0.9727146236434651,2,3,2,TRUE,TRUE,TRUE,46,81,TRUE,TRUE,FALSE
2019,Cycling,Cycling,Cycling,ASOIF Summer Olympic sports | Other sports/disciplines - Non-Code Signatories | Other sports/disciplines from Code Signatories | Sports for Athletes with an Impairment,25794,14335,11459,23331,2463,0,272,5,2019_anti-doping_testing_figures_en.pdf,wada_testing_2019_sport_totals.csv,0,TRUE,Cycling,1,Cycling,ASOIF | Other Sports - Non-Code Signatories | Sports for Athletes with an Impairment,ASOIF | Other Sports - Non-Code Signatories | Sports for Athletes with an Impairment,272,46,21,4,52,149,39,188,0.547794117647059,TRUE,TRUE,TRUE,1537,351,1888,TRUE,10.545088004962395,0.5557493990850585,0.44425060091494145,0.9045126773668295,0.0954873226331705,0,278047,2702,9.71778152614486,0.09276848878067377,0.10066617320503331,1888,1888,1537,351,0.09957627118644068,7.288516709312243,5.776537179188959,1.5119795301232846,6.790218919822908,1.0733846427299476,0.5477941176470589,0.0068077824057669045,1.0733846427299476,3,2,3,TRUE,TRUE,TRUE,42,68,TRUE,TRUE,FALSE
2019,Aquatics,Aquatics,Aquatics,ASOIF Summer Olympic sports | Other sports/disciplines - Non-Code Signatories | Other sports/disciplines from Code Signatories | Sports for Athletes with an Impairment,17828,7594,10234,15031,2797,0,81,5,2019_anti-doping_testing_figures_en.pdf,wada_testing_2019_sport_totals.csv,0,TRUE,Aquatics,1,Aquatics,ASOIF | Other Code Signatories | Sports for Athletes with an Impairment,ASOIF | Other Code Signatories | Sports for Athletes with an Impairment,81,26,3,2,11,39,11,50,0.481481481481481,TRUE,TRUE,TRUE,1537,351,1888,TRUE,4.5434148530401615,0.42595916535786404,0.574040834642136,0.8431119587166256,0.15688804128337447,0,278047,2702,9.71778152614486,0.0641186561984125,0.02997779422649889,1888,1888,1537,351,0.026483050847457626,2.8045770697778774,2.1875701144267445,0.617006955351133,6.790218919822908,0.4130319070553652,0.48148148148148145,-0.03763560535095488,0.41303190705536513,4,9,9,TRUE,TRUE,TRUE,72,97,TRUE,TRUE,FALSE
2019,Weightlifting,Weightlifting,Weightlifting,ASOIF Summer Olympic sports,12849,5972,6877,10828,2021,0,188,1,2019_anti-doping_testing_figures_en.pdf,wada_testing_2019_sport_totals.csv,0,TRUE,Weightlifting,1,Weightlifting,ASOIF,ASOIF,188,10,7,5,29,137,22,159,0.728723404255319,TRUE,TRUE,TRUE,1537,351,1888,TRUE,14.631488831815705,0.4647832516149117,0.5352167483850884,0.8427114950579812,0.15728850494201885,0,278047,2702,9.71778152614486,0.04621161170593461,0.0695780903034789,1888,1888,1537,351,0.08421610169491525,12.37450385243988,10.662308350844423,1.7121955015954549,6.790218919822908,1.8224013096712663,0.7287234042553191,0.03800448998898064,1.8224013096712663,5,4,4,TRUE,TRUE,TRUE,30,55,TRUE,TRUE,FALSE
2019,Rugby Union,Rugby Union,Rugby Union,ASOIF Summer Olympic sports,8220,2868,5352,7430,790,0,81,1,2019_anti-doping_testing_figures_en.pdf,wada_testing_2019_sport_totals.csv,0,TRUE,Rugby Union,1,Rugby Union,ASOIF | Other Sports - Non-Code Signatories | Sports for Athletes with an Impairment,ASOIF | Other Sports - Non-Code Signatories | Sports for Athletes with an Impairment,84,8,5,1,11,59,15,74,0.702380952380952,TRUE,TRUE,TRUE,1537,351,1888,TRUE,9.854014598540147,0.34890510948905107,0.6510948905109489,0.9038929440389294,0.09610705596107055,0,278047,2702,9.71778152614486,0.02956334720388999,0.02997779422649889,1888,1888,1537,351,0.03919491525423729,9.002433090024331,7.177615571776156,1.8248175182481752,6.790218919822908,1.3257942337828363,0.7283950617283951,0.0096315680503473,1.3257942337828366,6,9,7,TRUE,TRUE,TRUE,40,72,TRUE,TRUE,FALSE
2019,Tennis,Tennis,Tennis,ASOIF Summer Olympic sports | Other sports/disciplines - Non-Code Signatories | Other sports/disciplines from Code Signatories | Sports for Athletes with an Impairment,7333,4465,2868,6099,1234,0,33,4,2019_anti-doping_testing_figures_en.pdf,wada_testing_2019_sport_totals.csv,0,TRUE,Tennis,1,Tennis,ASOIF | Sports for Athletes with an Impairment,ASOIF | Sports for Athletes with an Impairment,33,6,4,5,0,18,2,20,0.545454545454545,TRUE,TRUE,TRUE,1537,351,1888,TRUE,4.5002045547524885,0.608891313241511,0.39110868675848903,0.8317196236192554,0.16828037638074458,0,278047,2702,9.71778152614486,0.02637323905670624,0.01221317542561066,1888,1888,1537,351,0.01059322033898305,2.7273966998499932,2.454657029864994,0.2727396699849993,6.790218919822908,0.4016655032855885,0.5454545454545454,-0.01578001871772319,0.4016655032855885,7,17,17,TRUE,TRUE,TRUE,73,98,TRUE,TRUE,FALSE
2019,Basketball,Basketball,Basketball,ASOIF Summer Olympic sports | Other sports/disciplines - Non-Code Signatories | Other sports/disciplines from Code Signatories | Sports for Athletes with an Impairment,6682,3886,2796,6264,418,0,40,5,2019_anti-doping_testing_figures_en.pdf,wada_testing_2019_sport_totals.csv,0,TRUE,Basketball,1,Basketball,ASOIF | Other Sports - Non-Code Signatories | Sports for Athletes with an Impairment,ASOIF | Other Sports - Non-Code Signatories | Sports for Athletes with an Impairment,40,8,0,0,6,26,0,26,0.65,TRUE,FALSE,TRUE,1537,351,1888,TRUE,5.986231667165519,0.5815624064651302,0.4184375935348698,0.9374438790781203,0.06255612092187968,0,278047,2702,9.71778152614486,0.024031908274500354,0.014803849000740192,1888,1888,1537,351,0.013771186440677966,3.8910505836575875,3.8910505836575875,0,6.790218919822908,0.5730375750181362,0.65,-0.010260721833822388,0.5730375750181362,8,15,13,TRUE,TRUE,TRUE,60,88,TRUE,TRUE,FALSE
2019,Skiing,Skiing,Skiing,AIOWF Winter Olympic sports | Other sports/disciplines - Non-Code Signatories | Other sports/disciplines from Code Signatories | Sports for Athletes with an Impairment,6549,2434,4115,5690,859,0,13,4,2019_anti-doping_testing_figures_en.pdf,wada_testing_2019_sport_totals.csv,0,TRUE,Skiing,1,Skiing,AIOWF | Other Sports - Non-Code Signatories | Sports for Athletes with an Impairment,AIOWF | Other Sports - Non-Code Signatories | Sports for Athletes with an Impairment,13,1,1,0,4,7,7,14,0.538461538461538,TRUE,TRUE,TRUE,1537,351,1888,TRUE,1.985035883340968,0.37165979538860894,0.6283402046113911,0.8688349366315468,0.1311650633684532,0,278047,2702,9.71778152614486,0.023553571878135712,0.0048112509252405625,1888,1888,1537,351,0.007415254237288136,2.137730951290273,1.0688654756451366,1.0688654756451366,6.790218919822908,0.31482504121472804,0.5384615384615384,-0.016138317640847576,0.3148250412147281,9,38,27,TRUE,TRUE,TRUE,78,108,TRUE,TRUE,FALSE
2019,Wrestling,Wrestling,Wrestling,ASOIF Summer Olympic sports | Other sports/disciplines - Non-Code Signatories | Other sports/disciplines from Code Signatories | Sports for Athletes with an Impairment,6413,2990,3423,5874,539,0,86,5,2019_anti-doping_testing_figures_en.pdf,wada_testing_2019_sport_totals.csv,0,TRUE,Wrestling,1,Wrestling,ASOIF | Other Code Signatories | Other Sports - Non-Code Signatories,ASOIF | Other Code Signatories | Other Sports - Non-Code Signatories,86,5,0,0,27,54,5,59,0.627906976744186,TRUE,TRUE,TRUE,1537,351,1888,TRUE,13.410260408545142,0.46624044908779044,0.5337595509122096,0.9159519725557461,0.08404802744425385,0,278047,2702,9.71778152614486,0.023064445938995926,0.03182827535159141,1888,1888,1537,351,0.03125,9.200062373304226,8.420396070481834,0.779666302822392,6.790218919822908,1.3548992281303602,0.627906976744186,0.008185554061004074,1.3548992281303602,10,8,8,TRUE,TRUE,TRUE,39,57,TRUE,TRUE,FALSE
2019,Triathlon,Triathlon,Triathlon,ASOIF Summer Olympic sports | Other sports/disciplines - Non-Code Signatories | Other sports/disciplines from Code Signatories | Sports for Athletes with an Impairment,5737,3251,2486,5101,636,0,43,6,2019_anti-doping_testing_figures_en.pdf,wada_testing_2019_sport_totals.csv,0,TRUE,Triathlon,1,Triathlon,ASOIF | Other Code Signatories | Other Sports - Non-Code Signatories | Sports for Athletes with an Impairment,ASOIF | Other Code Signatories | Other Sports - Non-Code Signatories | Sports for Athletes with an Impairment,43,12,4,2,8,17,9,26,0.395348837209302,TRUE,TRUE,TRUE,1537,351,1888,TRUE,7.495206553948057,0.5666724769043053,0.4333275230956946,0.8891406658532334,0.1108593341467666,0,278047,2702,9.71778152614486,0.02063320230033052,0.015914137675795706,1888,1888,1537,351,0.013771186440677966,4.531985358201151,2.963221195746906,1.5687641624542443,6.790218919822908,0.6674284602180908,0.3953488372093023,-0.006862015859652555,0.6674284602180907,11,14,13,TRUE,TRUE,TRUE,58,79,TRUE,TRUE,FALSE
2019,Judo,Judo,Judo,ASOIF Summer Olympic sports | Other sports/disciplines - Non-Code Signatories | Other sports/disciplines from Code Signatories | Sports for Athletes with an Impairment,5529,2304,3225,5179,350,0,53,5,2019_anti-doping_testing_figures_en.pdf,wada_testing_2019_sport_totals.csv,0,TRUE,Judo,1,Judo,ASOIF | Other Sports - Non-Code Signatories | Sports for Athletes with an Impairment,ASOIF | Other Sports - Non-Code Signatories | Sports for Athletes with an Impairment,53,3,2,1,13,34,0,34,0.641509433962264,TRUE,FALSE,TRUE,1537,351,1888,TRUE,9.585820220654728,0.41671188279978294,0.583288117200217,0.9366974136371857,0.06330258636281426,0,278047,2702,9.71778152614486,0.01988512733458732,0.019615099925980754,1888,1888,1537,351,0.018008474576271187,6.149394103816242,6.149394103816242,0,6.790218919822908,0.9056253084659929,0.6415094339622641,-0.0018766527583161316,0.9056253084659929,12,12,11,TRUE,TRUE,TRUE,48,74,TRUE,TRUE,FALSE
2019,Rowing,Rowing,Rowing,ASOIF Summer Olympic sports | Other sports/disciplines - Non-Code Signatories | Other sports/disciplines from Code Signatories | Sports for Athletes with an Impairment,5517,1739,3778,4903,614,0,52,4,2019_anti-doping_testing_figures_en.pdf,wada_testing_2019_sport_totals.csv,0,TRUE,Rowing,1,Rowing,ASOIF | Other Sports - Non-Code Signatories | Sports for Athletes with an Impairment,ASOIF | Other Sports - Non-Code Signatories | Sports for Athletes with an Impairment,52,7,0,1,26,18,10,28,0.346153846153846,TRUE,TRUE,TRUE,1537,351,1888,TRUE,9.425412361790828,0.31520754032988946,0.6847924596701106,0.8887076309588544,0.11129236904114555,0,278047,2702,9.71778152614486,0.01984196916348675,0.01924500370096225,1888,1888,1537,351,0.014830508474576272,5.0752220409642925,3.2626427406199023,1.8125793003443902,6.790218919822908,0.747431283275423,0.34615384615384615,-0.005011460688910478,0.747431283275423,13,13,12,TRUE,TRUE,TRUE,54,75,TRUE,TRUE,FALSE
2019,Canoe / Kayak,Canoe / Kayak,Canoe / Kayak,ASOIF Summer Olympic sports | Other sports/disciplines - Non-Code Signatories | Other sports/disciplines from Code Signatories | Sports for Athletes with an Impairment,5234,2040,3194,4630,604,0,31,4,2019_anti-doping_testing_figures_en.pdf,wada_testing_2019_sport_totals.csv,0,TRUE,Canoe / Kayak,1,Canoe/Kayak,ASOIF | Sports for Athletes with an Impairment,ASOIF | Sports for Athletes with an Impairment,31,3,0,3,9,16,4,20,0.516129032258065,TRUE,TRUE,TRUE,1537,351,1888,TRUE,5.922812380588461,0.3897592663354987,0.6102407336645014,0.88460068781047,0.11539931218952999,0,278047,2702,9.71778152614486,0.018824155628364987,0.01147298297557365,1888,1888,1537,351,0.01059322033898305,3.8211692777990067,3.056935422239205,0.7642338555598013,6.790218919822908,0.5627461092077226,0.5161290322580645,-0.008230935289381937,0.5627461092077227,14,19,17,TRUE,TRUE,TRUE,62,89,TRUE,TRUE,FALSE
2019,Boxing,Boxing,Boxing,ASOIF Summer Olympic sports | Other sports/disciplines - Non-Code Signatories | Other sports/disciplines from Code Signatories,4996,2258,2738,4640,356,0,81,4,2019_anti-doping_testing_figures_en.pdf,wada_testing_2019_sport_totals.csv,0,TRUE,Boxing,1,Boxing,ASOIF | Other Sports - Non-Code Signatories,ASOIF | Other Sports - Non-Code Signatories,81,5,15,1,25,35,13,48,0.432098765432099,TRUE,TRUE,TRUE,1537,351,1888,TRUE,16.21297037630104,0.4519615692554043,0.5480384307445957,0.9287429943955164,0.07125700560448359,0,278047,2702,9.71778152614486,0.017968185234870364,0.02997779422649889,1888,1888,1537,351,0.025423728813559324,9.607686148919134,7.00560448358687,2.602081665332266,6.790218919822908,1.4149302492841729,0.43209876543209874,0.00745554357868896,1.414930249284173,15,9,10,TRUE,TRUE,TRUE,38,51,TRUE,TRUE,FALSE
2019,Volleyball,Volleyball,Volleyball,ASOIF Summer Olympic sports | Other sports/disciplines - Non-Code Signatories | Other sports/disciplines from Code Signatories | Sports for Athletes with an Impairment,4963,2929,2034,4406,557,0,27,5,2019_anti-doping_testing_figures_en.pdf,wada_testing_2019_sport_totals.csv,0,TRUE,Volleyball,1,Volleyball,ASOIF | Other Sports - Non-Code Signatories,ASOIF | Other Sports - Non-Code Signatories,27,5,4,0,5,13,2,15,0.481481481481481,TRUE,TRUE,TRUE,1537,351,1888,TRUE,5.440257908523071,0.5901672375579287,0.40983276244207134,0.8877694942575055,0.11223050574249446,0,278047,2702,9.71778152614486,0.017849500264343798,0.00999259807549963,1888,1888,1537,351,0.007944915254237288,3.0223655047350393,2.619383437437034,0.40298206729800523,6.790218919822908,0.4451057529105209,0.48148148148148145,-0.00990458501010651,0.4451057529105209,16,20,26,TRUE,TRUE,TRUE,69,92,TRUE,TRUE,FALSE
2019,Handball,Handball,Handball,ASOIF Summer Olympic sports | Other sports/disciplines - Non-Code Signatories | Sports for Athletes with an Impairment,4442,2343,2099,4203,239,0,17,3,2019_anti-doping_testing_figures_en.pdf,wada_testing_2019_sport_totals.csv,0,TRUE,Handball,1,Handball,ASOIF,ASOIF,17,2,2,0,3,10,1,11,0.588235294117647,TRUE,TRUE,TRUE,1537,351,1888,TRUE,3.8271049076992347,0.5274651058081945,0.4725348941918055,0.9461954074741108,0.05380459252588924,0,278047,2702,9.71778152614486,0.015975716335727412,0.006291635825314582,1888,1888,1537,351,0.005826271186440678,2.4763619990995047,2.2512381809995494,0.22512381809995496,6.790218919822908,0.3646954580315784,0.5882352941176471,-0.010149445149286734,0.36469545803157843,17,28,30,TRUE,TRUE,TRUE,74,101,TRUE,TRUE,FALSE
2019,Powerlifting,Powerlifting,Powerlifting,AIMS sports | Other sports/disciplines - Non-Code Signatories | Sports for Athletes with an Impairment,4380,2709,1671,3986,394,0,165,3,2019_anti-doping_testing_figures_en.pdf,wada_testing_2019_sport_totals.csv,0,TRUE,Powerlifting,1,Powerlifting,AIMS | Other Sports - Non-Code Signatories | Sports for Athletes with an Impairment,AIMS | Other Sports - Non-Code Signatories | Sports for Athletes with an Impairment,165,6,2,1,59,97,22,119,0.587878787878788,TRUE,TRUE,TRUE,1537,351,1888,TRUE,37.671232876712324,0.6184931506849315,0.3815068493150685,0.9100456621004567,0.08995433789954338,0,278047,2702,9.71778152614486,0.015752732451707805,0.061065877128053295,1888,1888,1537,351,0.06302966101694915,27.168949771689498,22.14611872146119,5.0228310502283104,6.790218919822908,4.001189076890333,0.5878787878787879,0.04727692856524135,4.001189076890333,18,5,5,TRUE,TRUE,TRUE,14,18,TRUE,TRUE,FALSE
2019,Ice Hockey,Ice Hockey,Ice Hockey,AIOWF Winter Olympic sports | Other sports/disciplines - Non-Code Signatories | Other sports/disciplines from Code Signatories | Sports for Athletes with an Impairment,4373,2142,2231,3900,473,0,25,4,2019_anti-doping_testing_figures_en.pdf,wada_testing_2019_sport_totals.csv,0,TRUE,Ice Hockey,1,Ice Hockey,AIOWF | Other Code Signatories,AIOWF | Other Code Signatories,25,5,2,0,6,12,2,14,0.48,TRUE,TRUE,TRUE,1537,351,1888,TRUE,5.716899153898925,0.4898239195060599,0.51017608049394,0.8918362680082323,0.10816373199176767,0,278047,2702,9.71778152614486,0.015727556851899138,0.009252405625462621,1888,1888,1537,351,0.007415254237288136,3.201463526183398,2.744111593871484,0.457351932311914,6.790218919822908,0.4714816361571585,0.48,-0.008312302614611002,0.47148163615715855,19,22,27,TRUE,TRUE,TRUE,66,90,TRUE,TRUE,FALSE
2019,Mixed Martial Arts,Mixed Martial Arts,Mixed Martial Arts,Other sports/disciplines - Non-Code Signatories,4268,573,3695,4064,204,0,114,1,2019_anti-doping_testing_figures_en.pdf,wada_testing_2019_sport_totals.csv,0,TRUE,Mixed Martial Arts,1,Mixed Martial Arts,Other Sports - Non-Code Signatories,Other Sports - Non-Code Signatories,113,0,103,0,4,6,2,8,0.0530973451327434,TRUE,TRUE,TRUE,1537,351,1888,TRUE,26.710402999062794,0.13425492033739456,0.8657450796626054,0.9522024367385192,0.04779756326148079,0,278047,2702,9.71778152614486,0.015349922854769158,0.04219096965210955,1888,1888,1537,351,0.00423728813559322,1.8744142455482662,1.4058106841611997,0.46860356138706655,6.790218919822908,0.27604621701904597,0.05263157894736842,-0.011112634719175937,0.2760462170190459,20,7,35,TRUE,TRUE,TRUE,83,31,TRUE,TRUE,FALSE
2019,Skating,Skating,Skating,AIOWF Winter Olympic sports | Other sports/disciplines - Non-Code Signatories | Other sports/disciplines from Code Signatories,4251,2228,2023,3845,406,0,11,4,2019_anti-doping_testing_figures_en.pdf,wada_testing_2019_sport_totals.csv,0,TRUE,Skating,1,Skating,AIOWF | Other Code Signatories,AIOWF | Other Code Signatories,11,4,0,0,1,6,1,7,0.545454545454545,TRUE,TRUE,TRUE,1537,351,1888,TRUE,2.58762644083745,0.524111973653258,0.47588802634674193,0.9044930604563632,0.09550693954363679,0,278047,2702,9.71778152614486,0.015288782112376685,0.0040710584752035525,1888,1888,1537,351,0.003707627118644068,1.6466713714420136,1.4114326040931546,0.2352387673488591,6.790218919822908,0.24250637437253048,0.5454545454545454,-0.011581154993732617,0.24250637437253048,21,39,37,TRUE,TRUE,TRUE,84,105,TRUE,TRUE,FALSE
2019,Gymnastics,Gymnastics,Gymnastics,ASOIF Summer Olympic sports | Other sports/disciplines from Code Signatories,3157,1452,1705,2894,263,0,15,2,2019_anti-doping_testing_figures_en.pdf,wada_testing_2019_sport_totals.csv,0,TRUE,Gymnastics,1,Gymnastics,ASOIF,ASOIF,15,5,2,1,2,5,5,10,0.333333333333333,TRUE,TRUE,TRUE,1537,351,1888,TRUE,4.751346214760849,0.45993031358885017,0.5400696864111498,0.9166930630345265,0.08330693696547355,0,278047,2702,9.71778152614486,0.011354195513708113,0.0055514433752775726,1888,1888,1537,351,0.005296610169491525,3.1675641431738994,1.5837820715869497,1.5837820715869497,6.790218919822908,0.46648925175692435,0.3333333333333333,-0.006057585344216588,0.46648925175692435,22,35,32,TRUE,TRUE,TRUE,68,96,TRUE,TRUE,FALSE
2019,Para-Athletics,Para-Athletics,Para-Athletics,Paralympic sports/disciplines,3051,1109,1939,2832,216,0,40,1,2019_anti-doping_testing_figures_en.pdf,wada_testing_2019_sport_totals.csv,1,TRUE,Para-Athletics,1,Para-Athletics,IPC,IPC,40,10,6,0,6,18,0,18,0.45,TRUE,FALSE,TRUE,1537,351,1888,TRUE,13.110455588331694,0.3634873811864962,0.6355293346443789,0.928220255653884,0.07079646017699115,0,278047,2702,9.71778152614486,0.010972965002319751,0.014803849000740192,1888,1888,1537,351,0.009533898305084746,5.899705014749262,5.899705014749262,0,6.790218919822908,0.8688534323283835,0.45,-0.001439066697235005,0.8688534323283836,23,15,22,TRUE,TRUE,TRUE,51,59,TRUE,TRUE,FALSE
2019,Biathlon,Biathlon,Biathlon,AIOWF Winter Olympic sports | Other sports/disciplines from Code Signatories,2931,1007,1924,2465,466,0,4,2,2019_anti-doping_testing_figures_en.pdf,wada_testing_2019_sport_totals.csv,0,TRUE,Biathlon,1,Biathlon,AIOWF,AIOWF,4,0,0,0,1,3,15,18,0.75,TRUE,TRUE,TRUE,1537,351,1888,TRUE,1.3647219379051518,0.343568747867622,0.6564312521323781,0.8410098942340498,0.15899010576595018,0,278047,2702,9.71778152614486,0.010541383291314058,0.0014803849000740192,1888,1888,1537,351,0.009533898305084746,6.1412487205731825,1.0235414534288638,5.117707267144319,6.790218919822908,0.9044257325260655,0.75,-0.0010074849862293112,0.9044257325260657,24,59,22,TRUE,TRUE,TRUE,49,113,TRUE,TRUE,FALSE
2019,Taekwondo,Taekwondo,Taekwondo | Taekwondo-AUT,ASOIF Summer Olympic sports | Other sports/disciplines - Non-Code Signatories | Other sports/disciplines from Code Signatories | Sports for Athletes with an Impairment | Other sports/disciplines from Code Signatories,2723,1320,1403,2566,157,0,17,7,2019_anti-doping_testing_figures_en.pdf,wada_testing_2019_sport_totals.csv,0,TRUE,Taekwondo,1,Taekwondo,ASOIF | Other Code Signatories | Sports for Athletes with an Impairment,ASOIF | Other Code Signatories | Sports for Athletes with an Impairment,17,1,3,0,3,10,0,10,0.588235294117647,TRUE,FALSE,TRUE,1537,351,1888,TRUE,6.243114212265883,0.4847594564818215,0.5152405435181785,0.9423430040396621,0.05765699596033786,0,278047,2702,9.71778152614486,0.009793308325570857,0.006291635825314582,1888,1888,1537,351,0.005296610169491525,3.6724201248622843,3.6724201248622843,0,6.790218919822908,0.5408397237593133,0.5882352941176471,-0.004496698156079332,0.5408397237593132,25,28,32,TRUE,TRUE,TRUE,64,86,TRUE,TRUE,FALSE
2019,Badminton,Badminton,Badminton,ASOIF Summer Olympic sports | Other sports/disciplines - Non-Code Signatories | Other sports/disciplines from Code Signatories | Sports for Athletes with an Impairment,2422,1101,1321,2040,382,0,6,4,2019_anti-doping_testing_figures_en.pdf,wada_testing_2019_sport_totals.csv,0,TRUE,Badminton,1,Badminton,ASOIF | Sports for Athletes with an Impairment,ASOIF | Sports for Athletes with an Impairment,6,1,0,1,0,4,1,5,0.666666666666667,TRUE,TRUE,TRUE,1537,351,1888,TRUE,2.477291494632535,0.4545829892650702,0.5454170107349298,0.8422791081750619,0.15772089182493806,0,278047,2702,9.71778152614486,0.008710757533798243,0.0022205773501110288,1888,1888,1537,351,0.0026483050847457626,2.0644095788604457,1.6515276630883566,0.41288191577208916,6.790218919822908,0.30402695454100126,0.6666666666666666,-0.00606245244905248,0.30402695454100126,26,49,45,TRUE,TRUE,TRUE,80,106,TRUE,TRUE,FALSE
2019,Fencing,Fencing,Fencing,ASOIF Summer Olympic sports | Other sports/disciplines - Non-Code Signatories | Other sports/disciplines from Code Signatories | Sports for Athletes with an Impairment,2146,1171,975,2075,71,0,16,5,2019_anti-doping_testing_figures_en.pdf,wada_testing_2019_sport_totals.csv,0,TRUE,Fencing,1,Fencing,ASOIF | Sports for Athletes with an Impairment,ASOIF | Sports for Athletes with an Impairment,16,5,3,0,1,7,1,8,0.4375,TRUE,TRUE,TRUE,1537,351,1888,TRUE,7.455731593662628,0.5456663560111836,0.4543336439888164,0.9669151910531221,0.03308480894687791,0,278047,2702,9.71778152614486,0.0077181195984851484,0.005921539600296077,1888,1888,1537,351,0.00423728813559322,3.727865796831314,3.2618825722273996,0.4659832246039142,6.790218919822908,0.5490052442857819,0.4375,-0.003480831462891928,0.549005244285782,27,33,35,TRUE,TRUE,TRUE,63,80,TRUE,TRUE,FALSE
2019,Shooting,Shooting,Shooting,ASOIF Summer Olympic sports | Other sports/disciplines - Non-Code Signatories | Other sports/disciplines from Code Signatories | Sports for Athletes with an Impairment,2088,1454,634,2086,2,0,17,5,2019_anti-doping_testing_figures_en.pdf,wada_testing_2019_sport_totals.csv,0,TRUE,Shooting,1,Shooting,ASOIF,ASOIF,17,3,0,0,4,10,1,11,0.588235294117647,TRUE,TRUE,TRUE,1537,351,1888,TRUE,8.14176245210728,0.696360153256705,0.30363984674329503,0.9990421455938697,9.578544061302681e-4,0,278047,2702,9.71778152614486,0.007509521771499063,0.006291635825314582,1888,1888,1537,351,0.005826271186440678,5.268199233716476,4.7892720306513406,0.4789272030651341,6.790218919822908,0.7758511611955322,0.5882352941176471,-0.0016832505850583853,0.7758511611955322,28,28,30,TRUE,TRUE,TRUE,53,78,TRUE,TRUE,FALSE
2019,Karate,Karate,Karate,ARISF recognized sports | Other sports/disciplines - Non-Code Signatories | Other sports/disciplines from Code Signatories | Sports for Athletes with an Impairment,1814,893,921,1715,99,0,19,4,2019_anti-doping_testing_figures_en.pdf,wada_testing_2019_sport_totals.csv,0,TRUE,Karate,1,Karate,ARISF | Other Sports - Non-Code Signatories,ARISF | Other Sports - Non-Code Signatories,19,2,5,0,3,9,0,9,0.473684210526316,TRUE,FALSE,TRUE,1537,351,1888,TRUE,10.474090407938258,0.49228224917309815,0.5077177508269018,0.9454244762954797,0.054575523704520394,0,278047,2702,9.71778152614486,0.00652407686470273,0.007031828275351592,1888,1888,1537,351,0.004766949152542373,4.961411245865491,4.961411245865491,0,6.790218919822908,0.730670292732607,0.47368421052631576,-0.0017571277121603565,0.7306702927326071,29,26,34,TRUE,TRUE,TRUE,55,70,TRUE,TRUE,FALSE
2019,Rugby League,Rugby League,Rugby League,Other sports/disciplines from Code Signatories,1737,453,1284,1578,159,0,17,1,2019_anti-doping_testing_figures_en.pdf,wada_testing_2019_sport_totals.csv,0,TRUE,Rugby League,1,Rugby League,Other Code Signatories,Other Code Signatories,17,0,2,0,1,14,9,23,0.823529411764706,TRUE,TRUE,TRUE,1537,351,1888,TRUE,9.78698906160046,0.2607944732297064,0.7392055267702936,0.9084628670120898,0.09153713298791019,0,278047,2702,9.71778152614486,0.00624714526680741,0.006291635825314582,1888,1888,1537,351,0.012182203389830509,13.241220495106505,8.059873344847437,5.181347150259067,6.790218919822908,1.9500432388786433,0.8235294117647058,0.005935058123023099,1.9500432388786433,30,28,15,TRUE,TRUE,TRUE,28,73,TRUE,TRUE,FALSE
2019,Bodybuilding,Bodybuilding,Bodybuilding,AIMS sports | Other sports/disciplines - Non-Code Signatories,1686,986,700,1513,173,0,286,2,2019_anti-doping_testing_figures_en.pdf,wada_testing_2019_sport_totals.csv,0,TRUE,Bodybuilding,1,Bodybuilding,AIMS | Other Sports - Non-Code Signatories,AIMS | Other Sports - Non-Code Signatories,286,0,8,0,54,224,55,279,0.783216783216783,TRUE,TRUE,TRUE,1537,351,1888,TRUE,169.63226571767498,0.5848161328588375,0.4151838671411625,0.8973902728351127,0.10260972716488731,0,278047,2702,9.71778152614486,0.00606372303962999,0.10584752035529238,1888,1888,1537,351,0.14777542372881355,165.48042704626334,132.858837485172,32.62158956109134,6.790218919822908,24.370411175281983,0.7832167832167832,0.14171170068918357,24.370411175281983,31,1,1,TRUE,TRUE,TRUE,2,2,TRUE,TRUE,FALSE
2019,Field Hockey,Field Hockey,Field Hockey,ASOIF Summer Olympic sports | Other sports/disciplines - Non-Code Signatories | Other sports/disciplines from Code Signatories | Sports for Athletes with an Impairment,1646,785,861,1555,91,0,5,4,2019_anti-doping_testing_figures_en.pdf,wada_testing_2019_sport_totals.csv,0,TRUE,Field Hockey,1,Field Hockey,ASOIF,ASOIF,5,3,0,0,0,2,0,2,0.4,TRUE,FALSE,TRUE,1537,351,1888,TRUE,3.037667071688943,0.47691373025516404,0.523086269744836,0.9447144592952612,0.05528554070473876,0,278047,2702,9.71778152614486,0.00591986246929476,0.001850481125092524,1888,1888,1537,351,0.001059322033898305,1.215066828675577,1.215066828675577,0,6.790218919822908,0.17894368989023207,0.4,-0.004860540435396455,0.1789436898902321,32,52,58,TRUE,TRUE,TRUE,87,103,TRUE,TRUE,FALSE
2019,Baseball / Softball,Baseball / Softball,Baseball / Softball,ARISF recognized sports,1638,806,832,1569,69,0,24,1,2019_anti-doping_testing_figures_en.pdf,wada_testing_2019_sport_totals.csv,0,TRUE,Softball,1,Softball,ARISF,ARISF,3,2,0,0,0,1,0,1,0.333333333333333,TRUE,FALSE,TRUE,1537,351,1888,TRUE,14.652014652014651,0.49206349206349204,0.5079365079365079,0.9578754578754579,0.04212454212454213,0,278047,2702,9.71778152614486,0.0058910903552277134,0.008882309400444115,1888,1888,1537,351,5.296610169491525e-4,0.6105006105006106,0.6105006105006106,0,6.790218919822908,0.08990882587280893,0.041666666666666664,-0.0053614293382785606,0.08990882587280892,33,24,70,TRUE,TRUE,TRUE,88,53,TRUE,TRUE,FALSE
2019,Cricket,Cricket,Cricket,ARISF recognized sports,1564,668,896,1408,156,0,8,1,2019_anti-doping_testing_figures_en.pdf,wada_testing_2019_sport_totals.csv,0,TRUE,Cricket,1,Cricket,ARISF,ARISF,8,2,1,0,0,5,0,5,0.625,TRUE,FALSE,TRUE,1537,351,1888,TRUE,5.115089514066496,0.42710997442455245,0.5728900255754475,0.9002557544757033,0.09974424552429667,0,278047,2702,9.71778152614486,0.0056249483001075355,0.0029607698001480384,1888,1888,1537,351,0.0026483050847457626,3.19693094629156,3.19693094629156,0,6.790218919822908,0.4708141201395812,0.625,-0.002976643215361773,0.47081412013958124,34,46,45,TRUE,TRUE,TRUE,67,93,TRUE,TRUE,FALSE
2019,Para-Swimming,Para-Swimming,Para-Swimming,Paralympic sports/disciplines,1542,655,870,1451,74,0,14,1,2019_anti-doping_testing_figures_en.pdf,wada_testing_2019_sport_totals.csv,1,TRUE,Para-Swimming,1,Para-Swimming,IPC,IPC,14,5,6,0,0,3,0,3,0.214285714285714,TRUE,FALSE,TRUE,1537,351,1888,TRUE,9.079118028534372,0.42477302204928663,0.5642023346303502,0.9409857328145266,0.04798962386511025,0,278047,2702,9.71778152614486,0.005545824986423159,0.0051813471502590676,1888,1888,1537,351,0.0015889830508474577,1.9455252918287937,1.9455252918287937,0,6.790218919822908,0.2865187875090681,0.21428571428571427,-0.003956841935575701,0.2865187875090681,35,36,50,TRUE,TRUE,TRUE,81,76,TRUE,TRUE,FALSE
2019,Table Tennis,Table Tennis,Table Tennis,ASOIF Summer Olympic sports | Other sports/disciplines - Non-Code Signatories | Other sports/disciplines from Code Signatories | Sports for Athletes with an Impairment,1336,634,702,1285,51,0,3,5,2019_anti-doping_testing_figures_en.pdf,wada_testing_2019_sport_totals.csv,0,TRUE,Table Tennis,1,Table Tennis,Sports for Athletes with an Impairment,Sports for Athletes with an Impairment,3,0,0,0,1,2,0,2,0.666666666666667,TRUE,FALSE,TRUE,1537,351,1888,TRUE,2.245508982035928,0.4745508982035928,0.5254491017964071,0.9618263473053892,0.03817365269461078,0,278047,2702,9.71778152614486,0.004804943049196719,0.0011102886750555144,1888,1888,1537,351,0.001059322033898305,1.4970059880239521,1.4970059880239521,0,6.790218919822908,0.22046505505937278,0.6666666666666666,-0.0037456210152984138,0.22046505505937278,36,67,58,TRUE,TRUE,TRUE,85,107,TRUE,TRUE,FALSE
2019,Bobsleigh,Bobsleigh,Bobsleigh,AIOWF Winter Olympic sports | Sports for Athletes with an Impairment,1233,332,901,1103,130,0,2,2,2019_anti-doping_testing_figures_en.pdf,wada_testing_2019_sport_totals.csv,0,TRUE,Bobsleigh,1,Bobsleigh,AIOWF,AIOWF,2,2,0,0,0,0,3,3,0,TRUE,TRUE,TRUE,1537,351,1888,TRUE,1.6220600162206003,0.26926196269261965,0.7307380373073804,0.894566098945661,0.10543390105433902,0,278047,2702,9.71778152614486,0.004434502080583498,7.401924500370096e-4,1888,1888,1537,351,0.0015889830508474577,2.4330900243309004,0,2.4330900243309004,6.790218919822908,0.3583227658872531,0,-0.0028455190297360404,0.35832276588725315,37,75,50,TRUE,TRUE,TRUE,75,112,TRUE,TRUE,FALSE
2019,Para-Powerlifting,Para-Powerlifting,Para-Powerlifting,Paralympic sports/disciplines,1210,567,642,1026,183,0,27,1,2019_anti-doping_testing_figures_en.pdf,wada_testing_2019_sport_totals.csv,1,TRUE,Para-Powerlifting,1,Para-Powerlifting,IPC,IPC,27,0,0,0,5,22,0,22,0.814814814814815,TRUE,FALSE,TRUE,1537,351,1888,TRUE,22.314049586776857,0.46859504132231405,0.5305785123966942,0.8479338842975207,0.15123966942148762,0,278047,2702,9.71778152614486,0.004351782252640741,0.00999259807549963,1888,1888,1537,351,0.011652542372881356,18.18181818181818,18.18181818181818,0,6.790218919822908,2.6776483050847455,0.8148148148148148,0.007300760120240615,2.6776483050847455,38,20,16,TRUE,TRUE,TRUE,18,39,TRUE,TRUE,FALSE
2019,Archery,Archery,Archery,ASOIF Summer Olympic sports | Other sports/disciplines - Non-Code Signatories | Other sports/disciplines from Code Signatories | Sports for Athletes with an Impairment,1191,780,411,1191,0,0,8,5,2019_anti-doping_testing_figures_en.pdf,wada_testing_2019_sport_totals.csv,0,TRUE,Archery,1,Archery,ASOIF | Sports for Athletes with an Impairment,ASOIF | Sports for Athletes with an Impairment,8,0,0,1,3,4,0,4,0.5,TRUE,FALSE,TRUE,1537,351,1888,TRUE,6.717044500419815,0.654911838790932,0.345088161209068,1,0,0,278047,2702,9.71778152614486,0.004283448481731506,0.0029607698001480384,1888,1888,1537,351,0.00211864406779661,3.3585222502099077,3.3585222502099077,0,6.790218919822908,0.4946117775975181,0.5,-0.0021648044139348957,0.4946117775975181,39,46,47,TRUE,TRUE,TRUE,65,84,TRUE,TRUE,FALSE
2019,American Football,American Football,American Football,ARISF recognized sports | Other sports/disciplines - Non-Code Signatories | Other sports/disciplines from Code Signatories,1101,572,529,1000,101,0,33,3,2019_anti-doping_testing_figures_en.pdf,wada_testing_2019_sport_totals.csv,0,TRUE,American Football,1,American Football,ARISF | Other Code Signatories,ARISF | Other Code Signatories,33,11,2,0,2,18,1,19,0.545454545454545,TRUE,TRUE,TRUE,1537,351,1888,TRUE,29.972752043596728,0.51952770208901,0.48047229791099,0.9082652134423251,0.09173478655767484,0,278047,2702,9.71778152614486,0.003959762198477236,0.01221317542561066,1888,1888,1537,351,0.010063559322033898,17.257039055404178,16.34877384196185,0.9082652134423251,6.790218919822908,2.541455475761634,0.5454545454545454,0.006103797123556662,2.541455475761634,40,17,21,TRUE,TRUE,TRUE,20,24,TRUE,TRUE,FALSE
2019,Roller Sports,Roller Sports,Roller | Roller Sports,ARISF recognized sports | Other sports/disciplines from Code Signatories,890,640,250,846,44,0,10,2,2019_anti-doping_testing_figures_en.pdf,wada_testing_2019_sport_totals.csv,0,TRUE,Roller Sports,1,Roller Sports,ARISF,ARISF,10,2,1,2,0,5,2,7,0.5,TRUE,TRUE,TRUE,1537,351,1888,TRUE,11.235955056179774,0.7191011235955056,0.2808988764044944,0.950561797752809,0.04943820224719101,0,278047,2702,9.71778152614486,0.003200897689958892,0.003700962250185048,1888,1888,1537,351,0.003707627118644068,7.865168539325843,5.617977528089887,2.247191011235955,6.790218919822908,1.158308536469244,0.5,5.067294286851759e-4,1.158308536469244,41,43,37,TRUE,TRUE,FALSE,41,65,TRUE,TRUE,FALSE
2019,Equestrian,Equestrian,Equestrian,ASOIF Summer Olympic sports | Other sports/disciplines from Code Signatories | Sports for Athletes with an Impairment,830,443,387,812,18,0,17,3,2019_anti-doping_testing_figures_en.pdf,wada_testing_2019_sport_totals.csv,0,TRUE,Equestrian,1,Equestrian,ASOIF | Sports for Athletes with an Impairment,ASOIF | Sports for Athletes with an Impairment,17,3,1,1,6,6,0,6,0.352941176470588,TRUE,FALSE,TRUE,1537,351,1888,TRUE,20.481927710843376,0.5337349397590362,0.46626506024096387,0.9783132530120482,0.021686746987951807,0,278047,2702,9.71778152614486,0.002985106834456045,0.006291635825314582,1888,1888,1537,351,0.0031779661016949155,7.228915662650603,7.228915662650603,0,6.790218919822908,1.0646071574433327,0.35294117647058826,1.9285926723887044e-4,1.064607157443333,42,28,42,TRUE,TRUE,FALSE,43,45,TRUE,TRUE,FALSE
2019,Modern Pentathlon,Modern Pentathlon,Modern Pentathlon,ASOIF Summer Olympic sports | Other sports/disciplines - Non-Code Signatories,825,402,423,770,55,0,0,2,2019_anti-doping_testing_figures_en.pdf,wada_testing_2019_sport_totals.csv,0,TRUE,NA,NA,NA,NA,NA,0,0,0,0,0,0,0,0,NA,NA,NA,FALSE,1537,351,1888,TRUE,0,0.48727272727272725,0.5127272727272727,0.9333333333333333,0.06666666666666667,0,278047,2702,9.71778152614486,0.0029671242631641413,0,1888,1888,1537,351,0,0,0,0,6.790218919822908,0,NA,-0.0029671242631641413,0,43,114,89,TRUE,TRUE,FALSE,89,114,TRUE,TRUE,TRUE
2019,Sailing,Sailing,Sailing,ASOIF Summer Olympic sports | Other sports/disciplines - Non-Code Signatories | Other sports/disciplines from Code Signatories,774,336,438,744,30,0,3,4,2019_anti-doping_testing_figures_en.pdf,wada_testing_2019_sport_totals.csv,0,TRUE,Sailing,1,Sailing,ASOIF,ASOIF,3,1,0,0,1,1,0,1,0.333333333333333,TRUE,FALSE,TRUE,1537,351,1888,TRUE,3.875968992248062,0.43410852713178294,0.5658914728682171,0.9612403100775194,0.03875968992248062,0,278047,2702,9.71778152614486,0.0027837020359867217,0.0011102886750555144,1888,1888,1537,351,5.296610169491525e-4,1.2919896640826873,1.2919896640826873,0,6.790218919822908,0.19027216638199096,0.3333333333333333,-0.0022540410190375693,0.190272166381991,44,67,70,TRUE,TRUE,FALSE,86,100,TRUE,TRUE,FALSE
2019,Golf,Golf,Golf,ASOIF Summer Olympic sports | Other sports/disciplines - Non-Code Signatories | Other sports/disciplines from Code Signatories,633,496,137,617,16,0,4,3,2019_anti-doping_testing_figures_en.pdf,wada_testing_2019_sport_totals.csv,0,TRUE,Golf,1,Golf,ASOIF | Other Sports - Non-Code Signatories,ASOIF | Other Sports - Non-Code Signatories,4,2,0,0,0,2,1,3,0.5,TRUE,TRUE,TRUE,1537,351,1888,TRUE,6.3191153238546605,0.7835703001579779,0.21642969984202212,0.9747235387045814,0.02527646129541864,0,278047,2702,9.71778152614486,0.002276593525555032,0.0014803849000740192,1888,1888,1537,351,0.0015889830508474577,4.739336492890995,3.1595576619273302,1.5797788309636651,6.790218919822908,0.6979651980078722,0.5,-6.876104747075744e-4,0.6979651980078722,45,59,50,TRUE,TRUE,FALSE,57,85,TRUE,TRUE,FALSE
2019,Sambo,Sambo,Sambo,ARISF recognized sports,604,319,285,558,46,0,16,1,2019_anti-doping_testing_figures_en.pdf,wada_testing_2019_sport_totals.csv,0,TRUE,Sambo,1,Sambo,ARISF,ARISF,16,0,0,0,0,16,2,18,1,TRUE,TRUE,TRUE,1537,351,1888,TRUE,26.490066225165563,0.5281456953642384,0.4718543046357616,0.9238410596026491,0.076158940397351,0,278047,2702,9.71778152614486,0.0021722946120619896,0.005921539600296077,1888,1888,1537,351,0.009533898305084746,29.801324503311257,26.490066225165563,3.3112582781456954,6.790218919822908,4.388860632506454,1,0.007361603693022757,4.3888606325064545,46,33,22,TRUE,TRUE,FALSE,11,32,TRUE,TRUE,FALSE
2019,Baseball,Baseball,Baseball,Other sports/disciplines - Non-Code Signatories,585,522,63,556,29,0,5,1,2019_anti-doping_testing_figures_en.pdf,wada_testing_2019_sport_totals.csv,0,TRUE,Baseball,1,Baseball,ARISF | Other Sports - Non-Code Signatories,ARISF | Other Sports - Non-Code Signatories,26,1,5,0,5,15,2,17,0.576923076923077,TRUE,TRUE,TRUE,1537,351,1888,TRUE,8.547008547008549,0.8923076923076924,0.1076923076923077,0.9504273504273504,0.04957264957264957,0,278047,2702,9.71778152614486,0.002103960841152755,0.001850481125092524,1888,1888,1537,351,0.009004237288135594,29.05982905982906,25.64102564102564,3.4188034188034186,6.790218919822908,4.279660111545705,3,0.006900276446982838,4.279660111545705,47,52,25,TRUE,TRUE,FALSE,13,77,TRUE,TRUE,FALSE
2019,Kickboxing,Kickboxing,Kickboxing,ARISF recognized sports | Other sports/disciplines - Non-Code Signatories,581,340,241,545,36,0,25,2,2019_anti-doping_testing_figures_en.pdf,wada_testing_2019_sport_totals.csv,0,TRUE,Kickboxing,1,Kickboxing,ARISF,ARISF,25,2,1,0,4,18,2,20,0.72,TRUE,TRUE,TRUE,1537,351,1888,TRUE,43.029259896729776,0.5851979345955249,0.41480206540447506,0.9380378657487092,0.06196213425129088,0,278047,2702,9.71778152614486,0.0020895747841192316,0.009252405625462621,1888,1888,1537,351,0.01059322033898305,34.42340791738382,30.98106712564544,3.442340791738382,6.790218919822908,5.069557892587298,0.72,0.008503645554863819,5.069557892587298,48,22,17,TRUE,TRUE,FALSE,8,16,TRUE,TRUE,FALSE
2019,Sport Climbing,Sport Climbing,Sport Climbing,ARISF recognized sports | Other sports/disciplines - Non-Code Signatories | Sports for Athletes with an Impairment,577,370,207,532,45,0,1,3,2019_anti-doping_testing_figures_en.pdf,wada_testing_2019_sport_totals.csv,0,TRUE,Sport Climbing,1,Sport Climbing,ARISF,ARISF,1,1,0,0,0,0,0,0,0,TRUE,FALSE,TRUE,1537,351,1888,TRUE,1.7331022530329288,0.6412478336221837,0.3587521663778163,0.9220103986135182,0.0779896013864818,0,278047,2702,9.71778152614486,0.0020751887270857084,3.700962250185048e-4,1888,1888,1537,351,0,0,0,0,6.790218919822908,0,0,-0.0020751887270857084,0,49,89,89,TRUE,TRUE,FALSE,89,111,TRUE,TRUE,FALSE
2019,Australian Rules Football,Australian Rules Football,Australian Rules Football,Other sports/disciplines from Code Signatories,572,183,389,553,19,0,6,1,2019_anti-doping_testing_figures_en.pdf,wada_testing_2019_sport_totals.csv,0,TRUE,Australian Rules Football,1,Australian Rules Football,Other Code Signatories,Other Code Signatories,6,2,0,0,0,4,0,4,0.666666666666667,TRUE,FALSE,TRUE,1537,351,1888,TRUE,10.48951048951049,0.31993006993006995,0.6800699300699301,0.9667832167832168,0.033216783216783216,0,278047,2702,9.71778152614486,0.0020572061557938047,0.0022205773501110288,1888,1888,1537,351,0.00211864406779661,6.993006993006993,6.993006993006993,0,6.790218919822908,1.0298647327249022,0.6666666666666666,6.143791200280543e-5,1.0298647327249022,50,49,47,TRUE,TRUE,FALSE,44,69,TRUE,TRUE,FALSE
2019,Motorcycling,Motorcycling,Motorcycling,ARISF recognized sports,555,530,25,543,12,0,11,1,2019_anti-doping_testing_figures_en.pdf,wada_testing_2019_sport_totals.csv,0,TRUE,Motorcycle Racing,1,Motorcycle Racing,ARISF,ARISF,11,5,0,0,1,5,1,6,0.454545454545455,TRUE,TRUE,TRUE,1537,351,1888,TRUE,19.81981981981982,0.954954954954955,0.04504504504504504,0.9783783783783784,0.021621621621621623,0,278047,2702,9.71778152614486,0.0019960654134013314,0.0040710584752035525,1888,1888,1537,351,0.0031779661016949155,10.81081081081081,9.00900900900901,1.8018018018018018,6.790218919822908,1.5921152084287677,0.45454545454545453,0.001181900688293584,1.592115208428768,51,39,42,TRUE,TRUE,FALSE,34,46,TRUE,TRUE,FALSE
2019,Underwater Sports,Underwater Sports,Underwater Sports,ARISF recognized sports | Other sports/disciplines - Non-Code Signatories,524,353,171,492,32,0,1,2,2019_anti-doping_testing_figures_en.pdf,wada_testing_2019_sport_totals.csv,0,TRUE,Underwater Sports,1,Underwater Sports,ARISF,ARISF,1,1,0,0,0,0,1,1,0,TRUE,TRUE,TRUE,1537,351,1888,TRUE,1.9083969465648853,0.6736641221374046,0.32633587786259544,0.9389312977099237,0.061068702290076333,0,278047,2702,9.71778152614486,0.0018845734713915274,3.700962250185048e-4,1888,1888,1537,351,5.296610169491525e-4,1.9083969465648853,0,1.9083969465648853,6.790218919822908,0.2810508717169103,0,-0.001354912454442375,0.28105087171691034,52,89,70,TRUE,TRUE,FALSE,82,110,TRUE,TRUE,FALSE
2019,Luge,Luge,Luge,AIOWF Winter Olympic sports | Sports for Athletes with an Impairment,513,128,385,458,55,0,1,2,2019_anti-doping_testing_figures_en.pdf,wada_testing_2019_sport_totals.csv,0,TRUE,Luge,1,Luge,AIOWF,AIOWF,1,1,0,0,0,0,0,0,0,TRUE,FALSE,TRUE,1537,351,1888,TRUE,1.949317738791423,0.24951267056530213,0.7504873294346979,0.8927875243664717,0.10721247563352826,0,278047,2702,9.71778152614486,0.0018450118145493387,3.700962250185048e-4,1888,1888,1537,351,0,0,0,0,6.790218919822908,0,0,-0.0018450118145493387,0,53,89,89,TRUE,TRUE,FALSE,89,109,TRUE,TRUE,FALSE
2019,Jiu-Jitsu,Jiu-Jitsu,Jiu-Jitsu | Ju-Jitsu,AIMS sports | Other sports/disciplines - Non-Code Signatories | Other sports/disciplines - Non-Code Signatories,472,335,137,445,27,0,9,3,2019_anti-doping_testing_figures_en.pdf,wada_testing_2019_sport_totals.csv,0,TRUE,Jiu-Jitsu,1,Jiu-Jitsu | Ju-Jitsu,AIMS | Other Sports - Non-Code Signatories,AIMS | Other Sports - Non-Code Signatories,9,0,0,0,3,6,1,7,0.666666666666667,TRUE,TRUE,TRUE,1537,351,1888,TRUE,19.06779661016949,0.7097457627118644,0.2902542372881356,0.9427966101694916,0.057203389830508475,0,278047,2702,9.71778152614486,0.001697554729955727,0.0033308660251665434,1888,1888,1537,351,0.003707627118644068,14.830508474576272,12.711864406779663,2.1186440677966103,6.790218919822908,2.184098723427176,0.6666666666666666,0.002010072388688341,2.184098723427176,54,44,37,TRUE,FALSE,FALSE,24,47,TRUE,TRUE,FALSE
2019,Curling,Curling,Curling,AIOWF Winter Olympic sports | Other sports/disciplines from Code Signatories | Sports for Athletes with an Impairment,451,248,203,451,0,0,5,3,2019_anti-doping_testing_figures_en.pdf,wada_testing_2019_sport_totals.csv,0,TRUE,Curling,1,Curling,AIOWF | Sports for Athletes with an Impairment,AIOWF | Sports for Athletes with an Impairment,5,3,0,1,0,1,0,1,0.2,TRUE,FALSE,TRUE,1537,351,1888,TRUE,11.086474501108649,0.549889135254989,0.4501108647450111,1,0,0,278047,2702,9.71778152614486,0.0016220279305297306,0.001850481125092524,1888,1888,1537,351,5.296610169491525e-4,2.2172949002217295,2.2172949002217295,0,6.790218919822908,0.32654247622984706,0.2,-0.001092366913580578,0.32654247622984706,55,52,70,TRUE,FALSE,FALSE,77,66,TRUE,TRUE,FALSE
2019,Floorball,Floorball,Floorball,ARISF recognized sports,413,247,166,406,7,0,2,1,2019_anti-doping_testing_figures_en.pdf,wada_testing_2019_sport_totals.csv,0,TRUE,Floorball,1,Floorball,ARISF,ARISF,2,0,0,0,1,1,0,1,0.5,TRUE,FALSE,TRUE,1537,351,1888,TRUE,4.8426150121065374,0.5980629539951574,0.4019370460048426,0.9830508474576272,0.01694915254237288,0,278047,2702,9.71778152614486,0.0014853603887112611,7.401924500370096e-4,1888,1888,1537,351,5.296610169491525e-4,2.4213075060532687,2.4213075060532687,0,6.790218919822908,0.3565875466819879,0.5,-9.556993717621086e-4,0.35658754668198794,56,75,70,TRUE,FALSE,FALSE,76,95,TRUE,TRUE,FALSE
2019,Orienteering,Orienteering,Orienteering,ARISF recognized sports | Other sports/disciplines from Code Signatories,403,225,178,381,22,0,0,3,2019_anti-doping_testing_figures_en.pdf,wada_testing_2019_sport_totals.csv,0,TRUE,NA,NA,NA,NA,NA,0,0,0,0,0,0,0,0,NA,NA,NA,FALSE,1537,351,1888,TRUE,0,0.5583126550868487,0.44168734491315137,0.9454094292803971,0.05459057071960298,0,278047,2702,9.71778152614486,0.0014493952461274533,0,1888,1888,1537,351,0,0,0,0,6.790218919822908,0,NA,-0.0014493952461274533,0,57,114,89,TRUE,FALSE,FALSE,89,114,TRUE,TRUE,TRUE
2019,Wushu,Wushu,Wushu,ARISF recognized sports | Other sports/disciplines - Non-Code Signatories,398,244,154,393,5,0,11,2,2019_anti-doping_testing_figures_en.pdf,wada_testing_2019_sport_totals.csv,0,TRUE,Wushu,1,Wushu,ARISF | Other Sports - Non-Code Signatories,ARISF | Other Sports - Non-Code Signatories,11,0,1,0,4,6,1,7,0.545454545454545,TRUE,TRUE,TRUE,1537,351,1888,TRUE,27.638190954773872,0.6130653266331658,0.3869346733668342,0.9874371859296482,0.01256281407035176,0,278047,2702,9.71778152614486,0.0014314126748355494,0.0040710584752035525,1888,1888,1537,351,0.003707627118644068,17.587939698492463,15.07537688442211,2.512562814070352,6.790218919822908,2.590187430798058,0.5454545454545454,0.0022762144438085185,2.5901874307980584,58,39,37,TRUE,FALSE,FALSE,19,29,TRUE,TRUE,FALSE
2019,Horse Racing,Horse Racing,Horse Racing,Other sports/disciplines - Non-Code Signatories,390,390,0,390,0,0,4,1,2019_anti-doping_testing_figures_en.pdf,wada_testing_2019_sport_totals.csv,0,TRUE,Horse Racing,1,Horse Racing,Other Sports - Non-Code Signatories,Other Sports - Non-Code Signatories,4,0,4,0,0,0,0,0,0,TRUE,FALSE,TRUE,1537,351,1888,TRUE,10.256410256410257,1,0,1,0,0,278047,2702,9.71778152614486,0.0014026405607685032,0.0014803849000740192,1888,1888,1537,351,0,0,0,0,6.790218919822908,0,0,-0.0014026405607685032,0,59,59,89,TRUE,FALSE,FALSE,89,71,TRUE,TRUE,FALSE
2019,Muaythai,Muaythai,Muaythai,ARISF recognized sports,386,275,111,370,16,0,18,1,2019_anti-doping_testing_figures_en.pdf,wada_testing_2019_sport_totals.csv,0,TRUE,Muaythai,1,Muaythai,ARISF,ARISF,18,1,0,0,5,12,0,12,0.666666666666667,TRUE,FALSE,TRUE,1537,351,1888,TRUE,46.63212435233161,0.7124352331606217,0.28756476683937826,0.9585492227979274,0.04145077720207254,0,278047,2702,9.71778152614486,0.00138825450373498,0.006661732050333087,1888,1888,1537,351,0.006355932203389831,31.088082901554404,31.088082901554404,0,6.790218919822908,4.578362386932467,0.6666666666666666,0.004967677699654851,4.578362386932468,60,27,29,TRUE,FALSE,FALSE,9,15,TRUE,TRUE,FALSE
2019,DanceSport,DanceSport,DanceSport,ARISF recognized sports | Other sports/disciplines - Non-Code Signatories,383,291,92,361,22,0,6,2,2019_anti-doping_testing_figures_en.pdf,wada_testing_2019_sport_totals.csv,0,TRUE,DanceSport,1,DanceSport,ARISF | Other Sports - Non-Code Signatories,ARISF | Other Sports - Non-Code Signatories,6,2,1,0,3,0,0,0,0,TRUE,FALSE,TRUE,1537,351,1888,TRUE,15.665796344647518,0.7597911227154047,0.2402088772845953,0.9425587467362925,0.057441253263707574,0,278047,2702,9.71778152614486,0.0013774649609598376,0.0022205773501110288,1888,1888,1537,351,0,0,0,0,6.790218919822908,0,0,-0.0013774649609598376,0,61,49,89,TRUE,FALSE,FALSE,89,52,TRUE,TRUE,FALSE
2019,Automobile Sports,Automobile Sports,Automobile Sports,ARISF recognized sports | Other sports/disciplines - Non-Code Signatories,382,358,24,382,0,0,11,2,2019_anti-doping_testing_figures_en.pdf,wada_testing_2019_sport_totals.csv,0,TRUE,Automobile Sports,1,Automobile Sports,ARISF,ARISF,11,2,1,0,2,6,1,7,0.545454545454545,TRUE,TRUE,TRUE,1537,351,1888,TRUE,28.795811518324605,0.93717277486911,0.06282722513089005,1,0,0,278047,2702,9.71778152614486,0.001373868446701457,0.0040710584752035525,1888,1888,1537,351,0.003707627118644068,18.32460732984293,15.706806282722512,2.617801047120419,6.790218919822908,2.698676956695359,0.5454545454545454,0.002333758671942611,2.6986769566953592,62,39,37,TRUE,FALSE,FALSE,17,26,TRUE,TRUE,FALSE
2019,Squash,Squash,Squash,ARISF recognized sports,356,205,151,340,16,0,1,1,2019_anti-doping_testing_figures_en.pdf,wada_testing_2019_sport_totals.csv,0,TRUE,Squash,1,Squash,ARISF,ARISF,1,1,0,0,0,0,1,1,0,TRUE,TRUE,TRUE,1537,351,1888,TRUE,2.8089887640449436,0.5758426966292135,0.4241573033707865,0.9550561797752809,0.0449438202247191,0,278047,2702,9.71778152614486,0.0012803590759835567,3.700962250185048e-4,1888,1888,1537,351,5.296610169491525e-4,2.8089887640449436,0,2.8089887640449436,6.790218919822908,0.4136816201675871,0,-7.506980590344042e-4,0.41368162016758714,63,89,70,TRUE,FALSE,FALSE,71,104,TRUE,TRUE,FALSE
2019,Life Saving,Life Saving,Life Saving,ARISF recognized sports | Other sports/disciplines from Code Signatories,354,225,129,337,17,0,2,2,2019_anti-doping_testing_figures_en.pdf,wada_testing_2019_sport_totals.csv,0,TRUE,Life Saving,1,Lifesaving,ARISF,ARISF,2,2,0,0,0,0,1,1,0,TRUE,TRUE,TRUE,1537,351,1888,TRUE,5.649717514124294,0.635593220338983,0.3644067796610169,0.9519774011299436,0.0480225988700565,0,278047,2702,9.71778152614486,0.001273166047466795,7.401924500370096e-4,1888,1888,1537,351,5.296610169491525e-4,2.824858757062147,0,2.824858757062147,6.790218919822908,0.41601880446231926,0,-7.435050305176425e-4,0.41601880446231926,64,75,70,TRUE,FALSE,FALSE,70,91,TRUE,TRUE,FALSE
2019,Surfing,Surfing,Surfing,ARISF recognized sports,344,235,109,342,2,0,4,1,2019_anti-doping_testing_figures_en.pdf,wada_testing_2019_sport_totals.csv,0,TRUE,Surfing,1,Surfing,ARISF,ARISF,4,0,0,0,3,1,1,2,0.25,TRUE,TRUE,TRUE,1537,351,1888,TRUE,11.627906976744185,0.6831395348837209,0.3168604651162791,0.9941860465116279,0.005813953488372093,0,278047,2702,9.71778152614486,0.0012372009048829875,0.0014803849000740192,1888,1888,1537,351,0.001059322033898305,5.813953488372093,2.9069767441860463,2.9069767441860463,6.790218919822908,0.8562247487189593,0.25,-1.778788709846824e-4,0.8562247487189594,65,59,58,TRUE,FALSE,FALSE,52,64,TRUE,TRUE,FALSE
2019,Rugby,Rugby,Rugby,Other sports/disciplines - Non-Code Signatories | Other sports/disciplines from Code Signatories,292,292,0,292,0,0,2,2,2019_anti-doping_testing_figures_en.pdf,wada_testing_2019_sport_totals.csv,0,TRUE,NA,NA,NA,NA,NA,0,0,0,0,0,0,0,0,NA,NA,NA,FALSE,1537,351,1888,TRUE,6.8493150684931505,1,0,1,0,0,278047,2702,9.71778152614486,0.001050182163447187,7.401924500370096e-4,1888,1888,1537,351,0,0,0,0,6.790218919822908,0,0,-0.001050182163447187,0,66,75,89,TRUE,FALSE,FALSE,89,82,TRUE,TRUE,TRUE
2019,Arm Wrestling,Arm Wrestling,Arm Wrestling,AIMS sports | Sports for Athletes with an Impairment,288,208,80,286,2,0,24,2,2019_anti-doping_testing_figures_en.pdf,wada_testing_2019_sport_totals.csv,0,TRUE,Arm Wrestling,1,Arm Wrestling,AIMS,AIMS,24,1,0,1,2,20,0,20,0.833333333333333,TRUE,FALSE,TRUE,1537,351,1888,TRUE,83.33333333333333,0.7222222222222222,0.2777777777777778,0.9930555555555556,0.006944444444444444,0,278047,2702,9.71778152614486,0.001035796106413664,0.008882309400444115,1888,1888,1537,351,0.01059322033898305,69.44444444444444,69.44444444444444,0,6.790218919822908,10.227128943032014,0.8333333333333334,0.009557424232569386,10.227128943032014,67,24,17,TRUE,FALSE,FALSE,3,6,TRUE,TRUE,FALSE
2019,Water Skiing,Water Skiing,Water Skiing,ARISF recognized sports,278,199,79,270,8,0,5,1,2019_anti-doping_testing_figures_en.pdf,wada_testing_2019_sport_totals.csv,0,TRUE,Water Skiing,1,Waterskiing,ARISF,ARISF,5,1,0,1,0,3,0,3,0.6,TRUE,FALSE,TRUE,1537,351,1888,TRUE,17.985611510791365,0.7158273381294964,0.2841726618705036,0.9712230215827338,0.02877697841726619,0,278047,2702,9.71778152614486,9.998309638298562e-4,0.001850481125092524,1888,1888,1537,351,0.0015889830508474577,10.79136690647482,10.79136690647482,0,6.790218919822908,1.5892516918668456,0.6,5.891520870176016e-4,1.5892516918668456,68,52,50,TRUE,FALSE,FALSE,35,50,TRUE,TRUE,FALSE
2019,Para-Nordic Skiing,Para-Nordic Skiing,Para-Nordic Skiing,Paralympic sports/disciplines,259,15,20,34,1,0,0,1,2019_anti-doping_testing_figures_en.pdf,wada_testing_2019_sport_totals.csv,1,TRUE,Para-Cross Country Skiing,1,Para-Cross Country Skiing,NA,NA,0,0,0,0,0,0,1,1,NA,FALSE,TRUE,TRUE,1537,351,1888,TRUE,0,0.05791505791505792,0.07722007722007722,0.13127413127413126,0.003861003861003861,0,278047,2702,9.71778152614486,9.314971929206213e-4,0,1888,1888,1537,351,5.296610169491525e-4,3.8610038610038613,0,3.8610038610038613,6.790218919822908,0.5686125744388456,NA,-4.0183617597146877e-4,0.5686125744388456,69,114,70,TRUE,FALSE,FALSE,61,114,TRUE,TRUE,FALSE
2019,Netball,Netball,Netball,ARISF recognized sports,247,111,136,238,9,0,3,1,2019_anti-doping_testing_figures_en.pdf,wada_testing_2019_sport_totals.csv,0,TRUE,Netball,1,Netball,ARISF,ARISF,3,0,0,0,0,3,0,3,1,TRUE,FALSE,TRUE,1537,351,1888,TRUE,12.145748987854251,0.4493927125506073,0.5506072874493927,0.9635627530364372,0.03643724696356275,0,278047,2702,9.71778152614486,8.88339021820052e-4,0.0011102886750555144,1888,1888,1537,351,0.0015889830508474577,12.145748987854251,12.145748987854251,0,6.790218919822908,1.7887124305221984,1,7.006440290274057e-4,1.7887124305221986,70,67,50,TRUE,FALSE,FALSE,31,62,TRUE,TRUE,FALSE
2019,Mountaineering and Climbing,Mountaineering and Climbing,Mountaineering and Climbing,ARISF recognized sports,228,179,49,207,21,0,1,1,2019_anti-doping_testing_figures_en.pdf,wada_testing_2019_sport_totals.csv,0,TRUE,Mountaineering and Climbing,1,Mountaineering and Climbing,ARISF,ARISF,1,0,0,0,1,0,1,1,0,TRUE,TRUE,TRUE,1537,351,1888,TRUE,4.385964912280701,0.7850877192982456,0.2149122807017544,0.9078947368421053,0.09210526315789473,0,278047,2702,9.71778152614486,8.200052509108172e-4,3.700962250185048e-4,1888,1888,1537,351,5.296610169491525e-4,4.385964912280701,0,4.385964912280701,6.790218919822908,0.6459239332441271,0,-2.903442339616647e-4,0.6459239332441272,71,89,70,TRUE,FALSE,FALSE,59,99,TRUE,TRUE,FALSE
2019,Sitting Volleyball,Sitting Volleyball,Sitting Volleyball (R),Sports for Athletes with an Impairment,205,75,119,188,6,0,3,1,2019_anti-doping_testing_figures_en.pdf,wada_testing_2019_sport_totals.csv,1,TRUE,Sitting Volleyball,1,Sitting Volleyball (R),Sports for Athletes with an Impairment,Sports for Athletes with an Impairment,3,1,0,0,1,1,0,1,0.333333333333333,TRUE,FALSE,TRUE,1537,351,1888,TRUE,14.634146341463415,0.36585365853658536,0.5804878048780487,0.9170731707317074,0.02926829268292683,0,278047,2702,9.71778152614486,7.372854229680594e-4,0.0011102886750555144,1888,1888,1537,351,5.296610169491525e-4,4.878048780487805,4.878048780487805,0,6.790218919822908,0.7183934477056635,0.3333333333333333,-2.0762440601890687e-4,0.7183934477056635,72,67,70,TRUE,FALSE,FALSE,56,54,TRUE,TRUE,FALSE
2019,Ski Mountaineering,Ski Mountaineering,Ski Mountaineering,ARISF recognized sports,200,100,100,167,33,0,1,1,2019_anti-doping_testing_figures_en.pdf,wada_testing_2019_sport_totals.csv,0,TRUE,Ski Mountaineering,1,Ski Mountaineering,ARISF,ARISF,1,0,0,0,0,1,2,3,1,TRUE,TRUE,TRUE,1537,351,1888,TRUE,5,0.5,0.5,0.835,0.165,0,278047,2702,9.71778152614486,7.193028516761555e-4,3.700962250185048e-4,1888,1888,1537,351,0.0015889830508474577,15,5,10,6.790218919822908,2.2090598516949154,1,8.696801991713022e-4,2.2090598516949154,73,89,50,TRUE,FALSE,FALSE,23,94,TRUE,TRUE,FALSE
2019,Air Sports,Air Sports,Air Sports,ARISF recognized sports | Other sports/disciplines from Code Signatories,194,73,121,194,0,0,14,2,2019_anti-doping_testing_figures_en.pdf,wada_testing_2019_sport_totals.csv,0,TRUE,Air Sports,1,Air Sports,ARISF | Other Code Signatories,ARISF | Other Code Signatories,14,1,12,0,1,0,0,0,0,TRUE,FALSE,TRUE,1537,351,1888,TRUE,72.16494845360825,0.37628865979381443,0.6237113402061856,1,0,0,278047,2702,9.71778152614486,6.977237661258708e-4,0.0051813471502590676,1888,1888,1537,351,0,0,0,0,6.790218919822908,0,0,-6.977237661258708e-4,0,74,36,89,TRUE,FALSE,FALSE,89,8,TRUE,TRUE,FALSE
2019,Goalball,Goalball,Goalball,Sports for Athletes with an Impairment,194,133,61,189,5,0,4,1,2019_anti-doping_testing_figures_en.pdf,wada_testing_2019_sport_totals.csv,0,TRUE,Goalball,1,Goalball,Sports for Athletes with an Impairment,Sports for Athletes with an Impairment,4,0,1,0,2,1,1,2,0.25,TRUE,TRUE,TRUE,1537,351,1888,TRUE,20.61855670103093,0.6855670103092784,0.31443298969072164,0.9742268041237113,0.02577319587628866,0,278047,2702,9.71778152614486,6.977237661258708e-4,0.0014803849000740192,1888,1888,1537,351,0.001059322033898305,10.309278350515465,5.154639175257732,5.154639175257732,6.790218919822908,1.5182541936047529,0.25,3.615982677724343e-4,1.5182541936047529,74,59,58,TRUE,FALSE,FALSE,37,44,TRUE,TRUE,FALSE
2019,School Sports,School Sports,School Sports,Other sports/disciplines - Non-Code Signatories,184,178,6,170,14,0,2,1,2019_anti-doping_testing_figures_en.pdf,wada_testing_2019_sport_totals.csv,0,TRUE,School Sports,1,School Sports,Other Sports - Non-Code Signatories,Other Sports - Non-Code Signatories,2,0,0,0,0,2,0,2,1,TRUE,FALSE,TRUE,1537,351,1888,TRUE,10.869565217391305,0.967391304347826,0.03260869565217391,0.9239130434782609,0.07608695652173914,0,278047,2702,9.71778152614486,6.617586235420631e-4,7.401924500370096e-4,1888,1888,1537,351,0.001059322033898305,10.869565217391305,10.869565217391305,0,6.790218919822908,1.6007680084745763,1,3.97563410356242e-4,1.6007680084745761,76,75,58,TRUE,FALSE,FALSE,33,67,TRUE,TRUE,FALSE
2019,Billiards,Billiards,Billiards | Billiards Sports,ARISF recognized sports | Other sports/disciplines - Non-Code Signatories,180,168,12,180,0,0,7,2,2019_anti-doping_testing_figures_en.pdf,wada_testing_2019_sport_totals.csv,0,TRUE,Billiards Sports,1,Billiards Sports,ARISF,ARISF,7,3,0,0,1,3,0,3,0.428571428571429,TRUE,FALSE,TRUE,1537,351,1888,TRUE,38.88888888888889,0.9333333333333333,0.06666666666666667,1,0,0,278047,2702,9.71778152614486,6.4737256650854e-4,0.0025906735751295338,1888,1888,1537,351,0.0015889830508474577,16.666666666666668,16.666666666666668,0,6.790218919822908,2.4545109463276837,0.42857142857142855,9.416104843389178e-4,2.4545109463276837,77,48,50,TRUE,FALSE,FALSE,21,17,TRUE,TRUE,FALSE
2019,Para-Alpine Skiing,Para-Alpine Skiing,Para-Alpine Skiing,Paralympic sports/disciplines,170,83,87,156,14,0,4,1,2019_anti-doping_testing_figures_en.pdf,wada_testing_2019_sport_totals.csv,0,TRUE,Para-Alpine Skiing,1,Para-Alpine Skiing,IPC,IPC,4,3,1,0,0,0,0,0,0,TRUE,FALSE,TRUE,1537,351,1888,TRUE,23.52941176470588,0.48823529411764705,0.5117647058823529,0.9176470588235294,0.08235294117647059,0,278047,2702,9.71778152614486,6.114074239247321e-4,0.0014803849000740192,1888,1888,1537,351,0,0,0,0,6.790218919822908,0,0,-6.114074239247321e-4,0,78,59,89,TRUE,FALSE,FALSE,89,36,TRUE,TRUE,FALSE
2019,Para-Biathlon,Para-Biathlon,Para-Biathlon,Paralympic sports/disciplines,166,37,129,159,7,0,0,1,2019_anti-doping_testing_figures_en.pdf,wada_testing_2019_sport_totals.csv,0,TRUE,NA,NA,NA,NA,NA,0,0,0,0,0,0,0,0,NA,NA,NA,FALSE,1537,351,1888,TRUE,0,0.22289156626506024,0.7771084337349398,0.95783132530120485,0.04216867469879518,0,278047,2702,9.71778152614486,5.97021366891209e-4,0,1888,1888,1537,351,0,0,0,0,6.790218919822908,0,NA,-5.97021366891209e-4,0,79,114,89,TRUE,FALSE,FALSE,89,114,TRUE,TRUE,TRUE
2019,Other Rugby,Other Rugby,Other Rugby,Sports for Athletes with an Impairment,165,85,80,157,8,0,1,1,2019_anti-doping_testing_figures_en.pdf,wada_testing_2019_sport_totals.csv,0,TRUE,NA,NA,NA,NA,NA,0,0,0,0,0,0,0,0,NA,NA,NA,FALSE,1537,351,1888,TRUE,6.0606060606060606,0.5151515151515151,0.48484848484848486,0.9515151515151515,0.048484848484848485,0,278047,2702,9.71778152614486,5.934248526328282e-4,3.700962250185048e-4,1888,1888,1537,351,0,0,0,0,6.790218919822908,0,0,-5.934248526328282e-4,0,80,89,89,TRUE,FALSE,FALSE,89,87,TRUE,TRUE,TRUE
2019,Shooting Para Sport,Shooting Para Sport,Shooting Para Sport,Paralympic sports/disciplines,165,111,54,165,0,0,3,1,2019_anti-doping_testing_figures_en.pdf,wada_testing_2019_sport_totals.csv,0,TRUE,Shooting Para Sport,1,Shooting Para Sport,IPC,IPC,3,2,0,0,0,1,0,1,0.333333333333333,TRUE,FALSE,TRUE,1537,351,1888,TRUE,18.18181818181818,0.6727272727272727,0.32727272727272727,1,0,0,278047,2702,9.71778152614486,5.934248526328282e-4,0.0011102886750555144,1888,1888,1537,351,5.296610169491525e-4,6.0606060606060606,6.0606060606060606,0,6.790218919822908,0.8925494350282486,0.3333333333333333,-6.376383568367568e-5,0.8925494350282487,80,67,70,TRUE,FALSE,FALSE,50,49,TRUE,TRUE,FALSE
2019,Para-Ice Hockey,Para-Ice Hockey,Para-Ice Hockey,Paralympic sports/disciplines,160,109,51,151,9,0,3,1,2019_anti-doping_testing_figures_en.pdf,wada_testing_2019_sport_totals.csv,0,TRUE,Para-Ice Hockey,1,Para-Ice Hockey,IPC,IPC,3,1,0,0,0,2,0,2,0.666666666666667,TRUE,FALSE,TRUE,1537,351,1888,TRUE,18.75,0.68125,0.31875,0.94375,0.05625,0,278047,2702,9.71778152614486,5.754422813409244e-4,0.0011102886750555144,1888,1888,1537,351,0.001059322033898305,12.5,12.5,0,6.790218919822908,1.8408832097457626,0.6666666666666666,4.8387975255738066e-4,1.8408832097457626,82,67,58,TRUE,FALSE,FALSE,29,48,TRUE,TRUE,FALSE
2019,Bandy,Bandy,Bandy,ARISF recognized sports | Other sports/disciplines from Code Signatories,159,95,64,151,8,0,2,2,2019_anti-doping_testing_figures_en.pdf,wada_testing_2019_sport_totals.csv,0,TRUE,Bandy,1,Bandy,ARISF,ARISF,2,1,0,0,0,1,0,1,0.5,TRUE,FALSE,TRUE,1537,351,1888,TRUE,12.578616352201259,0.5974842767295597,0.4025157232704403,0.949685534591195,0.050314465408805034,0,278047,2702,9.71778152614486,5.718457670825436e-4,7.401924500370096e-4,1888,1888,1537,351,5.296610169491525e-4,6.289308176100629,6.289308176100629,0,6.790218919822908,0.9262305457840315,0.5,-4.2184750133391073e-05,0.9262305457840315,83,75,70,TRUE,FALSE,FALSE,47,60,TRUE,TRUE,FALSE
2019,Basque Pelota,Basque Pelota,Basque Pelota,ARISF recognized sports,157,48,109,155,2,0,4,1,2019_anti-doping_testing_figures_en.pdf,wada_testing_2019_sport_totals.csv,0,TRUE,Basque Pelota,1,Basque Pelota,ARISF,ARISF,4,0,0,4,0,0,0,0,0,TRUE,FALSE,TRUE,1537,351,1888,TRUE,25.477707006369428,0.3057324840764331,0.6942675159235668,0.9872611464968153,0.012738853503184714,0,278047,2702,9.71778152614486,5.64652738565782e-4,0.0014803849000740192,1888,1888,1537,351,0,0,0,0,6.790218919822908,0,0,-5.64652738565782e-4,0,84,59,89,TRUE,FALSE,FALSE,89,34,TRUE,TRUE,FALSE
2019,Gaelic Games,Gaelic Games,Gaelic Games,Other sports/disciplines - Non-Code Signatories,152,52,100,129,23,0,0,1,2019_anti-doping_testing_figures_en.pdf,wada_testing_2019_sport_totals.csv,0,TRUE,NA,NA,NA,NA,NA,0,0,0,0,0,0,0,0,NA,NA,NA,FALSE,1537,351,1888,TRUE,0,0.34210526315789475,0.6578947368421053,0.8486842105263158,0.1513157894736842,0,278047,2702,9.71778152614486,5.466701672738782e-4,0,1888,1888,1537,351,0,0,0,0,6.790218919822908,0,NA,-5.466701672738782e-4,0,85,114,89,TRUE,FALSE,FALSE,89,114,TRUE,TRUE,TRUE
2019,Bowling,Bowling,Bowling,ARISF recognized sports | Sports for Athletes with an Impairment,146,101,45,146,0,0,1,2,2019_anti-doping_testing_figures_en.pdf,wada_testing_2019_sport_totals.csv,0,TRUE,Bowling,1,Bowling,ARISF,ARISF,1,0,0,0,1,0,0,0,0,TRUE,FALSE,TRUE,1537,351,1888,TRUE,6.8493150684931505,0.6917808219178082,0.3082191780821918,1,0,0,278047,2702,9.71778152614486,5.250910817235935e-4,3.700962250185048e-4,1888,1888,1537,351,0,0,0,0,6.790218919822908,0,0,-5.250910817235935e-4,0,86,89,89,TRUE,FALSE,FALSE,89,82,TRUE,TRUE,FALSE
2019,Cheer,Cheer,Cheer | Cheerleading,ARISF recognized sports | Other sports/disciplines from Code Signatories,143,86,57,131,12,0,5,2,2019_anti-doping_testing_figures_en.pdf,wada_testing_2019_sport_totals.csv,0,TRUE,Cheer,1,Cheer,ARISF,ARISF,5,1,0,0,2,2,0,2,0.4,TRUE,FALSE,TRUE,1537,351,1888,TRUE,34.96503496503497,0.6013986013986014,0.3986013986013986,0.916083916083916,0.08391608391608392,0,278047,2702,9.71778152614486,5.143015389484512e-4,0.001850481125092524,1888,1888,1537,351,0.001059322033898305,13.986013986013987,13.986013986013987,0,6.790218919822908,2.0597294654498044,0.4,5.450204949498539e-4,2.0597294654498044,87,52,58,TRUE,FALSE,FALSE,25,20,TRUE,TRUE,FALSE
2019,Kabaddi,Kabaddi,Kabaddi,Other sports/disciplines - Non-Code Signatories,143,92,51,138,5,0,2,1,2019_anti-doping_testing_figures_en.pdf,wada_testing_2019_sport_totals.csv,0,TRUE,Kabaddi,1,Kabaddi,Other Sports - Non-Code Signatories,Other Sports - Non-Code Signatories,2,0,0,0,1,1,0,1,0.5,TRUE,FALSE,TRUE,1537,351,1888,TRUE,13.986013986013987,0.6433566433566433,0.35664335664335667,0.965034965034965,0.03496503496503497,0,278047,2702,9.71778152614486,5.143015389484512e-4,7.401924500370096e-4,1888,1888,1537,351,5.296610169491525e-4,6.993006993006993,6.993006993006993,0,6.790218919822908,1.0298647327249022,0.5,1.5359478000701358e-5,1.0298647327249022,87,75,70,TRUE,FALSE,FALSE,44,56,TRUE,TRUE,FALSE
2019,Boccia,Boccia,Boccia,Sports for Athletes with an Impairment,133,74,59,133,0,0,0,1,2019_anti-doping_testing_figures_en.pdf,wada_testing_2019_sport_totals.csv,0,TRUE,NA,NA,NA,NA,NA,0,0,0,0,0,0,0,0,NA,NA,NA,FALSE,1537,351,1888,TRUE,0,0.556390977443609,0.44360902255639095,1,0,0,278047,2702,9.71778152614486,4.783363963646434e-4,0,1888,1888,1537,351,0,0,0,0,6.790218919822908,0,NA,-4.783363963646434e-4,0,89,114,89,TRUE,FALSE,FALSE,89,114,TRUE,TRUE,TRUE
2019,Football 5-a-Side,Football 5-a-Side,Football 5-a-Side,Sports for Athletes with an Impairment,126,78,48,118,8,0,4,1,2019_anti-doping_testing_figures_en.pdf,wada_testing_2019_sport_totals.csv,0,TRUE,Football 5-a-Side,1,Football 5-a-Side,Sports for Athletes with an Impairment,Sports for Athletes with an Impairment,4,0,0,0,2,2,0,2,0.5,TRUE,FALSE,TRUE,1537,351,1888,TRUE,31.746031746031743,0.6190476190476191,0.38095238095238093,0.9365079365079365,0.06349206349206349,0,278047,2702,9.71778152614486,4.5316079655597795e-4,0.0014803849000740192,1888,1888,1537,351,0.001059322033898305,15.873015873015872,15.873015873015872,0,6.790218919822908,2.3376294726930316,0.5,6.061612373423271e-4,2.337629472693032,90,59,58,TRUE,FALSE,FALSE,22,22,TRUE,TRUE,FALSE
2019,Kettlebell Lifting,Kettlebell Lifting,Kettlebell Lifting,Other sports/disciplines from Code Signatories,122,115,7,119,3,0,9,1,2019_anti-doping_testing_figures_en.pdf,wada_testing_2019_sport_totals.csv,0,TRUE,Kettlebell Lifting,1,Kettlebell Lifting,Other Code Signatories,Other Code Signatories,9,0,0,0,3,6,0,6,0.666666666666667,TRUE,FALSE,TRUE,1537,351,1888,TRUE,73.77049180327869,0.9426229508196722,0.05737704918032787,0.9754098360655737,0.02459016393442623,0,278047,2702,9.71778152614486,4.3877473952245484e-4,0.0033308660251665434,1888,1888,1537,351,0.0031779661016949155,49.18032786885246,49.18032786885246,0,6.790218919822908,7.242819185884968,0.6666666666666666,0.0027391913621724606,7.242819185884969,91,44,42,TRUE,FALSE,FALSE,5,7,TRUE,TRUE,FALSE
2019,Sepaktakraw,Sepaktakraw,Sepaktakraw,AIMS sports,114,49,65,114,0,0,0,1,2019_anti-doping_testing_figures_en.pdf,wada_testing_2019_sport_totals.csv,0,TRUE,NA,NA,NA,NA,NA,0,0,0,0,0,0,0,0,NA,NA,NA,FALSE,1537,351,1888,TRUE,0,0.4298245614035088,0.5701754385964912,1,0,0,278047,2702,9.71778152614486,4.100026254554086e-4,0,1888,1888,1537,351,0,0,0,0,6.790218919822908,0,NA,-4.100026254554086e-4,0,92,114,89,TRUE,FALSE,FALSE,89,114,TRUE,TRUE,TRUE
2019,Military Sport Pentathlon,Military Sport Pentathlon,Military Sport Pentathlon,Other sports/disciplines - Non-Code Signatories,105,46,59,101,4,0,0,1,2019_anti-doping_testing_figures_en.pdf,wada_testing_2019_sport_totals.csv,0,TRUE,NA,NA,NA,NA,NA,0,0,0,0,0,0,0,0,NA,NA,NA,FALSE,1537,351,1888,TRUE,0,0.4380952380952381,0.5619047619047619,0.9619047619047619,0.0380952380952381,0,278047,2702,9.71778152614486,3.776339971299816e-4,0,1888,1888,1537,351,0,0,0,0,6.790218919822908,0,NA,-3.776339971299816e-4,0,93,114,89,TRUE,FALSE,FALSE,89,114,TRUE,TRUE,TRUE
2019,Sumo,Sumo,Sumo,ARISF recognized sports,99,65,34,93,6,0,3,1,2019_anti-doping_testing_figures_en.pdf,wada_testing_2019_sport_totals.csv,0,TRUE,Sumo,1,Sumo,ARISF,ARISF,3,0,0,0,0,3,0,3,1,TRUE,FALSE,TRUE,1537,351,1888,TRUE,30.303030303030305,0.6565656565656566,0.3434343434343434,0.9393939393939394,0.06060606060606061,0,278047,2702,9.71778152614486,3.5605491157969694e-4,0.0011102886750555144,1888,1888,1537,351,0.0015889830508474577,30.303030303030305,30.303030303030305,0,6.790218919822908,4.462747175141243,1,0.0012329281392677608,4.462747175141243,94,67,50,FALSE,FALSE,FALSE,NA,NA,TRUE,TRUE,FALSE
2019,Boules Sports,Boules Sports,Boules Sports,ARISF recognized sports,95,89,6,93,2,0,2,1,2019_anti-doping_testing_figures_en.pdf,wada_testing_2019_sport_totals.csv,0,TRUE,Boules Sports,1,Boules Sports,ARISF,ARISF,2,0,0,0,1,1,0,1,0.5,TRUE,FALSE,TRUE,1537,351,1888,TRUE,21.052631578947366,0.9368421052631579,0.06315789473684211,0.9789473684210527,0.021052631578947368,0,278047,2702,9.71778152614486,3.4166885454617384e-4,7.401924500370096e-4,1888,1888,1537,351,5.296610169491525e-4,10.526315789473683,10.526315789473683,0,6.790218919822908,1.5502174397859052,0.5,1.879921624029787e-4,1.5502174397859054,95,75,70,FALSE,FALSE,FALSE,NA,NA,TRUE,TRUE,FALSE
2019,Racquetball,Racquetball,Racquetball,ARISF recognized sports,90,36,54,88,2,0,2,1,2019_anti-doping_testing_figures_en.pdf,wada_testing_2019_sport_totals.csv,0,TRUE,Racquetball,1,Racquetball,ARISF,ARISF,2,0,0,0,0,2,0,2,1,TRUE,FALSE,TRUE,1537,351,1888,TRUE,22.22222222222222,0.4,0.6,0.9777777777777777,0.022222222222222223,0,278047,2702,9.71778152614486,3.2368628325427e-4,7.401924500370096e-4,1888,1888,1537,351,0.001059322033898305,22.22222222222222,22.22222222222222,0,6.790218919822908,3.2726812617702445,1,7.356357506440351e-4,3.2726812617702445,96,75,58,FALSE,FALSE,FALSE,NA,NA,TRUE,TRUE,FALSE
2019,Tug of War,Tug of War,Tug of War,ARISF recognized sports,87,52,35,81,6,0,2,1,2019_anti-doping_testing_figures_en.pdf,wada_testing_2019_sport_totals.csv,0,TRUE,Tug of War,1,Tug of War,ARISF,ARISF,2,0,0,0,1,1,0,1,0.5,TRUE,FALSE,TRUE,1537,351,1888,TRUE,22.988505747126435,0.5977011494252874,0.40229885057471265,0.9310344827586207,0.06896551724137931,0,278047,2702,9.71778152614486,3.128967404791276e-4,7.401924500370096e-4,1888,1888,1537,351,5.296610169491525e-4,11.494252873563218,11.494252873563218,0,6.790218919822908,1.692766169881161,0.5,2.1676427647002492e-4,1.6927661698811611,97,75,70,FALSE,FALSE,FALSE,NA,NA,TRUE,TRUE,FALSE
2019,Korfball,Korfball,Korfball,ARISF recognized sports,84,67,17,81,3,0,1,1,2019_anti-doping_testing_figures_en.pdf,wada_testing_2019_sport_totals.csv,0,TRUE,Korfball,1,Korfball,ARISF,ARISF,1,0,0,1,0,0,0,0,0,TRUE,FALSE,TRUE,1537,351,1888,TRUE,11.904761904761903,0.7976190476190477,0.20238095238095238,0.9642857142857143,0.03571428571428571,0,278047,2702,9.71778152614486,3.021071977039853e-4,3.700962250185048e-4,1888,1888,1537,351,0,0,0,0,6.790218919822908,0,0,-3.021071977039853e-4,0,98,89,89,FALSE,FALSE,FALSE,NA,NA,TRUE,TRUE,FALSE
2019,Chess,Chess,Chess,ARISF recognized sports | Sports for Athletes with an Impairment,81,69,12,81,0,0,1,2,2019_anti-doping_testing_figures_en.pdf,wada_testing_2019_sport_totals.csv,0,TRUE,Chess,1,Chess,ARISF,ARISF,1,0,0,0,1,0,0,0,0,TRUE,FALSE,TRUE,1537,351,1888,TRUE,12.345679012345679,0.8518518518518519,0.14814814814814814,1,0,0,278047,2702,9.71778152614486,2.9131765492884296e-4,3.700962250185048e-4,1888,1888,1537,351,0,0,0,0,6.790218919822908,0,0,-2.9131765492884296e-4,0,99,89,89,FALSE,FALSE,FALSE,NA,NA,TRUE,TRUE,FALSE
2019,Powerboating,Powerboating,Powerboating,ARISF recognized sports,78,46,32,71,7,0,2,1,2019_anti-doping_testing_figures_en.pdf,wada_testing_2019_sport_totals.csv,0,TRUE,Powerboating,1,Powerboating,ARISF,ARISF,2,0,0,0,0,2,0,2,1,TRUE,FALSE,TRUE,1537,351,1888,TRUE,25.64102564102564,0.5897435897435898,0.41025641025641024,0.9102564102564102,0.08974358974358974,0,278047,2702,9.71778152614486,2.8052811215370066e-4,7.401924500370096e-4,1888,1888,1537,351,0.001059322033898305,25.64102564102564,25.64102564102564,0,6.790218919822908,3.7761706866579745,1,7.787939217446044e-4,3.7761706866579745,100,75,58,FALSE,FALSE,FALSE,NA,NA,TRUE,TRUE,FALSE
2019,Friskis & Svettis,Friskis & Svettis,Friskis & Svettis,Other sports/disciplines - Non-Code Signatories,75,0,75,75,0,0,1,1,2019_anti-doping_testing_figures_en.pdf,wada_testing_2019_sport_totals.csv,0,TRUE,Friskis & Svettis,1,Friskis & Svettis,Other Sports - Non-Code Signatories,Other Sports - Non-Code Signatories,1,0,0,0,0,1,0,1,1,TRUE,FALSE,TRUE,1537,351,1888,TRUE,13.333333333333334,0,1,1,0,0,278047,2702,9.71778152614486,2.697385693785583e-4,3.700962250185048e-4,1888,1888,1537,351,5.296610169491525e-4,13.333333333333334,13.333333333333334,0,6.790218919822908,1.963608757062147,1,2.5992244757059424e-4,1.963608757062147,101,89,70,FALSE,FALSE,FALSE,NA,NA,TRUE,TRUE,FALSE
2019,Dragon Boat,Dragon Boat,Dragon Boat,AIMS sports,74,45,29,74,0,0,5,1,2019_anti-doping_testing_figures_en.pdf,wada_testing_2019_sport_totals.csv,0,TRUE,Dragon Boat,1,Dragon Boat,AIMS,AIMS,5,0,0,0,1,4,0,4,0.8,TRUE,FALSE,TRUE,1537,351,1888,TRUE,67.56756756756756,0.6081081081081081,0.3918918918918919,1,0,0,278047,2702,9.71778152614486,2.6614205512017755e-4,0.001850481125092524,1888,1888,1537,351,0.00211864406779661,54.054054054054056,54.054054054054056,0,6.790218919822908,7.960576042143838,0.8,0.0018525020126764326,7.960576042143838,102,52,47,FALSE,FALSE,FALSE,NA,NA,TRUE,TRUE,FALSE
2019,Para-Snowboard,Para-Snowboard,Para-Snowboard,Paralympic sports/disciplines,74,47,27,70,4,0,2,1,2019_anti-doping_testing_figures_en.pdf,wada_testing_2019_sport_totals.csv,0,TRUE,Para-Snowboard,1,Para-Snowboard,IPC,IPC,2,1,0,0,0,1,0,1,0.5,TRUE,FALSE,TRUE,1537,351,1888,TRUE,27.027027027027028,0.6351351351351351,0.36486486486486486,0.9459459459459459,0.05405405405405406,0,278047,2702,9.71778152614486,2.6614205512017755e-4,7.401924500370096e-4,1888,1888,1537,351,5.296610169491525e-4,13.513513513513514,13.513513513513514,0,6.790218919822908,1.9901440105359596,0.5,2.63518961828975e-4,1.9901440105359596,102,75,70,FALSE,FALSE,FALSE,NA,NA,TRUE,TRUE,FALSE
2019,Savate,Savate,Savate,AIMS sports,72,35,37,69,3,0,0,1,2019_anti-doping_testing_figures_en.pdf,wada_testing_2019_sport_totals.csv,0,TRUE,NA,NA,NA,NA,NA,0,0,0,0,0,0,0,0,NA,NA,NA,FALSE,1537,351,1888,TRUE,0,0.4861111111111111,0.5138888888888888,0.9583333333333334,0.041666666666666664,0,278047,2702,9.71778152614486,2.58949026603416e-4,0,1888,1888,1537,351,0,0,0,0,6.790218919822908,0,NA,-2.58949026603416e-4,0,104,114,89,FALSE,FALSE,FALSE,NA,NA,TRUE,TRUE,TRUE
2019,Soft Tennis,Soft Tennis,Soft Tennis,AIMS sports,70,44,26,68,2,0,2,1,2019_anti-doping_testing_figures_en.pdf,wada_testing_2019_sport_totals.csv,0,TRUE,Soft Tennis,1,Soft Tennis,AIMS,AIMS,2,0,1,0,1,0,0,0,0,TRUE,FALSE,TRUE,1537,351,1888,TRUE,28.57142857142857,0.6285714285714286,0.37142857142857144,0.9714285714285714,0.02857142857142857,0,278047,2702,9.71778152614486,2.5175599808665444e-4,7.401924500370096e-4,1888,1888,1537,351,0,0,0,0,6.790218919822908,0,0,-2.5175599808665444e-4,0,105,75,89,FALSE,FALSE,FALSE,NA,NA,TRUE,TRUE,FALSE
2019,Darts,Darts,Darts,AIMS sports,60,60,0,60,0,0,3,1,2019_anti-doping_testing_figures_en.pdf,wada_testing_2019_sport_totals.csv,0,TRUE,Darts,1,Darts,AIMS,AIMS,3,1,2,0,0,0,0,0,0,TRUE,FALSE,TRUE,1537,351,1888,TRUE,50,1,0,1,0,0,278047,2702,9.71778152614486,2.1579085550284664e-4,0.0011102886750555144,1888,1888,1537,351,0,0,0,0,6.790218919822908,0,0,-2.1579085550284664e-4,0,106,67,89,FALSE,FALSE,FALSE,NA,NA,TRUE,TRUE,FALSE
2019,Icestocksport,Icestocksport,Icestocksport,ARISF recognized sports,58,38,20,53,5,0,0,1,2019_anti-doping_testing_figures_en.pdf,wada_testing_2019_sport_totals.csv,0,TRUE,NA,NA,NA,NA,NA,0,0,0,0,0,0,0,0,NA,NA,NA,FALSE,1537,351,1888,TRUE,0,0.6551724137931034,0.3448275862068966,0.9137931034482759,0.08620689655172414,0,278047,2702,9.71778152614486,2.085978269860851e-4,0,1888,1888,1537,351,0,0,0,0,6.790218919822908,0,NA,-2.085978269860851e-4,0,107,114,89,FALSE,FALSE,FALSE,NA,NA,TRUE,TRUE,TRUE
2019,Lacrosse,Lacrosse,Lacrosse,ARISF recognized sports,56,25,31,49,7,0,0,1,2019_anti-doping_testing_figures_en.pdf,wada_testing_2019_sport_totals.csv,0,TRUE,NA,NA,NA,NA,NA,0,0,0,0,0,0,0,0,NA,NA,NA,FALSE,1537,351,1888,TRUE,0,0.44642857142857145,0.5535714285714286,0.875,0.125,0,278047,2702,9.71778152614486,2.0140479846932354e-4,0,1888,1888,1537,351,0,0,0,0,6.790218919822908,0,NA,-2.0140479846932354e-4,0,108,114,89,FALSE,FALSE,FALSE,NA,NA,TRUE,TRUE,TRUE
2019,Pencak Silat,Pencak Silat,Pencak Silat,Other sports/disciplines - Non-Code Signatories,49,5,44,48,1,0,0,1,2019_anti-doping_testing_figures_en.pdf,wada_testing_2019_sport_totals.csv,0,TRUE,NA,NA,NA,NA,NA,0,0,0,0,0,0,0,0,NA,NA,NA,FALSE,1537,351,1888,TRUE,0,0.10204081632653061,0.8979591836734694,0.9795918367346939,0.02040816326530612,0,278047,2702,9.71778152614486,1.762291986606581e-4,0,1888,1888,1537,351,0,0,0,0,6.790218919822908,0,NA,-1.762291986606581e-4,0,109,114,89,FALSE,FALSE,FALSE,NA,NA,TRUE,TRUE,TRUE
2019,Budo,Budo,Budo,Other sports/disciplines - Non-Code Signatories,48,20,28,48,0,0,0,1,2019_anti-doping_testing_figures_en.pdf,wada_testing_2019_sport_totals.csv,0,TRUE,NA,NA,NA,NA,NA,0,0,0,0,0,0,0,0,NA,NA,NA,FALSE,1537,351,1888,TRUE,0,0.4166666666666667,0.5833333333333334,1,0,0,278047,2702,9.71778152614486,1.7263268440227732e-4,0,1888,1888,1537,351,0,0,0,0,6.790218919822908,0,NA,-1.7263268440227732e-4,0,110,114,89,FALSE,FALSE,FALSE,NA,NA,TRUE,TRUE,TRUE
2019,Basque Sports,Basque Sports,Basque Sports,Other sports/disciplines - Non-Code Signatories,45,45,0,45,0,0,1,1,2019_anti-doping_testing_figures_en.pdf,wada_testing_2019_sport_totals.csv,0,TRUE,Basque Sports,1,Basque Sports,Other Sports - Non-Code Signatories,Other Sports - Non-Code Signatories,1,0,1,0,0,0,0,0,0,TRUE,FALSE,TRUE,1537,351,1888,TRUE,22.22222222222222,1,0,1,0,0,278047,2702,9.71778152614486,1.61843141627135e-4,3.700962250185048e-4,1888,1888,1537,351,0,0,0,0,6.790218919822908,0,0,-1.61843141627135e-4,0,111,89,89,FALSE,FALSE,FALSE,NA,NA,TRUE,TRUE,FALSE
2019,Football 7-a-Side,Football 7-a-Side,Football 7-a-Side,Sports for Athletes with an Impairment,45,16,29,45,0,0,1,1,2019_anti-doping_testing_figures_en.pdf,wada_testing_2019_sport_totals.csv,0,TRUE,Football 7-a-Side,1,Football 7-a-Side,Sports for Athletes with an Impairment,Sports for Athletes with an Impairment,1,0,0,0,0,1,1,2,1,TRUE,TRUE,TRUE,1537,351,1888,TRUE,22.22222222222222,0.35555555555555557,0.6444444444444445,1,0,0,278047,2702,9.71778152614486,1.61843141627135e-4,3.700962250185048e-4,1888,1888,1537,351,0.001059322033898305,44.44444444444444,22.22222222222222,22.22222222222222,6.790218919822908,6.545362523540489,1,8.974788922711701e-4,6.545362523540489,111,89,58,FALSE,FALSE,FALSE,NA,NA,TRUE,TRUE,FALSE
2019,Kendo,Kendo,Kendo,AIMS sports,45,41,4,42,3,0,0,1,2019_anti-doping_testing_figures_en.pdf,wada_testing_2019_sport_totals.csv,0,TRUE,NA,NA,NA,NA,NA,0,0,0,0,0,0,0,0,NA,NA,NA,FALSE,1537,351,1888,TRUE,0,0.9111111111111111,0.08888888888888889,0.9333333333333333,0.06666666666666667,0,278047,2702,9.71778152614486,1.61843141627135e-4,0,1888,1888,1537,351,0,0,0,0,6.790218919822908,0,NA,-1.61843141627135e-4,0,111,114,89,FALSE,FALSE,FALSE,NA,NA,TRUE,TRUE,TRUE
2019,Firefighting and Rescuing,Firefighting and Rescuing,Firefighting and Rescuing,Other sports/disciplines - Non-Code Signatories,44,32,12,44,0,0,1,1,2019_anti-doping_testing_figures_en.pdf,wada_testing_2019_sport_totals.csv,0,TRUE,Firefighting and Rescuing,1,Firefighting and Rescuing,Other Sports - Non-Code Signatories,Other Sports - Non-Code Signatories,1,0,0,0,1,0,0,0,0,TRUE,FALSE,TRUE,1537,351,1888,TRUE,22.727272727272727,0.7272727272727273,0.2727272727272727,1,0,0,278047,2702,9.71778152614486,1.582466273687542e-4,3.700962250185048e-4,1888,1888,1537,351,0,0,0,0,6.790218919822908,0,0,-1.582466273687542e-4,0,114,89,89,FALSE,FALSE,FALSE,NA,NA,TRUE,TRUE,FALSE
2019,Heavy Events,Heavy Events,Heavy Events,Other sports/disciplines - Non-Code Signatories,42,25,17,36,6,0,0,1,2019_anti-doping_testing_figures_en.pdf,wada_testing_2019_sport_totals.csv,0,TRUE,NA,NA,NA,NA,NA,0,0,0,0,0,0,0,0,NA,NA,NA,FALSE,1537,351,1888,TRUE,0,0.5952380952380952,0.40476190476190477,0.8571428571428571,0.14285714285714285,0,278047,2702,9.71778152614486,1.5105359885199266e-4,0,1888,1888,1537,351,0,0,0,0,6.790218919822908,0,NA,-1.5105359885199266e-4,0,115,114,89,FALSE,FALSE,FALSE,NA,NA,TRUE,TRUE,TRUE
2019,Kurash,Kurash,Kurash,Other sports/disciplines from Code Signatories,41,36,5,41,0,0,5,1,2019_anti-doping_testing_figures_en.pdf,wada_testing_2019_sport_totals.csv,0,TRUE,Kurash,1,Kurash,Other Code Signatories,Other Code Signatories,5,0,0,0,3,2,0,2,0.4,TRUE,FALSE,TRUE,1537,351,1888,TRUE,121.95121951219512,0.8780487804878049,0.12195121951219512,1,0,0,278047,2702,9.71778152614486,1.4745708459361188e-4,0.001850481125092524,1888,1888,1537,351,0.001059322033898305,48.78048780487805,48.78048780487805,0,6.790218919822908,7.183934477056635,0.4,9.118649493046932e-4,7.183934477056634,116,52,58,FALSE,FALSE,FALSE,NA,NA,TRUE,TRUE,FALSE
2019,Sport Fishing,Sport Fishing,Sport Fishing,AIMS sports,40,38,2,40,0,0,1,1,2019_anti-doping_testing_figures_en.pdf,wada_testing_2019_sport_totals.csv,0,TRUE,Sport Fishing,1,Sport Fishing,AIMS,AIMS,1,0,0,0,1,0,0,0,0,TRUE,FALSE,TRUE,1537,351,1888,TRUE,25,0.95,0.05,1,0,0,278047,2702,9.71778152614486,1.438605703352311e-4,3.700962250185048e-4,1888,1888,1537,351,0,0,0,0,6.790218919822908,0,0,-1.438605703352311e-4,0,117,89,89,FALSE,FALSE,FALSE,NA,NA,TRUE,TRUE,FALSE
2019,Functional Fitness,Functional Fitness,Functional Fitness,Other sports/disciplines - Non-Code Signatories,35,33,2,34,1,0,1,1,2019_anti-doping_testing_figures_en.pdf,wada_testing_2019_sport_totals.csv,0,TRUE,Functional Fitness,1,Functional Fitness,Other Sports - Non-Code Signatories,Other Sports - Non-Code Signatories,1,1,0,0,0,0,0,0,0,TRUE,FALSE,TRUE,1537,351,1888,TRUE,28.57142857142857,0.9428571428571428,0.05714285714285714,0.9714285714285714,0.02857142857142857,0,278047,2702,9.71778152614486,1.2587799904332722e-4,3.700962250185048e-4,1888,1888,1537,351,0,0,0,0,6.790218919822908,0,0,-1.2587799904332722e-4,0,118,89,89,FALSE,FALSE,FALSE,NA,NA,TRUE,TRUE,FALSE
2019,Draughts,Draughts,Draughts,AIMS sports,34,22,12,34,0,0,1,1,2019_anti-doping_testing_figures_en.pdf,wada_testing_2019_sport_totals.csv,0,TRUE,Draughts,1,Draughts,AIMS,AIMS,1,0,0,0,0,1,0,1,1,TRUE,FALSE,TRUE,1537,351,1888,TRUE,29.41176470588235,0.6470588235294118,0.35294117647058826,1,0,0,278047,2702,9.71778152614486,1.2228148478494644e-4,3.700962250185048e-4,1888,1888,1537,351,5.296610169491525e-4,29.41176470588235,29.41176470588235,0,6.790218919822908,4.331489905284148,1,4.0737953216420607e-4,4.331489905284147,119,89,70,FALSE,FALSE,FALSE,NA,NA,TRUE,TRUE,FALSE
2019,Power Press,Power Press,Power Press,Other sports/disciplines - Non-Code Signatories,32,16,16,25,7,0,0,1,2019_anti-doping_testing_figures_en.pdf,wada_testing_2019_sport_totals.csv,0,TRUE,NA,NA,NA,NA,NA,0,0,0,0,0,0,0,0,NA,NA,NA,FALSE,1537,351,1888,TRUE,0,0.5,0.5,0.78125,0.21875,0,278047,2702,9.71778152614486,1.1508845626818488e-4,0,1888,1888,1537,351,0,0,0,0,6.790218919822908,0,NA,-1.1508845626818488e-4,0,120,114,89,FALSE,FALSE,FALSE,NA,NA,TRUE,TRUE,TRUE
2019,Beach Tennis,Beach Tennis,Beach Tennis,Other sports/disciplines - Non-Code Signatories,31,29,2,29,2,0,0,1,2019_anti-doping_testing_figures_en.pdf,wada_testing_2019_sport_totals.csv,0,TRUE,NA,NA,NA,NA,NA,0,0,0,0,0,0,0,0,NA,NA,NA,FALSE,1537,351,1888,TRUE,0,0.9354838709677419,0.06451612903225806,0.9354838709677419,0.06451612903225806,0,278047,2702,9.71778152614486,1.114919420098041e-4,0,1888,1888,1537,351,0,0,0,0,6.790218919822908,0,NA,-1.114919420098041e-4,0,121,114,89,FALSE,FALSE,FALSE,NA,NA,TRUE,TRUE,TRUE
2019,VA'A,VA'A,VA'A,Other sports/disciplines - Non-Code Signatories,31,30,1,31,0,0,1,1,2019_anti-doping_testing_figures_en.pdf,wada_testing_2019_sport_totals.csv,0,TRUE,VA'A,1,VA'A,Other Sports - Non-Code Signatories,Other Sports - Non-Code Signatories,1,0,0,0,1,0,0,0,0,TRUE,FALSE,TRUE,1537,351,1888,TRUE,32.25806451612903,0.967741935483871,0.03225806451612903,1,0,0,278047,2702,9.71778152614486,1.114919420098041e-4,3.700962250185048e-4,1888,1888,1537,351,0,0,0,0,6.790218919822908,0,0,-1.114919420098041e-4,0,121,89,89,FALSE,FALSE,FALSE,NA,NA,TRUE,TRUE,FALSE
2019,Poker,Poker,Poker,Other sports/disciplines from Code Signatories,29,29,0,29,0,0,2,1,2019_anti-doping_testing_figures_en.pdf,wada_testing_2019_sport_totals.csv,0,TRUE,Poker,1,Poker,Other Code Signatories,Other Code Signatories,2,0,0,0,2,0,0,0,0,TRUE,FALSE,TRUE,1537,351,1888,TRUE,68.9655172413793,1,0,1,0,0,278047,2702,9.71778152614486,1.0429891349304254e-4,7.401924500370096e-4,1888,1888,1537,351,0,0,0,0,6.790218919822908,0,0,-1.0429891349304254e-4,0,123,75,89,FALSE,FALSE,FALSE,NA,NA,TRUE,TRUE,FALSE
2019,Bridge,Bridge,Bridge,ARISF recognized sports,27,25,2,27,0,0,1,1,2019_anti-doping_testing_figures_en.pdf,wada_testing_2019_sport_totals.csv,0,TRUE,Bridge,1,Bridge,ARISF,ARISF,1,0,0,0,1,0,0,0,0,TRUE,FALSE,TRUE,1537,351,1888,TRUE,37.03703703703704,0.9259259259259259,0.07407407407407407,1,0,0,278047,2702,9.71778152614486,9.710588497628099e-5,3.700962250185048e-4,1888,1888,1537,351,0,0,0,0,6.790218919822908,0,0,-9.710588497628099e-5,0,124,89,89,FALSE,FALSE,FALSE,NA,NA,TRUE,TRUE,FALSE
2019,Fistball,Fistball,Fistball,AIMS sports,27,8,19,26,1,0,0,1,2019_anti-doping_testing_figures_en.pdf,wada_testing_2019_sport_totals.csv,0,TRUE,NA,NA,NA,NA,NA,0,0,0,0,0,0,0,0,NA,NA,NA,FALSE,1537,351,1888,TRUE,0,0.2962962962962963,0.7037037037037037,0.9629629629629629,0.037037037037037035,0,278047,2702,9.71778152614486,9.710588497628099e-5,0,1888,1888,1537,351,0,0,0,0,6.790218919822908,0,NA,-9.710588497628099e-5,0,124,114,89,FALSE,FALSE,FALSE,NA,NA,TRUE,TRUE,TRUE
2019,Flying Disc,Flying Disc,Flying Disc,ARISF recognized sports,25,19,6,25,0,0,0,1,2019_anti-doping_testing_figures_en.pdf,wada_testing_2019_sport_totals.csv,0,TRUE,NA,NA,NA,NA,NA,0,0,0,0,0,0,0,0,NA,NA,NA,FALSE,1537,351,1888,TRUE,0,0.76,0.24,1,0,0,278047,2702,9.71778152614486,8.991285645951944e-5,0,1888,1888,1537,351,0,0,0,0,6.790218919822908,0,NA,-8.991285645951944e-5,0,126,114,89,FALSE,FALSE,FALSE,NA,NA,TRUE,TRUE,TRUE
2019,Qazaq Kuresi,Qazaq Kuresi,Qazaq Kuresi,Other sports/disciplines - Non-Code Signatories,24,24,0,24,0,0,0,1,2019_anti-doping_testing_figures_en.pdf,wada_testing_2019_sport_totals.csv,0,TRUE,NA,NA,NA,NA,NA,0,0,0,0,0,0,0,0,NA,NA,NA,FALSE,1537,351,1888,TRUE,0,1,0,1,0,0,278047,2702,9.71778152614486,8.631634220113866e-5,0,1888,1888,1537,351,0,0,0,0,6.790218919822908,0,NA,-8.631634220113866e-5,0,127,114,89,FALSE,FALSE,FALSE,NA,NA,TRUE,TRUE,TRUE
2019,Minigolf,Minigolf,Minigolf,AIMS sports,20,17,3,20,0,0,1,1,2019_anti-doping_testing_figures_en.pdf,wada_testing_2019_sport_totals.csv,0,TRUE,Minigolf,1,Minigolf,AIMS,AIMS,1,0,0,0,1,0,0,0,0,TRUE,FALSE,TRUE,1537,351,1888,TRUE,50,0.85,0.15,1,0,0,278047,2702,9.71778152614486,7.193028516761555e-5,3.700962250185048e-4,1888,1888,1537,351,0,0,0,0,6.790218919822908,0,0,-7.193028516761555e-5,0,128,89,89,FALSE,FALSE,FALSE,NA,NA,TRUE,TRUE,FALSE
2019,Sleddog,Sleddog,Sleddog,AIMS sports,19,17,2,19,0,0,0,1,2019_anti-doping_testing_figures_en.pdf,wada_testing_2019_sport_totals.csv,0,TRUE,NA,NA,NA,NA,NA,0,0,0,0,0,0,0,0,NA,NA,NA,FALSE,1537,351,1888,TRUE,0,0.8947368421052632,0.10526315789473684,1,0,0,278047,2702,9.71778152614486,6.833377090923478e-5,0,1888,1888,1537,351,0,0,0,0,6.790218919822908,0,NA,-6.833377090923478e-5,0,129,114,89,FALSE,FALSE,FALSE,NA,NA,TRUE,TRUE,TRUE
2019,Kho Kho,Kho Kho,Kho Kho,Other sports/disciplines - Non-Code Signatories,18,12,6,16,2,0,0,1,2019_anti-doping_testing_figures_en.pdf,wada_testing_2019_sport_totals.csv,0,TRUE,NA,NA,NA,NA,NA,0,0,0,0,0,0,0,0,NA,NA,NA,FALSE,1537,351,1888,TRUE,0,0.6666666666666666,0.3333333333333333,0.8888888888888888,0.1111111111111111,0,278047,2702,9.71778152614486,6.4737256650854e-5,0,1888,1888,1537,351,0,0,0,0,6.790218919822908,0,NA,-6.4737256650854e-5,0,130,114,89,FALSE,FALSE,FALSE,NA,NA,TRUE,TRUE,TRUE
2019,Ringette,Ringette,Ringette,Other sports/disciplines - Non-Code Signatories,18,8,10,18,0,0,0,1,2019_anti-doping_testing_figures_en.pdf,wada_testing_2019_sport_totals.csv,0,TRUE,NA,NA,NA,NA,NA,0,0,0,0,0,0,0,0,NA,NA,NA,FALSE,1537,351,1888,TRUE,0,0.4444444444444444,0.5555555555555556,1,0,0,278047,2702,9.71778152614486,6.4737256650854e-5,0,1888,1888,1537,351,0,0,0,0,6.790218919822908,0,NA,-6.4737256650854e-5,0,130,114,89,FALSE,FALSE,FALSE,NA,NA,TRUE,TRUE,TRUE
2019,Traditional Archery,Traditional Archery,Traditional Archery,Other sports/disciplines - Non-Code Signatories,18,18,0,18,0,0,1,1,2019_anti-doping_testing_figures_en.pdf,wada_testing_2019_sport_totals.csv,0,TRUE,Traditional Archery,1,Traditional Archery,Other Sports - Non-Code Signatories,Other Sports - Non-Code Signatories,1,0,0,0,1,0,0,0,0,TRUE,FALSE,TRUE,1537,351,1888,TRUE,55.55555555555555,1,0,1,0,0,278047,2702,9.71778152614486,6.4737256650854e-5,3.700962250185048e-4,1888,1888,1537,351,0,0,0,0,6.790218919822908,0,0,-6.4737256650854e-5,0,130,89,89,FALSE,FALSE,FALSE,NA,NA,TRUE,TRUE,FALSE
2019,Para-Bowling,Para-Bowling,Para-Bowling,Sports for Athletes with an Impairment,17,3,14,17,0,0,1,1,2019_anti-doping_testing_figures_en.pdf,wada_testing_2019_sport_totals.csv,0,TRUE,Para-Bowling,1,Para-Bowling,Sports for Athletes with an Impairment,Sports for Athletes with an Impairment,1,0,1,0,0,0,0,0,0,TRUE,FALSE,TRUE,1537,351,1888,TRUE,58.8235294117647,0.17647058823529413,0.8235294117647058,1,0,0,278047,2702,9.71778152614486,6.114074239247322e-5,3.700962250185048e-4,1888,1888,1537,351,0,0,0,0,6.790218919822908,0,0,-6.114074239247322e-5,0,133,89,89,FALSE,FALSE,FALSE,NA,NA,TRUE,TRUE,FALSE
2019,Chin-up,Chin-up,Chin-up,Other sports/disciplines - Non-Code Signatories,14,8,6,10,4,0,0,1,2019_anti-doping_testing_figures_en.pdf,wada_testing_2019_sport_totals.csv,0,TRUE,NA,NA,NA,NA,NA,0,0,0,0,0,0,0,0,NA,NA,NA,FALSE,1537,351,1888,TRUE,0,0.5714285714285714,0.42857142857142855,0.7142857142857143,0.2857142857142857,0,278047,2702,9.71778152614486,5.0351199617330884e-5,0,1888,1888,1537,351,0,0,0,0,6.790218919822908,0,NA,-5.0351199617330884e-5,0,134,114,89,FALSE,FALSE,FALSE,NA,NA,TRUE,TRUE,TRUE
2019,CP Football,CP Football,CP Football,Sports for Athletes with an Impairment,13,8,5,13,0,0,0,1,2019_anti-doping_testing_figures_en.pdf,wada_testing_2019_sport_totals.csv,0,TRUE,NA,NA,NA,NA,NA,0,0,0,0,0,0,0,0,NA,NA,NA,FALSE,1537,351,1888,TRUE,0,0.6153846153846154,0.38461538461538464,1,0,0,278047,2702,9.71778152614486,4.675468535895011e-5,0,1888,1888,1537,351,0,0,0,0,6.790218919822908,0,NA,-4.675468535895011e-5,0,135,114,89,FALSE,FALSE,FALSE,NA,NA,TRUE,TRUE,TRUE
2019,Bowls,Bowls,Bowls,Other sports/disciplines from Code Signatories,12,9,3,12,0,0,0,1,2019_anti-doping_testing_figures_en.pdf,wada_testing_2019_sport_totals.csv,0,TRUE,NA,NA,NA,NA,NA,0,0,0,0,0,0,0,0,NA,NA,NA,FALSE,1537,351,1888,TRUE,0,0.75,0.25,1,0,0,278047,2702,9.71778152614486,4.315817110056933e-5,0,1888,1888,1537,351,0,0,0,0,6.790218919822908,0,NA,-4.315817110056933e-5,0,136,114,89,FALSE,FALSE,FALSE,NA,NA,TRUE,TRUE,TRUE
2019,Go,Go,Go,AIMS sports,12,12,0,12,0,0,0,1,2019_anti-doping_testing_figures_en.pdf,wada_testing_2019_sport_totals.csv,0,TRUE,NA,NA,NA,NA,NA,0,0,0,0,0,0,0,0,NA,NA,NA,FALSE,1537,351,1888,TRUE,0,1,0,1,0,0,278047,2702,9.71778152614486,4.315817110056933e-5,0,1888,1888,1537,351,0,0,0,0,6.790218919822908,0,NA,-4.315817110056933e-5,0,136,114,89,FALSE,FALSE,FALSE,NA,NA,TRUE,TRUE,TRUE
2019,Kempo,Kempo,Kempo,Other sports/disciplines - Non-Code Signatories,10,3,7,9,1,0,0,1,2019_anti-doping_testing_figures_en.pdf,wada_testing_2019_sport_totals.csv,0,TRUE,NA,NA,NA,NA,NA,0,0,0,0,0,0,0,0,NA,NA,NA,FALSE,1537,351,1888,TRUE,0,0.3,0.7,0.9,0.1,0,278047,2702,9.71778152614486,3.5965142583807776e-5,0,1888,1888,1537,351,0,0,0,0,6.790218919822908,0,NA,-3.5965142583807776e-5,0,138,114,89,FALSE,FALSE,FALSE,NA,NA,TRUE,TRUE,TRUE
2019,Crossbow,Crossbow,Crossbow,Other sports/disciplines - Non-Code Signatories,9,9,0,9,0,0,0,1,2019_anti-doping_testing_figures_en.pdf,wada_testing_2019_sport_totals.csv,0,TRUE,NA,NA,NA,NA,NA,0,0,0,0,0,0,0,0,NA,NA,NA,FALSE,1537,351,1888,TRUE,0,1,0,1,0,0,278047,2702,9.71778152614486,3.2368628325427e-5,0,1888,1888,1537,351,0,0,0,0,6.790218919822908,0,NA,-3.2368628325427e-5,0,139,114,89,FALSE,FALSE,FALSE,NA,NA,TRUE,TRUE,TRUE
2019,Touch Football,Touch Football,Touch Football,Other sports/disciplines - Non-Code Signatories,9,8,1,9,0,0,0,1,2019_anti-doping_testing_figures_en.pdf,wada_testing_2019_sport_totals.csv,0,TRUE,NA,NA,NA,NA,NA,0,0,0,0,0,0,0,0,NA,NA,NA,FALSE,1537,351,1888,TRUE,0,0.8888888888888888,0.1111111111111111,1,0,0,278047,2702,9.71778152614486,3.2368628325427e-5,0,1888,1888,1537,351,0,0,0,0,6.790218919822908,0,NA,-3.2368628325427e-5,0,139,114,89,FALSE,FALSE,FALSE,NA,NA,TRUE,TRUE,TRUE
2019,Combat Sports,Combat Sports,Combat Sports,Other sports/disciplines - Non-Code Signatories,8,4,4,8,0,0,0,1,2019_anti-doping_testing_figures_en.pdf,wada_testing_2019_sport_totals.csv,0,TRUE,NA,NA,NA,NA,NA,0,0,0,0,0,0,0,0,NA,NA,NA,FALSE,1537,351,1888,TRUE,0,0.5,0.5,1,0,0,278047,2702,9.71778152614486,2.877211406704622e-5,0,1888,1888,1537,351,0,0,0,0,6.790218919822908,0,NA,-2.877211406704622e-5,0,141,114,89,FALSE,FALSE,FALSE,NA,NA,TRUE,TRUE,TRUE
2019,Electronic Sports,Electronic Sports,Electronic Sports,Other sports/disciplines from Code Signatories,8,8,0,8,0,0,0,1,2019_anti-doping_testing_figures_en.pdf,wada_testing_2019_sport_totals.csv,0,TRUE,NA,NA,NA,NA,NA,0,0,0,0,0,0,0,0,NA,NA,NA,FALSE,1537,351,1888,TRUE,0,1,0,1,0,0,278047,2702,9.71778152614486,2.877211406704622e-5,0,1888,1888,1537,351,0,0,0,0,6.790218919822908,0,NA,-2.877211406704622e-5,0,141,114,89,FALSE,FALSE,FALSE,NA,NA,TRUE,TRUE,TRUE
2019,Para-DanceSport,Para-DanceSport,Para-DanceSport,Paralympic sports/disciplines,8,8,0,8,0,0,0,1,2019_anti-doping_testing_figures_en.pdf,wada_testing_2019_sport_totals.csv,0,TRUE,NA,NA,NA,NA,NA,0,0,0,0,0,0,0,0,NA,NA,NA,FALSE,1537,351,1888,TRUE,0,1,0,1,0,0,278047,2702,9.71778152614486,2.877211406704622e-5,0,1888,1888,1537,351,0,0,0,0,6.790218919822908,0,NA,-2.877211406704622e-5,0,141,114,89,FALSE,FALSE,FALSE,NA,NA,TRUE,TRUE,TRUE
2019,Softball,Softball,Softball,Other sports/disciplines - Non-Code Signatories,8,8,0,8,0,0,0,1,2019_anti-doping_testing_figures_en.pdf,wada_testing_2019_sport_totals.csv,0,TRUE,NA,NA,NA,NA,NA,0,0,0,0,0,0,0,0,NA,NA,NA,FALSE,1537,351,1888,TRUE,0,1,0,1,0,0,278047,2702,9.71778152614486,2.877211406704622e-5,0,1888,1888,1537,351,0,0,0,0,6.790218919822908,0,NA,-2.877211406704622e-5,0,141,114,89,FALSE,FALSE,FALSE,NA,NA,TRUE,TRUE,TRUE
2019,Traditional Karate,Traditional Karate,Traditional Karate,Other sports/disciplines - Non-Code Signatories,8,4,4,4,4,0,0,1,2019_anti-doping_testing_figures_en.pdf,wada_testing_2019_sport_totals.csv,0,TRUE,NA,NA,NA,NA,NA,0,0,0,0,0,0,0,0,NA,NA,NA,FALSE,1537,351,1888,TRUE,0,0.5,0.5,0.5,0.5,0,278047,2702,9.71778152614486,2.877211406704622e-5,0,1888,1888,1537,351,0,0,0,0,6.790218919822908,0,NA,-2.877211406704622e-5,0,141,114,89,FALSE,FALSE,FALSE,NA,NA,TRUE,TRUE,TRUE
2019,Jet-Ski,Jet-Ski,Jet-Ski,Other sports/disciplines - Non-Code Signatories,7,7,0,7,0,0,0,1,2019_anti-doping_testing_figures_en.pdf,wada_testing_2019_sport_totals.csv,0,TRUE,NA,NA,NA,NA,NA,0,0,0,0,0,0,0,0,NA,NA,NA,FALSE,1537,351,1888,TRUE,0,1,0,1,0,0,278047,2702,9.71778152614486,2.5175599808665442e-5,0,1888,1888,1537,351,0,0,0,0,6.790218919822908,0,NA,-2.5175599808665442e-5,0,146,114,89,FALSE,FALSE,FALSE,NA,NA,TRUE,TRUE,TRUE
2019,Polo,Polo,Polo,ARISF recognized sports,7,7,0,7,0,0,1,1,2019_anti-doping_testing_figures_en.pdf,wada_testing_2019_sport_totals.csv,0,TRUE,Polo,1,Polo,ARISF,ARISF,1,0,0,0,1,0,0,0,0,TRUE,FALSE,TRUE,1537,351,1888,TRUE,142.85714285714286,1,0,1,0,0,278047,2702,9.71778152614486,2.5175599808665442e-5,3.700962250185048e-4,1888,1888,1537,351,0,0,0,0,6.790218919822908,0,0,-2.5175599808665442e-5,0,146,89,89,FALSE,FALSE,FALSE,NA,NA,TRUE,TRUE,FALSE
2019,Rope Skipping,Rope Skipping,Rope Skipping,Other sports/disciplines - Non-Code Signatories,7,6,1,7,0,0,0,1,2019_anti-doping_testing_figures_en.pdf,wada_testing_2019_sport_totals.csv,0,TRUE,NA,NA,NA,NA,NA,0,0,0,0,0,0,0,0,NA,NA,NA,FALSE,1537,351,1888,TRUE,0,0.8571428571428571,0.14285714285714285,1,0,0,278047,2702,9.71778152614486,2.5175599808665442e-5,0,1888,1888,1537,351,0,0,0,0,6.790218919822908,0,NA,-2.5175599808665442e-5,0,146,114,89,FALSE,FALSE,FALSE,NA,NA,TRUE,TRUE,TRUE
2019,Street and Ball Hockey,Street and Ball Hockey,Street and Ball Hockey,Other sports/disciplines - Non-Code Signatories,7,7,0,7,0,0,0,1,2019_anti-doping_testing_figures_en.pdf,wada_testing_2019_sport_totals.csv,0,TRUE,NA,NA,NA,NA,NA,0,0,0,0,0,0,0,0,NA,NA,NA,FALSE,1537,351,1888,TRUE,0,1,0,1,0,0,278047,2702,9.71778152614486,2.5175599808665442e-5,0,1888,1888,1537,351,0,0,0,0,6.790218919822908,0,NA,-2.5175599808665442e-5,0,146,114,89,FALSE,FALSE,FALSE,NA,NA,TRUE,TRUE,TRUE
2019,Aesthetic Group Gymnastics,Aesthetic Group Gymnastics,Aesthetic Group Gymnastics,Other sports/disciplines - Non-Code Signatories,6,6,0,6,0,0,0,1,2019_anti-doping_testing_figures_en.pdf,wada_testing_2019_sport_totals.csv,0,TRUE,NA,NA,NA,NA,NA,0,0,0,0,0,0,0,0,NA,NA,NA,FALSE,1537,351,1888,TRUE,0,1,0,1,0,0,278047,2702,9.71778152614486,2.1579085550284665e-5,0,1888,1888,1537,351,0,0,0,0,6.790218919822908,0,NA,-2.1579085550284665e-5,0,150,114,89,FALSE,FALSE,FALSE,NA,NA,TRUE,TRUE,TRUE
2019,Highland Games,Highland Games,Highland Games,Other sports/disciplines - Non-Code Signatories,6,6,0,6,0,0,0,1,2019_anti-doping_testing_figures_en.pdf,wada_testing_2019_sport_totals.csv,0,TRUE,NA,NA,NA,NA,NA,0,0,0,0,0,0,0,0,NA,NA,NA,FALSE,1537,351,1888,TRUE,0,1,0,1,0,0,278047,2702,9.71778152614486,2.1579085550284665e-5,0,1888,1888,1537,351,0,0,0,0,6.790218919822908,0,NA,-2.1579085550284665e-5,0,150,114,89,FALSE,FALSE,FALSE,NA,NA,TRUE,TRUE,TRUE
2019,Kudo,Kudo,Kudo,Other sports/disciplines from Code Signatories,6,4,2,6,0,0,0,1,2019_anti-doping_testing_figures_en.pdf,wada_testing_2019_sport_totals.csv,0,TRUE,NA,NA,NA,NA,NA,0,0,0,0,0,0,0,0,NA,NA,NA,FALSE,1537,351,1888,TRUE,0,0.6666666666666666,0.3333333333333333,1,0,0,278047,2702,9.71778152614486,2.1579085550284665e-5,0,1888,1888,1537,351,0,0,0,0,6.790218919822908,0,NA,-2.1579085550284665e-5,0,150,114,89,FALSE,FALSE,FALSE,NA,NA,TRUE,TRUE,TRUE
2019,Motoball,Motoball,Motoball,Other sports/disciplines - Non-Code Signatories,6,6,0,6,0,0,0,1,2019_anti-doping_testing_figures_en.pdf,wada_testing_2019_sport_totals.csv,0,TRUE,NA,NA,NA,NA,NA,0,0,0,0,0,0,0,0,NA,NA,NA,FALSE,1537,351,1888,TRUE,0,1,0,1,0,0,278047,2702,9.71778152614486,2.1579085550284665e-5,0,1888,1888,1537,351,0,0,0,0,6.790218919822908,0,NA,-2.1579085550284665e-5,0,150,114,89,FALSE,FALSE,FALSE,NA,NA,TRUE,TRUE,TRUE
2019,Padel,Padel,Padel,Other sports/disciplines - Non-Code Signatories,6,6,0,6,0,0,1,1,2019_anti-doping_testing_figures_en.pdf,wada_testing_2019_sport_totals.csv,0,TRUE,Padel,1,Padel,Other Sports - Non-Code Signatories,Other Sports - Non-Code Signatories,1,0,0,0,0,1,0,1,1,TRUE,FALSE,TRUE,1537,351,1888,TRUE,166.66666666666666,1,0,1,0,0,278047,2702,9.71778152614486,2.1579085550284665e-5,3.700962250185048e-4,1888,1888,1537,351,5.296610169491525e-4,166.66666666666666,166.66666666666666,0,6.790218919822908,24.545109463276834,1,5.080819313988678e-4,24.545109463276834,150,89,70,FALSE,FALSE,FALSE,NA,NA,TRUE,TRUE,FALSE
2019,Pole Sports,Pole Sports,Pole Sports,Other sports/disciplines from Code Signatories,6,6,0,6,0,0,0,1,2019_anti-doping_testing_figures_en.pdf,wada_testing_2019_sport_totals.csv,0,TRUE,NA,NA,NA,NA,NA,0,0,0,0,0,0,0,0,NA,NA,NA,FALSE,1537,351,1888,TRUE,0,1,0,1,0,0,278047,2702,9.71778152614486,2.1579085550284665e-5,0,1888,1888,1537,351,0,0,0,0,6.790218919822908,0,NA,-2.1579085550284665e-5,0,150,114,89,FALSE,FALSE,FALSE,NA,NA,TRUE,TRUE,TRUE
2019,Rafting,Rafting,Rafting,Other sports/disciplines - Non-Code Signatories,6,6,0,6,0,0,0,1,2019_anti-doping_testing_figures_en.pdf,wada_testing_2019_sport_totals.csv,0,TRUE,NA,NA,NA,NA,NA,0,0,0,0,0,0,0,0,NA,NA,NA,FALSE,1537,351,1888,TRUE,0,1,0,1,0,0,278047,2702,9.71778152614486,2.1579085550284665e-5,0,1888,1888,1537,351,0,0,0,0,6.790218919822908,0,NA,-2.1579085550284665e-5,0,150,114,89,FALSE,FALSE,FALSE,NA,NA,TRUE,TRUE,TRUE
2019,Casting,Casting,Casting,AIMS sports,5,5,0,5,0,0,0,1,2019_anti-doping_testing_figures_en.pdf,wada_testing_2019_sport_totals.csv,0,TRUE,NA,NA,NA,NA,NA,0,0,0,0,0,0,0,0,NA,NA,NA,FALSE,1537,351,1888,TRUE,0,1,0,1,0,0,278047,2702,9.71778152614486,1.7982571291903888e-5,0,1888,1888,1537,351,0,0,0,0,6.790218919822908,0,NA,-1.7982571291903888e-5,0,157,114,89,FALSE,FALSE,FALSE,NA,NA,TRUE,TRUE,TRUE
2019,Longue Paume,Longue Paume,Longue Paume,Other sports/disciplines - Non-Code Signatories,5,5,0,5,0,0,0,1,2019_anti-doping_testing_figures_en.pdf,wada_testing_2019_sport_totals.csv,0,TRUE,NA,NA,NA,NA,NA,0,0,0,0,0,0,0,0,NA,NA,NA,FALSE,1537,351,1888,TRUE,0,1,0,1,0,0,278047,2702,9.71778152614486,1.7982571291903888e-5,0,1888,1888,1537,351,0,0,0,0,6.790218919822908,0,NA,-1.7982571291903888e-5,0,157,114,89,FALSE,FALSE,FALSE,NA,NA,TRUE,TRUE,TRUE
2019,Balle au Tambourin,Balle au Tambourin,Balle au Tambourin,Other sports/disciplines - Non-Code Signatories,4,4,0,4,0,0,0,1,2019_anti-doping_testing_figures_en.pdf,wada_testing_2019_sport_totals.csv,0,TRUE,NA,NA,NA,NA,NA,0,0,0,0,0,0,0,0,NA,NA,NA,FALSE,1537,351,1888,TRUE,0,1,0,1,0,0,278047,2702,9.71778152614486,1.438605703352311e-5,0,1888,1888,1537,351,0,0,0,0,6.790218919822908,0,NA,-1.438605703352311e-5,0,159,114,89,FALSE,FALSE,FALSE,NA,NA,TRUE,TRUE,TRUE
2019,Broomball,Broomball,Broomball,Other sports/disciplines - Non-Code Signatories,4,4,0,4,0,0,1,1,2019_anti-doping_testing_figures_en.pdf,wada_testing_2019_sport_totals.csv,0,TRUE,Broomball,1,Broomball,Other Sports - Non-Code Signatories,Other Sports - Non-Code Signatories,1,1,0,0,0,0,0,0,0,TRUE,FALSE,TRUE,1537,351,1888,TRUE,250,1,0,1,0,0,278047,2702,9.71778152614486,1.438605703352311e-5,3.700962250185048e-4,1888,1888,1537,351,0,0,0,0,6.790218919822908,0,0,-1.438605703352311e-5,0,159,89,89,FALSE,FALSE,FALSE,NA,NA,TRUE,TRUE,FALSE
2019,Clay Target Shooting,Clay Target Shooting,Clay Target Shooting,Other sports/disciplines - Non-Code Signatories,4,3,1,4,0,0,0,1,2019_anti-doping_testing_figures_en.pdf,wada_testing_2019_sport_totals.csv,0,TRUE,NA,NA,NA,NA,NA,0,0,0,0,0,0,0,0,NA,NA,NA,FALSE,1537,351,1888,TRUE,0,0.75,0.25,1,0,0,278047,2702,9.71778152614486,1.438605703352311e-5,0,1888,1888,1537,351,0,0,0,0,6.790218919822908,0,NA,-1.438605703352311e-5,0,159,114,89,FALSE,FALSE,FALSE,NA,NA,TRUE,TRUE,TRUE
2019,Company Sports,Company Sports,Company Sports,Other sports/disciplines - Non-Code Signatories,4,4,0,4,0,0,0,1,2019_anti-doping_testing_figures_en.pdf,wada_testing_2019_sport_totals.csv,0,TRUE,NA,NA,NA,NA,NA,0,0,0,0,0,0,0,0,NA,NA,NA,FALSE,1537,351,1888,TRUE,0,1,0,1,0,0,278047,2702,9.71778152614486,1.438605703352311e-5,0,1888,1888,1537,351,0,0,0,0,6.790218919822908,0,NA,-1.438605703352311e-5,0,159,114,89,FALSE,FALSE,FALSE,NA,NA,TRUE,TRUE,TRUE
2019,French Boxing,French Boxing,French Boxing,Other sports/disciplines - Non-Code Signatories,4,4,0,4,0,0,0,1,2019_anti-doping_testing_figures_en.pdf,wada_testing_2019_sport_totals.csv,0,TRUE,NA,NA,NA,NA,NA,0,0,0,0,0,0,0,0,NA,NA,NA,FALSE,1537,351,1888,TRUE,0,1,0,1,0,0,278047,2702,9.71778152614486,1.438605703352311e-5,0,1888,1888,1537,351,0,0,0,0,6.790218919822908,0,NA,-1.438605703352311e-5,0,159,114,89,FALSE,FALSE,FALSE,NA,NA,TRUE,TRUE,TRUE
2019,Hornussen,Hornussen,Hornuss,Other sports/disciplines - Non-Code Signatories,4,4,0,4,0,0,0,1,2019_anti-doping_testing_figures_en.pdf,wada_testing_2019_sport_totals.csv,0,TRUE,NA,NA,NA,NA,NA,0,0,0,0,0,0,0,0,NA,NA,NA,FALSE,1537,351,1888,TRUE,0,1,0,1,0,0,278047,2702,9.71778152614486,1.438605703352311e-5,0,1888,1888,1537,351,0,0,0,0,6.790218919822908,0,NA,-1.438605703352311e-5,0,159,114,89,FALSE,FALSE,FALSE,NA,NA,TRUE,TRUE,TRUE
2019,Multifunctional Training,Multifunctional Training,Multifunctional Training,Other sports/disciplines - Non-Code Signatories,4,4,0,4,0,0,0,1,2019_anti-doping_testing_figures_en.pdf,wada_testing_2019_sport_totals.csv,0,TRUE,NA,NA,NA,NA,NA,0,0,0,0,0,0,0,0,NA,NA,NA,FALSE,1537,351,1888,TRUE,0,1,0,1,0,0,278047,2702,9.71778152614486,1.438605703352311e-5,0,1888,1888,1537,351,0,0,0,0,6.790218919822908,0,NA,-1.438605703352311e-5,0,159,114,89,FALSE,FALSE,FALSE,NA,NA,TRUE,TRUE,TRUE
2019,Showdown,Showdown,Showdown,Sports for Athletes with an Impairment,4,4,0,4,0,0,0,1,2019_anti-doping_testing_figures_en.pdf,wada_testing_2019_sport_totals.csv,0,TRUE,NA,NA,NA,NA,NA,0,0,0,0,0,0,0,0,NA,NA,NA,FALSE,1537,351,1888,TRUE,0,1,0,1,0,0,278047,2702,9.71778152614486,1.438605703352311e-5,0,1888,1888,1537,351,0,0,0,0,6.790218919822908,0,NA,-1.438605703352311e-5,0,159,114,89,FALSE,FALSE,FALSE,NA,NA,TRUE,TRUE,TRUE
2019,Ultra Triathlon,Ultra Triathlon,Ultra Triathlon,Other sports/disciplines - Non-Code Signatories,4,4,0,4,0,0,0,1,2019_anti-doping_testing_figures_en.pdf,wada_testing_2019_sport_totals.csv,0,TRUE,NA,NA,NA,NA,NA,0,0,0,0,0,0,0,0,NA,NA,NA,FALSE,1537,351,1888,TRUE,0,1,0,1,0,0,278047,2702,9.71778152614486,1.438605703352311e-5,0,1888,1888,1537,351,0,0,0,0,6.790218919822908,0,NA,-1.438605703352311e-5,0,159,114,89,FALSE,FALSE,FALSE,NA,NA,TRUE,TRUE,TRUE
2019,Aikido,Aikido,Aikido,AIMS sports,3,2,1,3,0,0,0,1,2019_anti-doping_testing_figures_en.pdf,wada_testing_2019_sport_totals.csv,0,TRUE,NA,NA,NA,NA,NA,0,0,0,0,0,0,0,0,NA,NA,NA,FALSE,1537,351,1888,TRUE,0,0.6666666666666666,0.3333333333333333,1,0,0,278047,2702,9.71778152614486,1.0789542775142332e-5,0,1888,1888,1537,351,0,0,0,0,6.790218919822908,0,NA,-1.0789542775142332e-5,0,168,114,89,FALSE,FALSE,FALSE,NA,NA,TRUE,TRUE,TRUE
2019,Strongman,Strongman,Strongman,Other sports/disciplines - Non-Code Signatories,3,3,0,3,0,0,0,1,2019_anti-doping_testing_figures_en.pdf,wada_testing_2019_sport_totals.csv,0,TRUE,NA,NA,NA,NA,NA,0,0,0,0,0,0,0,0,NA,NA,NA,FALSE,1537,351,1888,TRUE,0,1,0,1,0,0,278047,2702,9.71778152614486,1.0789542775142332e-5,0,1888,1888,1537,351,0,0,0,0,6.790218919822908,0,NA,-1.0789542775142332e-5,0,168,114,89,FALSE,FALSE,FALSE,NA,NA,TRUE,TRUE,TRUE
2019,Heavy Athletics,Heavy Athletics,Heavy Athletics,Other sports/disciplines - Non-Code Signatories,2,2,0,2,0,0,0,1,2019_anti-doping_testing_figures_en.pdf,wada_testing_2019_sport_totals.csv,0,TRUE,NA,NA,NA,NA,NA,0,0,0,0,0,0,0,0,NA,NA,NA,FALSE,1537,351,1888,TRUE,0,1,0,1,0,0,278047,2702,9.71778152614486,7.193028516761555e-6,0,1888,1888,1537,351,0,0,0,0,6.790218919822908,0,NA,-7.193028516761555e-6,0,170,114,89,FALSE,FALSE,FALSE,NA,NA,TRUE,TRUE,TRUE
2019,Speleology,Speleology,Speleology,Other sports/disciplines - Non-Code Signatories,2,0,2,2,0,0,0,1,2019_anti-doping_testing_figures_en.pdf,wada_testing_2019_sport_totals.csv,0,TRUE,NA,NA,NA,NA,NA,0,0,0,0,0,0,0,0,NA,NA,NA,FALSE,1537,351,1888,TRUE,0,0,1,1,0,0,278047,2702,9.71778152614486,7.193028516761555e-6,0,1888,1888,1537,351,0,0,0,0,6.790218919822908,0,NA,-7.193028516761555e-6,0,170,114,89,FALSE,FALSE,FALSE,NA,NA,TRUE,TRUE,TRUE
2019,Tchoukball,Tchoukball,Tchoukball,Other sports/disciplines - Non-Code Signatories,2,2,0,2,0,0,0,1,2019_anti-doping_testing_figures_en.pdf,wada_testing_2019_sport_totals.csv,0,TRUE,NA,NA,NA,NA,NA,0,0,0,0,0,0,0,0,NA,NA,NA,FALSE,1537,351,1888,TRUE,0,1,0,1,0,0,278047,2702,9.71778152614486,7.193028516761555e-6,0,1888,1888,1537,351,0,0,0,0,6.790218919822908,0,NA,-7.193028516761555e-6,0,170,114,89,FALSE,FALSE,FALSE,NA,NA,TRUE,TRUE,TRUE
2019,Swiss National Gymnastics,Swiss National Gymnastics,Swiss National Gymnastics,Other sports/disciplines - Non-Code Signatories,1,0,1,1,0,0,0,1,2019_anti-doping_testing_figures_en.pdf,wada_testing_2019_sport_totals.csv,0,TRUE,NA,NA,NA,NA,NA,0,0,0,0,0,0,0,0,NA,NA,NA,FALSE,1537,351,1888,TRUE,0,0,1,1,0,0,278047,2702,9.71778152614486,3.5965142583807774e-6,0,1888,1888,1537,351,0,0,0,0,6.790218919822908,0,NA,-3.5965142583807774e-6,0,173,114,89,FALSE,FALSE,FALSE,NA,NA,TRUE,TRUE,TRUE
2019,Traditional Martial Arts,Traditional Martial Arts,Traditional Martial Arts,Other sports/disciplines - Non-Code Signatories,1,1,0,1,0,0,0,1,2019_anti-doping_testing_figures_en.pdf,wada_testing_2019_sport_totals.csv,0,TRUE,NA,NA,NA,NA,NA,0,0,0,0,0,0,0,0,NA,NA,NA,FALSE,1537,351,1888,TRUE,0,1,0,1,0,0,278047,2702,9.71778152614486,3.5965142583807774e-6,0,1888,1888,1537,351,0,0,0,0,6.790218919822908,0,NA,-3.5965142583807774e-6,0,173,114,89,FALSE,FALSE,FALSE,NA,NA,TRUE,TRUE,TRUE
2019,Wheelchair Sports,Wheelchair Sports,Wheelchair Sports,Sports for Athletes with an Impairment,1,0,1,1,0,0,0,1,2019_anti-doping_testing_figures_en.pdf,wada_testing_2019_sport_totals.csv,0,TRUE,NA,NA,NA,NA,NA,0,0,0,0,0,0,0,0,NA,NA,NA,FALSE,1537,351,1888,TRUE,0,0,1,1,0,0,278047,2702,9.71778152614486,3.5965142583807774e-6,0,1888,1888,1537,351,0,0,0,0,6.790218919822908,0,NA,-3.5965142583807774e-6,0,173,114,89,FALSE,FALSE,FALSE,NA,NA,TRUE,TRUE,TRUE
2020,Football,Football,Football,ASOIF Summer Olympic sports | Other sports/disciplines - Non-Code Signatories | Other sports/disciplines from Code Signatories | Sports for Athletes with an Impairment,22132,13836,8296,21193,939,0,67,4,2020_anti-doping_testing_figures_en.pdf,wada_testing_2020_sport_totals.csv,0,TRUE,Football,1,Football,ASOIF,ASOIF,67,4,9,1,14,39,18,57,0.582089552238806,TRUE,TRUE,TRUE,672,238,910,TRUE,3.0272908006506416,0.6251581420567504,0.3748418579432496,0.9575727453461051,0.04242725465389481,0,149758,1009,6.737536558981824,0.14778509328383124,0.06640237859266601,910,910,672,238,0.06263736263736264,2.5754563527923366,1.7621543466473886,0.8133020061449485,6.0764700383285035,0.42384087085876343,0.582089552238806,-0.0851477306464686,0.42384087085876354,1,7,6,TRUE,TRUE,TRUE,57,63,TRUE,TRUE,FALSE
2020,Athletics,Athletics,Athletics,ASOIF Summer Olympic sports | Other sports/disciplines - Non-Code Signatories | Other sports/disciplines from Code Signatories | Sports for Athletes with an Impairment,18624,6557,12067,17314,1310,0,107,5,2020_anti-doping_testing_figures_en.pdf,wada_testing_2020_sport_totals.csv,0,TRUE,Athletics,1,Athletics,ASOIF | Other Sports - Non-Code Signatories,ASOIF | Other Sports - Non-Code Signatories,107,14,10,1,8,73,63,136,0.682242990654206,TRUE,TRUE,TRUE,672,238,910,TRUE,5.7452749140893475,0.35207259450171824,0.6479274054982818,0.9296606529209622,0.0703393470790378,0,149758,1009,6.737536558981824,0.124360635158055,0.10604558969276512,910,910,672,238,0.14945054945054945,7.302405498281787,3.9196735395189,3.3827319587628866,6.0764700383285035,1.201751255617235,0.6822429906542056,0.02508991429249445,1.201751255617235,2,1,1,TRUE,TRUE,TRUE,34,46,TRUE,TRUE,FALSE
2020,Cycling,Cycling,Cycling,ASOIF Summer Olympic sports | Other sports/disciplines - Non-Code Signatories | Sports for Athletes with an Impairment,14456,5639,8817,12917,1539,0,94,3,2020_anti-doping_testing_figures_en.pdf,wada_testing_2020_sport_totals.csv,0,TRUE,Cycling,1,Cycling,ASOIF | Sports for Athletes with an Impairment,ASOIF | Sports for Athletes with an Impairment,94,13,14,1,5,61,22,83,0.648936170212766,TRUE,TRUE,TRUE,672,238,910,TRUE,6.502490315439956,0.3900802434975097,0.6099197565024903,0.8935390149418926,0.10646098505810736,0,149758,1009,6.737536558981824,0.09652906689458994,0.0931615460852329,910,910,672,238,0.0912087912087912,5.741560597675705,4.219701162147206,1.5218594355285002,6.0764700383285035,0.9448842109744157,0.648936170212766,-0.0053202756857987366,0.9448842109744157,3,2,4,TRUE,TRUE,TRUE,41,41,TRUE,TRUE,FALSE
2020,Aquatics,Aquatics,Aquatics,ASOIF Summer Olympic sports | Other sports/disciplines - Non-Code Signatories | Other sports/disciplines from Code Signatories | Sports for Athletes with an Impairment,9807,2625,7182,9088,719,0,26,5,2020_anti-doping_testing_figures_en.pdf,wada_testing_2020_sport_totals.csv,0,TRUE,Aquatics,1,Aquatics,ASOIF | Other Sports - Non-Code Signatories,ASOIF | Other Sports - Non-Code Signatories,26,12,0,0,2,12,4,16,0.461538461538462,TRUE,TRUE,TRUE,672,238,910,TRUE,2.6511675333945144,0.2676659528907923,0.7323340471092077,0.9266850209034363,0.07331497909656368,0,149758,1009,6.737536558981824,0.0654856501822941,0.02576808721506442,910,910,672,238,0.017582417582417582,1.6314877128581624,1.223615784643622,0.4078719282145406,6.0764700383285035,0.2684926779145194,0.46153846153846156,-0.04790323259987652,0.2684926779145195,4,9,10,TRUE,TRUE,TRUE,63,65,TRUE,TRUE,FALSE
2020,Weightlifting,Weightlifting,Weightlifting,ASOIF Summer Olympic sports | Other sports/disciplines - Non-Code Signatories,7342,2209,5133,6383,959,0,89,2,2020_anti-doping_testing_figures_en.pdf,wada_testing_2020_sport_totals.csv,0,TRUE,Weightlifting,1,Weightlifting,ASOIF,ASOIF,89,3,3,0,2,81,24,105,0.910112359550562,TRUE,TRUE,TRUE,672,238,910,TRUE,12.122037591936802,0.30087169708526285,0.6991283029147372,0.8693816398801416,0.13061836011985836,0,149758,1009,6.737536558981824,0.049025761561986674,0.08820614469772052,910,910,672,238,0.11538461538461539,14.301280305093979,11.032416235358214,3.2688640697357667,6.0764700383285035,2.353550698824466,0.9101123595505618,0.06635885382262871,2.353550698824466,5,3,2,TRUE,TRUE,TRUE,22,26,TRUE,TRUE,FALSE
2020,Skiing,Skiing,Skiing,AIOWF Winter Olympic sports | Other sports/disciplines - Non-Code Signatories,4612,1124,3488,4086,526,0,5,2,2020_anti-doping_testing_figures_en.pdf,wada_testing_2020_sport_totals.csv,0,TRUE,Skiing,1,Skiing,AIOWF,AIOWF,5,0,2,0,0,3,11,14,0.6,TRUE,TRUE,TRUE,672,238,910,TRUE,1.0841283607979184,0.24371205550737207,0.7562879444926279,0.885949696444059,0.11405030355594102,0,149758,1009,6.737536558981824,0.03079635144700116,0.004955401387512388,910,910,672,238,0.015384615384615385,3.035559410234172,0.6504770164787511,2.385082393755421,6.0764700383285035,0.4995596770965375,0.6,-0.015411736062385776,0.4995596770965375,6,31,12,TRUE,TRUE,TRUE,55,73,TRUE,TRUE,FALSE
2020,Rugby Union,Rugby Union,Rugby Union,ASOIF Summer Olympic sports | Other sports/disciplines - Non-Code Signatories,4415,1190,3225,4048,367,0,25,2,2020_anti-doping_testing_figures_en.pdf,wada_testing_2020_sport_totals.csv,0,TRUE,Rugby Union,1,Rugby Union,ASOIF,ASOIF,25,0,0,0,2,23,6,29,0.92,TRUE,TRUE,TRUE,672,238,910,TRUE,5.662514156285391,0.2695356738391846,0.7304643261608154,0.9168742921857305,0.08312570781426953,0,149758,1009,6.737536558981824,0.02948089584529708,0.024777006937561942,910,910,672,238,0.031868131868131866,6.568516421291053,5.209513023782559,1.3590033975084936,6.0764700383285035,1.0809756947469291,0.92,0.002387236022834787,1.0809756947469291,7,10,8,TRUE,TRUE,TRUE,37,47,TRUE,TRUE,FALSE
2020,Wrestling,Wrestling,Wrestling,ASOIF Summer Olympic sports | Other sports/disciplines - Non-Code Signatories | Other sports/disciplines from Code Signatories | Sports for Athletes with an Impairment,3834,990,2844,3551,283,0,44,4,2020_anti-doping_testing_figures_en.pdf,wada_testing_2020_sport_totals.csv,0,TRUE,Wrestling,1,Wrestling,ASOIF | Other Sports - Non-Code Signatories | Sports for Athletes with an Impairment,ASOIF | Other Sports - Non-Code Signatories | Sports for Athletes with an Impairment,44,2,1,0,4,38,8,46,0.863636363636364,TRUE,TRUE,TRUE,672,238,910,TRUE,11.476264997391757,0.25821596244131456,0.7417840375586855,0.9261867501304121,0.0738132498695879,0,149758,1009,6.737536558981824,0.02560130343621042,0.04360753221010902,910,910,672,238,0.05054945054945055,11.99791340636411,9.9113197704747,2.0865936358894106,6.0764700383285035,1.9744873801211829,0.8636363636363636,0.02494814711324013,1.9744873801211829,8,8,7,TRUE,TRUE,TRUE,27,29,TRUE,TRUE,FALSE
2020,Rowing,Rowing,Rowing,ASOIF Summer Olympic sports | Other sports/disciplines - Non-Code Signatories | Sports for Athletes with an Impairment,3812,905,2907,3495,317,0,14,3,2020_anti-doping_testing_figures_en.pdf,wada_testing_2020_sport_totals.csv,0,TRUE,Rowing,1,Rowing,ASOIF | Sports for Athletes with an Impairment,ASOIF | Sports for Athletes with an Impairment,14,1,0,0,3,10,4,14,0.714285714285714,TRUE,TRUE,TRUE,672,238,910,TRUE,3.6726128016789086,0.23740818467995803,0.7625918153200419,0.9168415529905561,0.08315844700944386,0,149758,1009,6.737536558981824,0.025454399764954127,0.013875123885034688,910,910,672,238,0.015384615384615385,3.6726128016789086,2.6232948583420774,1.0493179433368311,6.0764700383285035,0.6043990636855274,0.7142857142857143,-0.010069784380338741,0.6043990636855275,9,14,12,TRUE,TRUE,TRUE,49,56,TRUE,TRUE,FALSE
2020,Basketball,Basketball,Basketball,ASOIF Summer Olympic sports | Other sports/disciplines - Non-Code Signatories | Other sports/disciplines from Code Signatories | Sports for Athletes with an Impairment,3501,1740,1761,3302,199,0,17,5,2020_anti-doping_testing_figures_en.pdf,wada_testing_2020_sport_totals.csv,0,TRUE,Basketball,1,Basketball,ASOIF,ASOIF,17,1,1,0,2,13,2,15,0.764705882352941,TRUE,TRUE,TRUE,672,238,910,TRUE,4.85575549842902,0.49700085689802914,0.5029991431019709,0.9431590974007427,0.05684090259925736,0,149758,1009,6.737536558981824,0.02337771604855834,0.01684836471754212,910,910,672,238,0.016483516483516484,4.284490145672665,3.71322479291631,0.5712653527563554,6.0764700383285035,0.7050952475116999,0.7647058823529411,-0.006894199565041857,0.7050952475116999,10,13,11,TRUE,TRUE,TRUE,46,52,TRUE,TRUE,FALSE
2020,Mixed Martial Arts,Mixed Martial Arts,Mixed Martial Arts (R),Other sports/disciplines - Non-Code Signatories,3369,437,2932,3254,115,0,77,1,2020_anti-doping_testing_figures_en.pdf,wada_testing_2020_sport_totals.csv,0,TRUE,Mixed Martial Arts,1,Mixed Martial Arts | Mixed Martial Arts (R),Other Sports - Non-Code Signatories,Other Sports - Non-Code Signatories,77,0,73,0,0,4,0,4,0.051948051948052,TRUE,FALSE,TRUE,672,238,910,TRUE,22.855446720094985,0.12971208073612348,0.8702879192638765,0.9658652419115464,0.034134758088453544,0,149758,1009,6.737536558981824,0.02249629402102058,0.07631318136769079,910,910,672,238,0.004395604395604396,1.1872959335114277,1.1872959335114277,0,6.0764700383285035,0.1953923784734114,0.05194805194805195,-0.018100689625416187,0.1953923784734114,11,5,30,TRUE,TRUE,TRUE,69,17,TRUE,TRUE,FALSE
2020,Canoe / Kayak,Canoe / Kayak,Canoe / Kayak,ASOIF Summer Olympic sports | Other sports/disciplines - Non-Code Signatories | Other sports/disciplines from Code Signatories | Sports for Athletes with an Impairment,3359,883,2476,3068,291,0,14,4,2020_anti-doping_testing_figures_en.pdf,wada_testing_2020_sport_totals.csv,0,TRUE,Canoe | Canoe / Kayak,2,Canoe | Canoe/Kayak,ASOIF | Sports for Athletes with an Impairment,ASOIF | Sports for Athletes with an Impairment,14,2,0,0,0,12,2,14,0.857142857142857,TRUE,TRUE,TRUE,672,238,910,TRUE,4.167907115212861,0.26287585590949686,0.7371241440905031,0.9133670735337898,0.08663292646621018,0,149758,1009,6.737536558981824,0.02242951962499499,0.013875123885034688,910,910,672,238,0.015384615384615385,4.167907115212861,3.572491813039595,0.5954153021732659,6.0764700383285035,0.6859092678681842,0.8571428571428571,-0.007044904240379606,0.6859092678681843,12,14,12,TRUE,TRUE,TRUE,47,55,TRUE,TRUE,FALSE
2020,Tennis,Tennis,Tennis,ASOIF Summer Olympic sports | Other sports/disciplines - Non-Code Signatories | Sports for Athletes with an Impairment,3113,1741,1372,2836,277,0,6,3,2020_anti-doping_testing_figures_en.pdf,wada_testing_2020_sport_totals.csv,0,TRUE,Tennis,1,Tennis,ASOIF,ASOIF,6,2,0,0,0,4,2,6,0.666666666666667,TRUE,TRUE,TRUE,672,238,910,TRUE,1.9274012206874398,0.5592675875361388,0.44073241246386125,0.9110183103115965,0.08898168968840348,0,149758,1009,6.737536558981824,0.02078686948276553,0.005946481665014866,910,910,672,238,0.006593406593406593,1.9274012206874398,1.28493414712496,0.64246707356248,6.0764700383285035,0.31719093627220835,0.6666666666666666,-0.014193462889358934,0.31719093627220835,13,28,26,TRUE,TRUE,TRUE,62,70,TRUE,TRUE,FALSE
2020,Boxing,Boxing,Boxing,ASOIF Summer Olympic sports | Other sports/disciplines - Non-Code Signatories | Other sports/disciplines from Code Signatories,2871,953,1918,2691,180,0,25,3,2020_anti-doping_testing_figures_en.pdf,wada_testing_2020_sport_totals.csv,0,TRUE,Boxing,1,Boxing,ASOIF | Other Sports - Non-Code Signatories,ASOIF | Other Sports - Non-Code Signatories,25,0,2,0,5,18,3,21,0.72,TRUE,TRUE,TRUE,672,238,910,TRUE,8.707767328456983,0.3319400905607802,0.6680599094392198,0.9373040752351097,0.06269592476489028,0,149758,1009,6.737536558981824,0.0191709290989463,0.024777006937561942,910,910,672,238,0.023076923076923078,7.3145245559038665,6.269592476489028,1.0449320794148382,6.0764700383285035,1.2037456796077486,0.72,0.0039059939779767794,1.2037456796077488,14,10,9,TRUE,TRUE,TRUE,33,34,TRUE,TRUE,FALSE
2020,Judo,Judo,Judo,ASOIF Summer Olympic sports | Other sports/disciplines - Non-Code Signatories | Other sports/disciplines from Code Signatories | Sports for Athletes with an Impairment,2810,691,2119,2636,174,0,10,4,2020_anti-doping_testing_figures_en.pdf,wada_testing_2020_sport_totals.csv,0,TRUE,Judo,1,Judo,ASOIF | Sports for Athletes with an Impairment,ASOIF | Sports for Athletes with an Impairment,10,4,1,0,0,5,2,7,0.5,TRUE,TRUE,TRUE,672,238,910,TRUE,3.558718861209964,0.24590747330960855,0.7540925266903915,0.9380782918149466,0.06192170818505338,0,149758,1009,6.737536558981824,0.018763605283190214,0.009910802775024777,910,910,672,238,0.007692307692307693,2.491103202846975,1.779359430604982,0.7117437722419929,6.0764700383285035,0.4099589378592937,0.5,-0.01107129759088252,0.40995893785929377,15,20,22,TRUE,TRUE,TRUE,58,57,TRUE,TRUE,FALSE
2020,Skating,Skating,Skating,AIOWF Winter Olympic sports | Other sports/disciplines - Non-Code Signatories | Other sports/disciplines from Code Signatories,2644,984,1660,2394,250,0,7,4,2020_anti-doping_testing_figures_en.pdf,wada_testing_2020_sport_totals.csv,0,TRUE,Skating,1,Skating,AIOWF,AIOWF,7,3,1,0,0,3,1,4,0.428571428571429,TRUE,TRUE,TRUE,672,238,910,TRUE,2.64750378214826,0.3721633888048411,0.6278366111951589,0.905446293494705,0.094553706505295,0,149758,1009,6.737536558981824,0.017655150309165455,0.006937561942517344,910,910,672,238,0.004395604395604396,1.5128593040847202,1.13464447806354,0.37821482602118006,6.0764700383285035,0.24897009193529618,0.42857142857142855,-0.01325954591356106,0.24897009193529615,16,23,30,TRUE,TRUE,TRUE,65,66,TRUE,TRUE,FALSE
2020,Handball,Handball,Handball,ASOIF Summer Olympic sports | Other sports/disciplines - Non-Code Signatories | Sports for Athletes with an Impairment,2618,1144,1474,2458,160,0,12,3,2020_anti-doping_testing_figures_en.pdf,wada_testing_2020_sport_totals.csv,0,TRUE,Handball,1,Handball,ASOIF,ASOIF,12,3,2,0,2,5,1,6,0.416666666666667,TRUE,TRUE,TRUE,672,238,910,TRUE,4.583651642475172,0.4369747899159664,0.5630252100840336,0.9388846447669977,0.061115355233002294,0,149758,1009,6.737536558981824,0.017481536879498924,0.011892963330029732,910,910,672,238,0.006593406593406593,2.291825821237586,1.9098548510313218,0.3819709702062643,6.0764700383285035,0.37716401245813014,0.4166666666666667,-0.01088813028609233,0.37716401245813014,17,18,26,TRUE,TRUE,TRUE,60,53,TRUE,TRUE,FALSE
2020,Triathlon,Triathlon,Triathlon,ASOIF Summer Olympic sports | Other sports/disciplines - Non-Code Signatories | Other sports/disciplines from Code Signatories | Sports for Athletes with an Impairment,2596,830,1766,2389,207,0,14,5,2020_anti-doping_testing_figures_en.pdf,wada_testing_2020_sport_totals.csv,0,TRUE,Triathlon,1,Triathlon,ASOIF | Sports for Athletes with an Impairment,ASOIF | Sports for Athletes with an Impairment,14,7,1,0,1,5,3,8,0.357142857142857,TRUE,TRUE,TRUE,672,238,910,TRUE,5.3929121725731894,0.3197226502311248,0.6802773497688752,0.9202619414483821,0.07973805855161788,0,149758,1009,6.737536558981824,0.01733463320824263,0.013875123885034688,910,910,672,238,0.008791208791208791,3.0816640986132513,1.926040061633282,1.1556240369799693,6.0764700383285035,0.5071470901979377,0.35714285714285715,-0.008543424417033839,0.5071470901979377,18,14,20,TRUE,TRUE,TRUE,54,50,TRUE,TRUE,FALSE
2020,Ice Hockey,Ice Hockey,Ice Hockey,AIOWF Winter Olympic sports | Other sports/disciplines - Non-Code Signatories | Other sports/disciplines from Code Signatories | Sports for Athletes with an Impairment,2392,1273,1119,2251,141,0,14,4,2020_anti-doping_testing_figures_en.pdf,wada_testing_2020_sport_totals.csv,0,TRUE,Ice Hockey,1,Ice Hockey,AIOWF,AIOWF,14,2,1,0,0,11,1,12,0.785714285714286,TRUE,TRUE,TRUE,672,238,910,TRUE,5.852842809364548,0.532190635451505,0.467809364548495,0.9410535117056856,0.058946488294314384,0,149758,1009,6.737536558981824,0.015972435529320636,0.013875123885034688,910,910,672,238,0.013186813186813187,5.016722408026756,4.59866220735786,0.4180602006688963,6.0764700383285035,0.8255981476717262,0.7857142857142857,-0.0027856223425074492,0.8255981476717263,19,14,16,TRUE,TRUE,TRUE,43,45,TRUE,TRUE,FALSE
2020,Volleyball,Volleyball,Volleyball,ASOIF Summer Olympic sports | Other sports/disciplines - Non-Code Signatories | Other sports/disciplines from Code Signatories | Sports for Athletes with an Impairment,2297,1188,1109,2227,70,0,19,4,2020_anti-doping_testing_figures_en.pdf,wada_testing_2020_sport_totals.csv,0,TRUE,Volleyball,1,Volleyball,ASOIF | Other Sports - Non-Code Signatories,ASOIF | Other Sports - Non-Code Signatories,19,4,1,1,1,12,1,13,0.631578947368421,TRUE,TRUE,TRUE,672,238,910,TRUE,8.27165868524162,0.5171963430561602,0.4828036569438398,0.9695254680017414,0.030474531998258596,0,149758,1009,6.737536558981824,0.015338078767077552,0.018830525272547076,910,910,672,238,0.014285714285714285,5.659555942533739,5.22420548541576,0.43535045711797993,6.0764700383285035,0.9313887679582062,0.631578947368421,-0.001052364481363267,0.9313887679582062,20,12,15,TRUE,TRUE,TRUE,42,36,TRUE,TRUE,FALSE
2020,Biathlon,Biathlon,Biathlon,AIOWF Winter Olympic sports,2280,625,1655,1894,386,0,3,1,2020_anti-doping_testing_figures_en.pdf,wada_testing_2020_sport_totals.csv,0,TRUE,Biathlon,1,Biathlon,AIOWF,AIOWF,3,1,0,0,0,2,6,8,0.666666666666667,TRUE,TRUE,TRUE,672,238,910,TRUE,1.3157894736842104,0.2741228070175439,0.7258771929824561,0.8307017543859649,0.1692982456140351,0,149758,1009,6.737536558981824,0.015224562293834053,0.002973240832507433,910,910,672,238,0.008791208791208791,3.5087719298245617,0.8771929824561404,2.631578947368421,6.0764700383285035,0.5774358974358974,0.6666666666666666,-0.006433353502625262,0.5774358974358974,21,41,20,TRUE,TRUE,TRUE,50,72,TRUE,TRUE,FALSE
2020,Gymnastics,Gymnastics,Gymnastics,ASOIF Summer Olympic sports | Other sports/disciplines - Non-Code Signatories,2075,399,1676,1962,113,0,5,2,2020_anti-doping_testing_figures_en.pdf,wada_testing_2020_sport_totals.csv,0,TRUE,Gymnastics,1,Gymnastics,ASOIF,ASOIF,5,1,1,0,0,3,0,3,0.6,TRUE,FALSE,TRUE,672,238,910,TRUE,2.4096385542168677,0.19228915662650603,0.807710843373494,0.9455421686746988,0.05445783132530121,0,149758,1009,6.737536558981824,0.0138556871753095,0.004955401387512388,910,910,672,238,0.0032967032967032967,1.4457831325301205,1.4457831325301205,0,6.0764700383285035,0.23793141797961073,0.6,-0.010558983878606203,0.23793141797961073,22,31,39,TRUE,TRUE,TRUE,66,67,TRUE,TRUE,FALSE
2020,Powerlifting,Powerlifting,Powerlifting,AIMS sports | Other sports/disciplines - Non-Code Signatories,1827,801,1026,1653,174,0,83,2,2020_anti-doping_testing_figures_en.pdf,wada_testing_2020_sport_totals.csv,0,TRUE,Powerlifting,1,Powerlifting,AIMS | Other Sports - Non-Code Signatories,AIMS | Other Sports - Non-Code Signatories,83,13,2,0,7,61,7,68,0.734939759036145,TRUE,TRUE,TRUE,672,238,910,TRUE,45.42966611932129,0.43842364532019706,0.5615763546798029,0.9047619047619048,0.09523809523809523,0,149758,1009,6.737536558981824,0.012199682153874918,0.08225966303270565,910,910,672,238,0.07472527472527472,37.21948549534756,33.3880678708265,3.8314176245210727,6.0764700383285035,6.12518209759589,0.7349397590361446,0.06252559257139981,6.125182097595891,23,4,5,TRUE,TRUE,TRUE,11,9,TRUE,TRUE,FALSE
2020,Para-Athletics,Para-Athletics,Para-Athletics,Paralympic sports/disciplines,1402,264,1135,1346,53,0,10,1,2020_anti-doping_testing_figures_en.pdf,wada_testing_2020_sport_totals.csv,1,TRUE,Para-Athletics,1,Para-Athletics,IPC,IPC,10,2,0,0,0,8,2,10,0.8,TRUE,TRUE,TRUE,672,238,910,TRUE,7.132667617689016,0.18830242510699002,0.8095577746077033,0.9600570613409415,0.037803138373751786,0,149758,1009,6.737536558981824,0.00936177032278743,0.009910802775024777,910,910,672,238,0.01098901098901099,7.132667617689016,5.706134094151213,1.4265335235378032,6.0764700383285035,1.1738176231756832,0.8,0.0016272406662235592,1.1738176231756832,24,20,18,TRUE,TRUE,TRUE,35,39,TRUE,TRUE,FALSE
2020,Badminton,Badminton,Badminton,ASOIF Summer Olympic sports | Other sports/disciplines - Non-Code Signatories | Sports for Athletes with an Impairment,1274,311,963,1029,245,0,4,3,2020_anti-doping_testing_figures_en.pdf,wada_testing_2020_sport_totals.csv,0,TRUE,Badminton,1,Badminton,ASOIF,ASOIF,4,0,3,0,0,1,0,1,0.25,TRUE,FALSE,TRUE,672,238,910,TRUE,3.1397174254317113,0.24411302982731553,0.7558869701726845,0.8076923076923077,0.19230769230769232,0,149758,1009,6.737536558981824,0.008507058053659904,0.003964321110009911,910,910,672,238,0.001098901098901099,0.7849293563579278,0.7849293563579278,0,6.0764700383285035,0.1291752203840116,0.25,-0.007408156954758806,0.1291752203840116,25,35,47,TRUE,TRUE,TRUE,71,60,TRUE,TRUE,FALSE
2020,Fencing,Fencing,Fencing,ASOIF Summer Olympic sports | Sports for Athletes with an Impairment,1270,297,973,1237,33,0,4,2,2020_anti-doping_testing_figures_en.pdf,wada_testing_2020_sport_totals.csv,0,TRUE,Fencing,1,Fencing,ASOIF,ASOIF,4,0,0,0,0,4,0,4,1,TRUE,FALSE,TRUE,672,238,910,TRUE,3.149606299212598,0.23385826771653542,0.7661417322834646,0.974015748031496,0.025984251968503937,0,149758,1009,6.737536558981824,0.008480348295249669,0.003964321110009911,910,910,672,238,0.004395604395604396,3.149606299212598,3.149606299212598,0,6.0764700383285035,0.5183282858873409,1,-0.004084743899645273,0.518328285887341,26,35,30,TRUE,TRUE,TRUE,52,59,TRUE,TRUE,FALSE
2020,Taekwondo,Taekwondo,Taekwondo,ASOIF Summer Olympic sports | Other sports/disciplines - Non-Code Signatories | Other sports/disciplines from Code Signatories | Sports for Athletes with an Impairment,1203,356,847,1140,63,0,6,6,2020_anti-doping_testing_figures_en.pdf,wada_testing_2020_sport_totals.csv,0,TRUE,Taekwondo,1,Taekwondo,ASOIF | Other Code Signatories | Sports for Athletes with an Impairment,ASOIF | Other Code Signatories | Sports for Athletes with an Impairment,6,1,0,0,1,4,2,6,0.666666666666667,TRUE,TRUE,TRUE,672,238,910,TRUE,4.987531172069826,0.2959268495428096,0.7040731504571903,0.9476309226932669,0.05236907730673317,0,149758,1009,6.737536558981824,0.00803295984187823,0.005946481665014866,910,910,672,238,0.006593406593406593,4.987531172069826,3.3250207813798838,1.6625103906899419,6.0764700383285035,0.8207941684250911,0.6666666666666666,-0.0014395532484716362,0.8207941684250912,27,28,26,TRUE,TRUE,TRUE,44,51,TRUE,TRUE,FALSE
2020,Bobsleigh,Bobsleigh,Bobsleigh,AIOWF Winter Olympic sports | Sports for Athletes with an Impairment,1188,362,826,1049,139,0,1,2,2020_anti-doping_testing_figures_en.pdf,wada_testing_2020_sport_totals.csv,0,TRUE,Bobsleigh,1,Bobsleigh,AIOWF,AIOWF,1,0,1,0,0,0,0,0,0,TRUE,FALSE,TRUE,672,238,910,TRUE,0.8417508417508417,0.3047138047138047,0.6952861952861953,0.882996632996633,0.117003367003367,0,149758,1009,6.737536558981824,0.007932798247839849,9.910802775024777e-4,910,910,672,238,0,0,0,0,6.0764700383285035,0,0,-0.007932798247839849,0,28,55,72,TRUE,TRUE,TRUE,72,74,TRUE,TRUE,FALSE
2020,Rugby,Rugby,Rugby,Other sports/disciplines from Code Signatories,1108,217,891,1031,77,0,11,2,2020_anti-doping_testing_figures_en.pdf,wada_testing_2020_sport_totals.csv,0,TRUE,Rugby League,1,Rugby League,Other Code Signatories,Other Code Signatories,11,0,2,0,0,9,2,11,0.818181818181818,TRUE,TRUE,TRUE,672,238,910,TRUE,9.927797833935019,0.19584837545126355,0.8041516245487365,0.9305054151624549,0.06949458483754513,0,149758,1009,6.737536558981824,0.007398603079635145,0.010901883052527254,910,910,672,238,0.012087912087912088,9.927797833935019,8.12274368231047,1.8050541516245489,6.0764700383285035,1.6338100527631214,0.8181818181818182,0.004689309008276943,1.6338100527631214,29,19,17,TRUE,TRUE,TRUE,29,31,TRUE,TRUE,FALSE
2020,Karate,Karate,Karate,ARISF recognized sports | Other sports/disciplines - Non-Code Signatories | Other sports/disciplines from Code Signatories | Sports for Athletes with an Impairment,956,321,635,915,41,0,3,5,2020_anti-doping_testing_figures_en.pdf,wada_testing_2020_sport_totals.csv,0,TRUE,Karate,1,Karate,ARISF,ARISF,3,0,0,0,1,2,0,2,0.666666666666667,TRUE,FALSE,TRUE,672,238,910,TRUE,3.1380753138075312,0.33577405857740583,0.6642259414225942,0.9571129707112971,0.04288702928870293,0,149758,1009,6.737536558981824,0.006383632260046208,0.002973240832507433,910,910,672,238,0.002197802197802198,2.092050209205021,2.092050209205021,0,6.0764700383285035,0.34428709365947857,0.6666666666666666,-0.00418583006224401,0.34428709365947857,30,41,41,TRUE,TRUE,FALSE,61,61,TRUE,TRUE,FALSE
2020,Shooting,Shooting,Shooting,ASOIF Summer Olympic sports | Other sports/disciplines - Non-Code Signatories | Other sports/disciplines from Code Signatories,923,417,506,919,4,0,5,4,2020_anti-doping_testing_figures_en.pdf,wada_testing_2020_sport_totals.csv,0,TRUE,Shooting,1,Shooting,ASOIF | Other Sports - Non-Code Signatories,ASOIF | Other Sports - Non-Code Signatories,5,0,0,0,1,4,0,4,0.8,TRUE,FALSE,TRUE,672,238,910,TRUE,5.417118093174431,0.4517876489707476,0.5482123510292525,0.9956663055254604,0.004333694474539545,0,149758,1009,6.737536558981824,0.006163276753161768,0.004955401387512388,910,910,672,238,0.004395604395604396,4.333694474539545,4.333694474539545,0,6.0764700383285035,0.7131927660638386,0.8,-0.0017676723575573722,0.7131927660638386,31,31,30,TRUE,TRUE,FALSE,45,49,TRUE,TRUE,FALSE
2020,Cricket,Cricket,Cricket,ARISF recognized sports,869,229,640,823,46,0,2,1,2020_anti-doping_testing_figures_en.pdf,wada_testing_2020_sport_totals.csv,0,TRUE,Cricket,1,Cricket,ARISF,ARISF,2,0,1,0,0,1,0,1,0.5,TRUE,FALSE,TRUE,672,238,910,TRUE,2.3014959723820483,0.26352128883774456,0.7364787111622555,0.9470655926352128,0.05293440736478711,0,149758,1009,6.737536558981824,0.005802695014623592,0.0019821605550049554,910,910,672,238,0.001098901098901099,1.1507479861910241,1.1507479861910241,0,6.0764700383285035,0.18937771089669822,0.5,-0.004703793915722494,0.18937771089669825,32,48,47,TRUE,TRUE,FALSE,70,69,TRUE,TRUE,FALSE
2020,Table Tennis,Table Tennis,Table Tennis,ASOIF Summer Olympic sports | Sports for Athletes with an Impairment,718,274,444,700,18,0,4,2,2020_anti-doping_testing_figures_en.pdf,wada_testing_2020_sport_totals.csv,0,TRUE,Table Tennis,1,Table Tennis,ASOIF,ASOIF,4,3,0,0,0,1,0,1,0.25,TRUE,FALSE,TRUE,672,238,910,TRUE,5.571030640668524,0.3816155988857939,0.6183844011142061,0.9749303621169917,0.025069637883008356,0,149758,1009,6.737536558981824,0.0047944016346372145,0.003964321110009911,910,910,672,238,0.001098901098901099,1.392757660167131,1.392757660167131,0,6.0764700383285035,0.22920505678165845,0.25,-0.0036955005357361156,0.22920505678165845,33,35,47,TRUE,TRUE,FALSE,68,48,TRUE,TRUE,FALSE
2020,Para-Swimming,Para-Swimming,Para-Swimming,Paralympic sports/disciplines,711,97,609,690,16,0,3,1,2020_anti-doping_testing_figures_en.pdf,wada_testing_2020_sport_totals.csv,1,TRUE,Para-Swimming,1,Para-Swimming,IPC,IPC,3,1,1,0,0,1,0,1,0.333333333333333,TRUE,FALSE,TRUE,672,238,910,TRUE,4.219409282700422,0.13642756680731363,0.8565400843881856,0.9704641350210971,0.02250351617440225,0,149758,1009,6.737536558981824,0.004747659557419303,0.002973240832507433,910,910,672,238,0.001098901098901099,1.4064697609001406,1.4064697609001406,0,6.0764700383285035,0.23146164665152005,0.3333333333333333,-0.003648758458518204,0.23146164665152008,34,41,47,TRUE,TRUE,FALSE,67,54,TRUE,TRUE,FALSE
2020,Field Hockey,Field Hockey,Field Hockey,ASOIF Summer Olympic sports,646,248,398,614,32,0,2,1,2020_anti-doping_testing_figures_en.pdf,wada_testing_2020_sport_totals.csv,0,TRUE,Field Hockey,1,Field Hockey,ASOIF,ASOIF,2,0,0,0,0,2,0,2,1,TRUE,FALSE,TRUE,672,238,910,TRUE,3.0959752321981426,0.38390092879256965,0.6160990712074303,0.9504643962848297,0.04953560371517028,0,149758,1009,6.737536558981824,0.004313625983252981,0.0019821605550049554,910,910,672,238,0.002197802197802198,3.0959752321981426,3.0959752321981426,0,6.0764700383285035,0.5095022624434389,1,-0.0021158237854507836,0.5095022624434389,35,48,41,TRUE,TRUE,FALSE,53,62,TRUE,TRUE,FALSE
2020,Baseball / Softball,Baseball / Softball,Baseball / Softball,ARISF recognized sports,623,209,414,590,33,0,4,1,2020_anti-doping_testing_figures_en.pdf,wada_testing_2020_sport_totals.csv,0,TRUE,Softball,1,Softball,ARISF,ARISF,2,1,0,0,0,1,0,1,0.5,TRUE,FALSE,TRUE,672,238,910,TRUE,6.420545746388443,0.33547351524879615,0.6645264847512039,0.9470304975922953,0.052969502407704656,0,149758,1009,6.737536558981824,0.004160044872394129,0.003964321110009911,910,910,672,238,0.001098901098901099,1.6051364365971108,1.6051364365971108,0,6.0764700383285035,0.26415606865045066,0.25,-0.00306114377349303,0.26415606865045066,36,35,47,TRUE,TRUE,FALSE,64,42,TRUE,TRUE,FALSE
2020,Luge,Luge,Luge,AIOWF Winter Olympic sports | Sports for Athletes with an Impairment,525,129,396,462,63,0,1,2,2020_anti-doping_testing_figures_en.pdf,wada_testing_2020_sport_totals.csv,0,TRUE,Luge,1,Luge,AIOWF,AIOWF,1,0,0,0,1,0,0,0,0,TRUE,FALSE,TRUE,672,238,910,TRUE,1.9047619047619047,0.24571428571428572,0.7542857142857143,0.88,0.12,0,149758,1009,6.737536558981824,0.0035056557913433675,9.910802775024777e-4,910,910,672,238,0,0,0,0,6.0764700383285035,0,0,-0.0035056557913433675,0,37,55,72,TRUE,TRUE,FALSE,72,71,TRUE,TRUE,FALSE
2020,Para-Powerlifting,Para-Powerlifting,Para-Powerlifting,Paralympic sports/disciplines,511,155,350,479,26,0,7,1,2020_anti-doping_testing_figures_en.pdf,wada_testing_2020_sport_totals.csv,1,TRUE,Para-Powerlifting,1,Para-Powerlifting,IPC,IPC,7,0,0,0,0,7,0,7,1,TRUE,FALSE,TRUE,672,238,910,TRUE,13.698630136986301,0.30332681017612523,0.684931506849315,0.9373776908023483,0.050880626223091974,0,149758,1009,6.737536558981824,0.0034121716369075444,0.006937561942517344,910,910,672,238,0.007692307692307693,13.698630136986301,13.698630136986301,0,6.0764700383285035,2.254373024236038,1,0.004280136055400148,2.254373024236038,38,23,22,TRUE,TRUE,FALSE,23,23,TRUE,TRUE,FALSE
2020,Archery,Archery,Archery,ASOIF Summer Olympic sports | Other sports/disciplines from Code Signatories | Sports for Athletes with an Impairment,495,198,297,494,1,0,6,3,2020_anti-doping_testing_figures_en.pdf,wada_testing_2020_sport_totals.csv,0,TRUE,Archery,1,Archery,ASOIF | Sports for Athletes with an Impairment,ASOIF | Sports for Athletes with an Impairment,6,3,0,0,1,2,0,2,0.333333333333333,TRUE,FALSE,TRUE,672,238,910,TRUE,12.121212121212121,0.4,0.6,0.997979797979798,0.00202020202020202,0,149758,1009,6.737536558981824,0.0033053326032666036,0.005946481665014866,910,910,672,238,0.002197802197802198,4.040404040404041,4.040404040404041,0,6.0764700383285035,0.6649261849261849,0.3333333333333333,-0.0011075304054644058,0.6649261849261849,39,28,41,TRUE,FALSE,FALSE,48,27,TRUE,TRUE,FALSE
2020,Sailing,Sailing,Sailing,ASOIF Summer Olympic sports | Other sports/disciplines - Non-Code Signatories,446,156,290,436,10,0,0,2,2020_anti-doping_testing_figures_en.pdf,wada_testing_2020_sport_totals.csv,0,TRUE,NA,NA,NA,NA,NA,0,0,0,0,0,0,0,0,NA,NA,NA,FALSE,672,238,910,TRUE,0,0.34977578475336324,0.6502242152466368,0.9775784753363229,0.02242152466367713,0,149758,1009,6.737536558981824,0.0029781380627412223,0,910,910,672,238,0,0,0,0,6.0764700383285035,0,NA,-0.0029781380627412223,0,40,75,72,TRUE,FALSE,FALSE,72,75,TRUE,TRUE,TRUE
2020,Modern Pentathlon,Modern Pentathlon,Modern Pentathlon,ASOIF Summer Olympic sports,417,107,310,391,26,0,1,1,2020_anti-doping_testing_figures_en.pdf,wada_testing_2020_sport_totals.csv,0,TRUE,Modern Pentathlon,1,Modern Pentathlon,ASOIF,ASOIF,1,0,0,0,0,1,0,1,1,TRUE,FALSE,TRUE,672,238,910,TRUE,2.398081534772182,0.2565947242206235,0.7434052757793765,0.9376498800959233,0.06235011990407674,0,149758,1009,6.737536558981824,0.0027844923142670173,9.910802775024777e-4,910,910,672,238,0.001098901098901099,2.398081534772182,2.398081534772182,0,6.0764700383285035,0.3946504334993543,1,-0.0016855912153659184,0.39465043349935436,41,55,47,TRUE,FALSE,FALSE,59,68,TRUE,TRUE,FALSE
2020,Bodybuilding,Bodybuilding,Bodybuilding,AIMS sports | Other sports/disciplines - Non-Code Signatories,412,247,165,391,21,0,77,2,2020_anti-doping_testing_figures_en.pdf,wada_testing_2020_sport_totals.csv,0,TRUE,Bodybuilding,1,Bodybuilding,AIMS | Other Sports - Non-Code Signatories,AIMS | Other Sports - Non-Code Signatories,78,1,1,0,6,70,19,89,0.897435897435897,TRUE,TRUE,TRUE,672,238,910,TRUE,186.89320388349515,0.5995145631067961,0.40048543689320387,0.9490291262135923,0.050970873786407765,0,149758,1009,6.737536558981824,0.0027511051162542235,0.07631318136769079,910,910,672,238,0.0978021978021978,216.01941747572815,169.90291262135923,46.116504854368934,6.0764700383285035,35.5501493651979,0.9090909090909091,0.09505109268594358,35.55014936519791,42,5,3,TRUE,FALSE,FALSE,2,2,TRUE,TRUE,FALSE
2020,Sport Climbing,Sport Climbing,Sport Climbing,ARISF recognized sports,365,151,214,342,23,0,1,1,2020_anti-doping_testing_figures_en.pdf,wada_testing_2020_sport_totals.csv,0,TRUE,Sport Climbing,1,Sport Climbing,ARISF,ARISF,1,0,0,0,0,1,0,1,1,TRUE,FALSE,TRUE,672,238,910,TRUE,2.73972602739726,0.4136986301369863,0.5863013698630137,0.936986301369863,0.06301369863013699,0,149758,1009,6.737536558981824,0.00243726545493396,9.910802775024777e-4,910,910,672,238,0.001098901098901099,2.73972602739726,2.73972602739726,0,6.0764700383285035,0.45087460484720754,1,-0.001338364356032861,0.4508746048472076,43,55,47,TRUE,FALSE,FALSE,56,64,TRUE,TRUE,FALSE
2020,Golf,Golf,Golf,ASOIF Summer Olympic sports | Other sports/disciplines - Non-Code Signatories,361,150,211,358,3,0,3,2,2020_anti-doping_testing_figures_en.pdf,wada_testing_2020_sport_totals.csv,0,TRUE,Golf,1,Golf,ASOIF | Other Sports - Non-Code Signatories,ASOIF | Other Sports - Non-Code Signatories,3,0,2,0,0,1,2,3,0.333333333333333,TRUE,TRUE,TRUE,672,238,910,TRUE,8.310249307479225,0.4155124653739612,0.5844875346260388,0.9916897506925207,0.008310249307479225,0,149758,1009,6.737536558981824,0.002410555696523725,0.002973240832507433,910,910,672,238,0.0032967032967032967,8.310249307479225,2.770083102493075,5.54016620498615,6.0764700383285035,1.3676113360323887,0.3333333333333333,8.861476001795717e-4,1.3676113360323887,44,41,39,TRUE,FALSE,FALSE,30,35,TRUE,TRUE,FALSE
2020,American Football,American Football,American Football,ARISF recognized sports | Other sports/disciplines from Code Signatories,332,145,187,318,14,0,7,2,2020_anti-doping_testing_figures_en.pdf,wada_testing_2020_sport_totals.csv,0,TRUE,American Football,1,American Football,ARISF,ARISF,7,3,0,0,1,3,1,4,0.428571428571429,TRUE,TRUE,TRUE,672,238,910,TRUE,21.08433734939759,0.4367469879518072,0.5632530120481928,0.95783132530120485,0.04216867469879518,0,149758,1009,6.737536558981824,0.00221690994804952,0.006937561942517344,910,910,672,238,0.004395604395604396,12.048192771084338,9.036144578313253,3.0120481927710845,6.0764700383285035,1.9827618164967562,0.42857142857142855,0.0021786944475548757,1.9827618164967562,45,23,30,TRUE,FALSE,FALSE,26,18,TRUE,TRUE,FALSE
2020,Equestrian,Equestrian,Equestrian,ASOIF Summer Olympic sports | Sports for Athletes with an Impairment,328,145,183,321,7,0,4,2,2020_anti-doping_testing_figures_en.pdf,wada_testing_2020_sport_totals.csv,0,TRUE,Equestrian,1,Equestrian,ASOIF,ASOIF,4,2,0,0,1,1,3,4,0.25,TRUE,TRUE,TRUE,672,238,910,TRUE,12.195121951219512,0.4420731707317073,0.5579268292682927,0.9786585365853658,0.021341463414634148,0,149758,1009,6.737536558981824,0.0021902001896392845,0.003964321110009911,910,910,672,238,0.004395604395604396,12.195121951219512,3.048780487804878,9.146341463414634,6.0764700383285035,2.0069418386491558,0.25,0.002205404205965111,2.0069418386491558,46,35,30,TRUE,FALSE,FALSE,25,25,TRUE,TRUE,FALSE
2020,Roller Sports,Roller Sports,Roller,ARISF recognized sports,316,137,179,288,28,0,1,1,2020_anti-doping_testing_figures_en.pdf,wada_testing_2020_sport_totals.csv,0,TRUE,Roller Sports,1,Roller Sports,ARISF,ARISF,1,0,0,0,0,1,1,2,1,TRUE,TRUE,TRUE,672,238,910,TRUE,3.1645569620253164,0.43354430379746833,0.5664556962025317,0.9113924050632911,0.08860759493670886,0,149758,1009,6.737536558981824,0.002110070914408579,9.910802775024777e-4,910,910,672,238,0.002197802197802198,6.329113924050633,3.1645569620253164,3.1645569620253164,6.0764700383285035,1.0415774099318402,1,8.773128339361865e-5,1.0415774099318402,47,55,41,TRUE,FALSE,FALSE,38,58,TRUE,TRUE,FALSE
2020,Para-Nordic Skiing,Para-Nordic Skiing,Para-Nordic Skiing,Paralympic sports/disciplines,303,33,270,295,8,0,3,1,2020_anti-doping_testing_figures_en.pdf,wada_testing_2020_sport_totals.csv,0,TRUE,Para-Nordic Skiing,1,Para-Nordic Skiing,IPC,IPC,3,0,2,0,0,1,0,1,0.333333333333333,TRUE,FALSE,TRUE,672,238,910,TRUE,9.900990099009901,0.10891089108910891,0.8910891089108911,0.9735973597359736,0.026402640264026403,0,149758,1009,6.737536558981824,0.002023264199575315,0.002973240832507433,910,910,672,238,0.001098901098901099,3.3003300330033003,3.3003300330033003,0,6.0764700383285035,0.5431327748159431,0.3333333333333333,-9.24363100674216e-4,0.5431327748159431,48,41,47,TRUE,FALSE,FALSE,51,32,TRUE,TRUE,FALSE
2020,Horse Racing,Horse Racing,Horse Racing (R),Other sports/disciplines - Non-Code Signatories,277,276,1,277,0,0,2,1,2020_anti-doping_testing_figures_en.pdf,wada_testing_2020_sport_totals.csv,0,TRUE,Horse Racing (R),1,Horse Racing (R),Other Sports - Non-Code Signatories,Other Sports - Non-Code Signatories,2,0,1,0,1,0,0,0,0,TRUE,FALSE,TRUE,672,238,910,TRUE,7.220216606498195,0.9963898916967509,0.0036101083032490976,1,0,0,149758,1009,6.737536558981824,0.0018496507699087862,0.0019821605550049554,910,910,672,238,0,0,0,0,6.0764700383285035,0,0,-0.0018496507699087862,0,49,48,72,TRUE,FALSE,FALSE,72,38,TRUE,TRUE,FALSE
2020,Curling,Curling,Curling,AIOWF Winter Olympic sports | Sports for Athletes with an Impairment,258,105,153,258,0,0,0,2,2020_anti-doping_testing_figures_en.pdf,wada_testing_2020_sport_totals.csv,0,TRUE,NA,NA,NA,NA,NA,0,0,0,0,0,0,0,0,NA,NA,NA,FALSE,672,238,910,TRUE,0,0.4069767441860465,0.5930232558139535,1,0,0,149758,1009,6.737536558981824,0.001722779417460169,0,910,910,672,238,0,0,0,0,6.0764700383285035,0,NA,-0.001722779417460169,0,50,75,72,TRUE,FALSE,FALSE,72,75,TRUE,TRUE,TRUE
2020,Kickboxing,Kickboxing,Kickboxing,ARISF recognized sports,256,100,156,237,19,0,7,1,2020_anti-doping_testing_figures_en.pdf,wada_testing_2020_sport_totals.csv,0,TRUE,Kickboxing,1,Kickboxing,ARISF,ARISF,7,0,0,0,0,7,0,7,1,TRUE,FALSE,TRUE,672,238,910,TRUE,27.34375,0.390625,0.609375,0.92578125,0.07421875,0,149758,1009,6.737536558981824,0.0017094245382550514,0.006937561942517344,910,910,672,238,0.007692307692307693,27.34375,27.34375,0,6.0764700383285035,4.499939903846154,1,0.005982883154052642,4.499939903846155,51,23,22,TRUE,FALSE,FALSE,15,14,TRUE,TRUE,FALSE
2020,Sambo,Sambo,Sambo,AIMS sports | Other sports/disciplines from Code Signatories,250,156,94,234,16,0,5,2,2020_anti-doping_testing_figures_en.pdf,wada_testing_2020_sport_totals.csv,0,TRUE,Sambo,1,Sambo,AIMS,AIMS,5,0,0,0,0,5,5,10,1,TRUE,TRUE,TRUE,672,238,910,TRUE,20,0.624,0.376,0.936,0.064,0,149758,1009,6.737536558981824,0.0016693599006396987,0.004955401387512388,910,910,672,238,0.01098901098901099,40,20,20,6.0764700383285035,6.58276923076923,1,0.009319651088371291,6.582769230769231,52,31,18,TRUE,FALSE,FALSE,9,19,TRUE,TRUE,FALSE
2020,Australian Rules Football,Australian Rules Football,Australian,Other sports/disciplines from Code Signatories,248,56,192,246,2,0,0,1,2020_anti-doping_testing_figures_en.pdf,wada_testing_2020_sport_totals.csv,0,TRUE,NA,NA,NA,NA,NA,0,0,0,0,0,0,0,0,NA,NA,NA,FALSE,672,238,910,TRUE,0,0.22580645161290322,0.7741935483870968,0.9919354838709677,0.008064516129032258,0,149758,1009,6.737536558981824,0.0016560050214345812,0,910,910,672,238,0,0,0,0,6.0764700383285035,0,NA,-0.0016560050214345812,0,53,75,72,TRUE,FALSE,FALSE,72,75,TRUE,TRUE,TRUE
2020,Floorball,Floorball,Floorball,ARISF recognized sports,223,128,95,217,6,0,2,1,2020_anti-doping_testing_figures_en.pdf,wada_testing_2020_sport_totals.csv,0,TRUE,Floorball,1,Floorball,ARISF,ARISF,2,1,0,0,1,0,0,0,0,TRUE,FALSE,TRUE,672,238,910,TRUE,8.968609865470851,0.5739910313901345,0.4260089686098655,0.9730941704035875,0.026905829596412557,0,149758,1009,6.737536558981824,0.0014890690313706112,0.0019821605550049554,910,910,672,238,0,0,0,0,6.0764700383285035,0,0,-0.0014890690313706112,0,54,48,72,TRUE,FALSE,FALSE,72,33,TRUE,TRUE,FALSE
2020,Baseball,Baseball,Baseball,Other sports/disciplines - Non-Code Signatories,220,202,18,171,49,0,0,1,2020_anti-doping_testing_figures_en.pdf,wada_testing_2020_sport_totals.csv,0,TRUE,Baseball,1,Baseball,ARISF,ARISF,2,0,0,0,0,2,2,4,1,TRUE,TRUE,TRUE,672,238,910,TRUE,0,0.9181818181818182,0.08181818181818182,0.7772727272727272,0.22272727272727272,0,149758,1009,6.737536558981824,0.0014690367125629348,0,910,910,672,238,0.004395604395604396,18.18181818181818,9.09090909090909,9.09090909090909,6.0764700383285035,2.9921678321678318,NA,0.0029265676830414608,2.992167832167832,55,75,30,TRUE,FALSE,FALSE,19,75,TRUE,TRUE,FALSE
2020,Orienteering,Orienteering,Orienteering,ARISF recognized sports | Other sports/disciplines from Code Signatories,216,89,127,205,11,0,0,2,2020_anti-doping_testing_figures_en.pdf,wada_testing_2020_sport_totals.csv,0,TRUE,NA,NA,NA,NA,NA,0,0,0,0,0,0,0,0,NA,NA,NA,FALSE,672,238,910,TRUE,0,0.41203703703703703,0.5879629629629629,0.9490740740740741,0.05092592592592592,0,149758,1009,6.737536558981824,0.0014423269541526996,0,910,910,672,238,0,0,0,0,6.0764700383285035,0,NA,-0.0014423269541526996,0,56,75,72,TRUE,FALSE,FALSE,72,75,TRUE,TRUE,TRUE
2020,Motorcycling,Motorcycling,Motorcycle Racing | Motorcycling,ARISF recognized sports | Other sports/disciplines - Non-Code Signatories,180,167,13,180,0,0,3,2,2020_anti-doping_testing_figures_en.pdf,wada_testing_2020_sport_totals.csv,0,TRUE,Motor Sport | Motorcycle Racing,2,Motor Sport | Motorcycle Racing,ARISF,ARISF,3,1,0,0,0,2,2,4,0.666666666666667,TRUE,TRUE,TRUE,672,238,910,TRUE,16.666666666666668,0.9277777777777778,0.07222222222222222,1,0,0,149758,1009,6.737536558981824,0.001201939128460583,0.002973240832507433,910,910,672,238,0.004395604395604396,22.22222222222222,11.11111111111111,11.11111111111111,6.0764700383285035,3.6570940170940167,0.6666666666666666,0.0031936652671438123,3.657094017094017,57,41,30,TRUE,FALSE,FALSE,18,20,TRUE,TRUE,FALSE
2020,Jiu-Jitsu,Jiu-Jitsu,Jiu-Jitsu | Jiu-Jitsu (R) | Ju-Jitsu,AIMS sports | Other sports/disciplines - Non-Code Signatories | Other sports/disciplines - Non-Code Signatories | Other sports/disciplines from Code Signatories,173,52,121,169,4,0,0,4,2020_anti-doping_testing_figures_en.pdf,wada_testing_2020_sport_totals.csv,0,TRUE,Jiu-Jitsu,1,Jiu-Jitsu,NA,NA,0,0,0,0,0,0,1,1,NA,FALSE,TRUE,TRUE,672,238,910,TRUE,0,0.30057803468208094,0.6994219653179191,0.976878612716763,0.023121387283236993,0,149758,1009,6.737536558981824,0.0011551970512426715,0,910,910,672,238,0.001098901098901099,5.780346820809248,0,5.780346820809248,6.0764700383285035,0.9512672298799465,NA,-5.6295952341572615e-5,0.9512672298799466,58,75,47,TRUE,FALSE,FALSE,40,75,TRUE,TRUE,FALSE
2020,Automobile Sports,Automobile Sports,Automobile,ARISF recognized sports,159,128,31,159,0,0,1,1,2020_anti-doping_testing_figures_en.pdf,wada_testing_2020_sport_totals.csv,0,TRUE,Automobile Sports,1,Automobile Sports,ARISF,ARISF,1,0,0,0,0,1,0,1,1,TRUE,FALSE,TRUE,672,238,910,TRUE,6.289308176100629,0.8050314465408805,0.1949685534591195,1,0,0,149758,1009,6.737536558981824,0.0010617128968068484,9.910802775024777e-4,910,910,672,238,0.001098901098901099,6.289308176100629,6.289308176100629,0,6.0764700383285035,1.0350266086115143,1,3.718820209425047e-5,1.0350266086115143,59,55,47,TRUE,FALSE,FALSE,39,44,TRUE,TRUE,FALSE
2020,Squash,Squash,Squash,ARISF recognized sports | Other sports/disciplines - Non-Code Signatories,157,65,92,151,6,0,1,2,2020_anti-doping_testing_figures_en.pdf,wada_testing_2020_sport_totals.csv,0,TRUE,Squash,1,Squash,ARISF,ARISF,1,1,0,0,0,0,0,0,0,TRUE,FALSE,TRUE,672,238,910,TRUE,6.369426751592357,0.4140127388535032,0.5859872611464968,0.9617834394904459,0.03821656050955414,0,149758,1009,6.737536558981824,0.0010483580176017307,9.910802775024777e-4,910,910,672,238,0,0,0,0,6.0764700383285035,0,0,-0.0010483580176017307,0,60,55,72,TRUE,FALSE,FALSE,72,43,TRUE,TRUE,FALSE
2020,Underwater Sports,Underwater Sports,Underwater,ARISF recognized sports,151,98,53,147,4,0,8,1,2020_anti-doping_testing_figures_en.pdf,wada_testing_2020_sport_totals.csv,0,TRUE,Underwater Sports,1,Underwater Sports,ARISF,ARISF,8,0,0,0,2,6,0,6,0.75,TRUE,FALSE,TRUE,672,238,910,TRUE,52.980132450331126,0.6490066225165563,0.3509933774834437,0.9735099337748344,0.026490066225165563,0,149758,1009,6.737536558981824,0.001008293379986378,0.007928642220019821,910,910,672,238,0.006593406593406593,39.735099337748345,39.735099337748345,0,6.0764700383285035,6.539174732552216,0.75,0.005585113213420216,6.539174732552216,61,22,26,TRUE,FALSE,FALSE,10,8,TRUE,TRUE,FALSE
2020,Gaelic Games,Gaelic Games,Gaelic Games,Other sports/disciplines - Non-Code Signatories,149,62,87,125,24,0,1,1,2020_anti-doping_testing_figures_en.pdf,wada_testing_2020_sport_totals.csv,0,TRUE,Gaelic Games,1,Gaelic Games,Other Sports - Non-Code Signatories,Other Sports - Non-Code Signatories,1,0,0,0,0,1,0,1,1,TRUE,FALSE,TRUE,672,238,910,TRUE,6.7114093959731544,0.4161073825503356,0.5838926174496645,0.8389261744966443,0.1610738255033557,0,149758,1009,6.737536558981824,9.949385007812603e-4,9.910802775024777e-4,910,910,672,238,0.001098901098901099,6.7114093959731544,6.7114093959731544,0,6.0764700383285035,1.1044914816726896,1,1.0396259811983857e-4,1.1044914816726898,62,55,47,TRUE,FALSE,FALSE,36,40,TRUE,TRUE,FALSE
2020,Ski Mountaineering,Ski Mountaineering,Ski Mountaineering,ARISF recognized sports,139,58,81,128,11,0,0,1,2020_anti-doping_testing_figures_en.pdf,wada_testing_2020_sport_totals.csv,0,TRUE,NA,NA,NA,NA,NA,0,0,0,0,0,0,0,0,NA,NA,NA,FALSE,672,238,910,TRUE,0,0.4172661870503597,0.5827338129496403,0.920863309352518,0.07913669064748201,0,149758,1009,6.737536558981824,9.281641047556724e-4,0,910,910,672,238,0,0,0,0,6.0764700383285035,0,NA,-9.281641047556724e-4,0,63,75,72,TRUE,FALSE,FALSE,72,75,TRUE,TRUE,TRUE
2020,Life Saving,Life Saving,Life Saving,ARISF recognized sports,132,56,76,125,7,0,1,1,2020_anti-doping_testing_figures_en.pdf,wada_testing_2020_sport_totals.csv,0,TRUE,Life Saving,1,Lifesaving,ARISF,ARISF,1,0,0,0,0,1,0,1,1,TRUE,FALSE,TRUE,672,238,910,TRUE,7.575757575757576,0.42424242424242425,0.5757575757575758,0.946969696969697,0.05303030303030303,0,149758,1009,6.737536558981824,8.814220275377609e-4,9.910802775024777e-4,910,910,672,238,0.001098901098901099,7.575757575757576,7.575757575757576,0,6.0764700383285035,1.2467365967365966,1,2.17479071363338e-4,1.2467365967365969,64,55,47,TRUE,FALSE,FALSE,32,37,TRUE,TRUE,FALSE
2020,School Sports,School Sports,School Sports,Other sports/disciplines - Non-Code Signatories,132,124,8,125,7,0,2,1,2020_anti-doping_testing_figures_en.pdf,wada_testing_2020_sport_totals.csv,0,TRUE,School Sports,1,School Sports,Other Sports - Non-Code Signatories,Other Sports - Non-Code Signatories,2,0,0,0,0,2,0,2,1,TRUE,FALSE,TRUE,672,238,910,TRUE,15.151515151515152,0.9393939393939394,0.06060606060606061,0.946969696969697,0.05303030303030303,0,149758,1009,6.737536558981824,8.814220275377609e-4,0.0019821605550049554,910,910,672,238,0.002197802197802198,15.151515151515152,15.151515151515152,0,6.0764700383285035,2.4934731934731933,1,0.001316380170264437,2.4934731934731937,64,48,41,TRUE,FALSE,FALSE,20,21,TRUE,TRUE,FALSE
2020,Netball,Netball,Netball,ARISF recognized sports,124,38,86,122,2,0,0,1,2020_anti-doping_testing_figures_en.pdf,wada_testing_2020_sport_totals.csv,0,TRUE,NA,NA,NA,NA,NA,0,0,0,0,0,0,0,0,NA,NA,NA,FALSE,672,238,910,TRUE,0,0.3064516129032258,0.6935483870967742,0.9838709677419355,0.016129032258064516,0,149758,1009,6.737536558981824,8.280025107172906e-4,0,910,910,672,238,0,0,0,0,6.0764700383285035,0,NA,-8.280025107172906e-4,0,66,75,72,TRUE,FALSE,FALSE,72,75,TRUE,TRUE,TRUE
2020,Surfing,Surfing,Surfing,ARISF recognized sports | Other sports/disciplines - Non-Code Signatories,121,22,99,119,2,0,0,2,2020_anti-doping_testing_figures_en.pdf,wada_testing_2020_sport_totals.csv,0,TRUE,Surfing,1,Surfing,NA,NA,0,0,0,0,0,0,1,1,NA,FALSE,TRUE,TRUE,672,238,910,TRUE,0,0.18181818181818182,0.8181818181818182,0.9834710743801653,0.01652892561983471,0,149758,1009,6.737536558981824,8.079701919096142e-4,0,910,910,672,238,0.001098901098901099,8.264462809917356,0,8.264462809917356,6.0764700383285035,1.3600762873490146,NA,2.9093090699148475e-4,1.3600762873490146,67,75,47,TRUE,FALSE,FALSE,31,75,TRUE,TRUE,FALSE
2020,Muaythai,Muaythai,Muaythai,ARISF recognized sports,114,38,76,113,1,0,4,1,2020_anti-doping_testing_figures_en.pdf,wada_testing_2020_sport_totals.csv,0,TRUE,Muaythai,1,Muaythai,ARISF,ARISF,4,0,0,0,1,3,1,4,0.75,TRUE,TRUE,TRUE,672,238,910,TRUE,35.08771929824561,0.3333333333333333,0.6666666666666666,0.9912280701754386,0.008771929824561403,0,149758,1009,6.737536558981824,7.612281146917026e-4,0.003964321110009911,910,910,672,238,0.004395604395604396,35.08771929824561,26.31578947368421,8.771929824561402,6.0764700383285035,5.774358974358973,0.75,0.003634376280912693,5.774358974358974,68,35,30,TRUE,FALSE,FALSE,12,11,TRUE,TRUE,FALSE
2020,DanceSport,DanceSport,DanceSport,ARISF recognized sports | Other sports/disciplines - Non-Code Signatories,103,49,54,101,2,0,0,2,2020_anti-doping_testing_figures_en.pdf,wada_testing_2020_sport_totals.csv,0,TRUE,NA,NA,NA,NA,NA,0,0,0,0,0,0,0,0,NA,NA,NA,FALSE,672,238,910,TRUE,0,0.47572815533980584,0.5242718446601942,0.9805825242718447,0.019417475728155338,0,149758,1009,6.737536558981824,6.877762790635559e-4,0,910,910,672,238,0,0,0,0,6.0764700383285035,0,NA,-6.877762790635559e-4,0,69,75,72,TRUE,FALSE,FALSE,72,75,TRUE,TRUE,TRUE
2020,Para-Alpine Skiing,Para-Alpine Skiing,Para-Alpine Skiing,Paralympic sports/disciplines,96,19,77,95,1,0,1,1,2020_anti-doping_testing_figures_en.pdf,wada_testing_2020_sport_totals.csv,0,TRUE,Para-Alpine Skiing,1,Para-Alpine Skiing,IPC,IPC,1,0,1,0,0,0,0,0,0,TRUE,FALSE,TRUE,672,238,910,TRUE,10.416666666666666,0.19791666666666666,0.8020833333333334,0.9895833333333334,0.010416666666666666,0,149758,1009,6.737536558981824,6.410342018456443e-4,9.910802775024777e-4,910,910,672,238,0,0,0,0,6.0764700383285035,0,0,-6.410342018456443e-4,0,70,55,72,FALSE,FALSE,FALSE,NA,NA,TRUE,TRUE,FALSE
2020,Wushu,Wushu,Wushu,ARISF recognized sports,84,5,79,84,0,0,1,1,2020_anti-doping_testing_figures_en.pdf,wada_testing_2020_sport_totals.csv,0,TRUE,Wushu,1,Wushu,ARISF,ARISF,1,0,0,0,0,1,0,1,1,TRUE,FALSE,TRUE,672,238,910,TRUE,11.904761904761903,0.05952380952380952,0.9404761904761905,1,0,0,149758,1009,6.737536558981824,5.609049266149387e-4,9.910802775024777e-4,910,910,672,238,0.001098901098901099,11.904761904761903,11.904761904761903,0,6.0764700383285035,1.9591575091575089,1,5.379961722861602e-4,1.9591575091575093,71,55,47,FALSE,FALSE,FALSE,NA,NA,TRUE,TRUE,FALSE
2020,Kabaddi,Kabaddi,Kabaddi,Other sports/disciplines - Non-Code Signatories,82,30,52,82,0,0,7,1,2020_anti-doping_testing_figures_en.pdf,wada_testing_2020_sport_totals.csv,0,TRUE,Kabaddi,1,Kabaddi,Other Sports - Non-Code Signatories,Other Sports - Non-Code Signatories,7,0,0,0,0,7,0,7,1,TRUE,FALSE,TRUE,672,238,910,TRUE,85.3658536585366,0.36585365853658536,0.6341463414634146,1,0,0,149758,1009,6.737536558981824,5.475500474098211e-4,0.006937561942517344,910,910,672,238,0.007692307692307693,85.3658536585366,85.3658536585366,0,6.0764700383285035,14.048592870544091,1,0.007144757644897872,14.048592870544091,72,23,22,FALSE,FALSE,FALSE,NA,NA,TRUE,TRUE,FALSE
2020,Kettlebell,Kettlebell,Kettlebell,Other sports/disciplines from Code Signatories,76,43,33,64,12,0,1,1,2020_anti-doping_testing_figures_en.pdf,wada_testing_2020_sport_totals.csv,0,TRUE,Kettlebell Lifting,1,Kettlebell Lifting,Other Code Signatories,Other Code Signatories,1,0,0,0,0,1,0,1,1,TRUE,FALSE,TRUE,672,238,910,TRUE,13.157894736842104,0.5657894736842105,0.4342105263157895,0.8421052631578947,0.15789473684210525,0,149758,1009,6.737536558981824,5.074854097944684e-4,9.910802775024777e-4,910,910,672,238,0.001098901098901099,13.157894736842104,13.157894736842104,0,6.0764700383285035,2.1653846153846152,1,5.914156891066305e-4,2.1653846153846152,73,55,47,FALSE,FALSE,FALSE,NA,NA,TRUE,TRUE,FALSE
2020,Bandy,Bandy,Bandy,ARISF recognized sports,69,61,8,69,0,0,0,1,2020_anti-doping_testing_figures_en.pdf,wada_testing_2020_sport_totals.csv,0,TRUE,NA,NA,NA,NA,NA,0,0,0,0,0,0,0,0,NA,NA,NA,FALSE,672,238,910,TRUE,0,0.8840579710144928,0.11594202898550725,1,0,0,149758,1009,6.737536558981824,4.6074333257655685e-4,0,910,910,672,238,0,0,0,0,6.0764700383285035,0,NA,-4.6074333257655685e-4,0,74,75,72,FALSE,FALSE,FALSE,NA,NA,TRUE,TRUE,TRUE
2020,Mountaineering and Climbing,Mountaineering and Climbing,Mountaineering and Climbing,ARISF recognized sports,68,45,23,64,4,0,0,1,2020_anti-doping_testing_figures_en.pdf,wada_testing_2020_sport_totals.csv,0,TRUE,NA,NA,NA,NA,NA,0,0,0,0,0,0,0,0,NA,NA,NA,FALSE,672,238,910,TRUE,0,0.6617647058823529,0.3382352941176471,0.9411764705882353,0.058823529411764705,0,149758,1009,6.737536558981824,4.5406589297399805e-4,0,910,910,672,238,0,0,0,0,6.0764700383285035,0,NA,-4.5406589297399805e-4,0,75,75,72,FALSE,FALSE,FALSE,NA,NA,TRUE,TRUE,TRUE
2020,Sitting Volleyball,Sitting Volleyball,Sitting Volleyball (R),Sports for Athletes with an Impairment,68,6,58,64,0,0,1,1,2020_anti-doping_testing_figures_en.pdf,wada_testing_2020_sport_totals.csv,1,TRUE,Sitting Volleyball,1,ParaVolley,Sports for Athletes with an Impairment,Sports for Athletes with an Impairment,1,0,0,0,0,1,0,1,1,TRUE,FALSE,TRUE,672,238,910,TRUE,14.705882352941176,0.08823529411764706,0.8529411764705882,0.9411764705882353,0,0,149758,1009,6.737536558981824,4.5406589297399805e-4,9.910802775024777e-4,910,910,672,238,0.001098901098901099,14.705882352941176,14.705882352941176,0,6.0764700383285035,2.4201357466063347,1,6.448352059271009e-4,2.4201357466063347,75,55,47,FALSE,FALSE,FALSE,NA,NA,TRUE,TRUE,FALSE
2020,Water Skiing,Water Skiing,Water Skiing,ARISF recognized sports,62,26,36,58,4,0,0,1,2020_anti-doping_testing_figures_en.pdf,wada_testing_2020_sport_totals.csv,0,TRUE,NA,NA,NA,NA,NA,0,0,0,0,0,0,0,0,NA,NA,NA,FALSE,672,238,910,TRUE,0,0.41935483870967744,0.5806451612903226,0.9354838709677419,0.06451612903225806,0,149758,1009,6.737536558981824,4.140012553586453e-4,0,910,910,672,238,0,0,0,0,6.0764700383285035,0,NA,-4.140012553586453e-4,0,77,75,72,FALSE,FALSE,FALSE,NA,NA,TRUE,TRUE,TRUE
2020,Icestocksport,Icestocksport,Icestocksport,ARISF recognized sports,52,37,15,47,5,0,0,1,2020_anti-doping_testing_figures_en.pdf,wada_testing_2020_sport_totals.csv,0,TRUE,NA,NA,NA,NA,NA,0,0,0,0,0,0,0,0,NA,NA,NA,FALSE,672,238,910,TRUE,0,0.7115384615384616,0.28846153846153844,0.9038461538461539,0.09615384615384616,0,149758,1009,6.737536558981824,3.472268593330573e-4,0,910,910,672,238,0,0,0,0,6.0764700383285035,0,NA,-3.472268593330573e-4,0,78,75,72,FALSE,FALSE,FALSE,NA,NA,TRUE,TRUE,TRUE
2020,Other Rugby,Other Rugby,Other Rugby,Sports for Athletes with an Impairment,48,10,38,48,0,0,0,1,2020_anti-doping_testing_figures_en.pdf,wada_testing_2020_sport_totals.csv,0,TRUE,NA,NA,NA,NA,NA,0,0,0,0,0,0,0,0,NA,NA,NA,FALSE,672,238,910,TRUE,0,0.20833333333333334,0.7916666666666666,1,0,0,149758,1009,6.737536558981824,3.2051710092282216e-4,0,910,910,672,238,0,0,0,0,6.0764700383285035,0,NA,-3.2051710092282216e-4,0,79,75,72,FALSE,FALSE,FALSE,NA,NA,TRUE,TRUE,TRUE
2020,Arm Wrestling,Arm Wrestling,Arm Wrestling,AIMS sports,47,18,29,47,0,0,2,1,2020_anti-doping_testing_figures_en.pdf,wada_testing_2020_sport_totals.csv,0,TRUE,Arm Wrestling,1,Arm Wrestling,AIMS,AIMS,2,0,0,0,0,2,0,2,1,TRUE,FALSE,TRUE,672,238,910,TRUE,42.5531914893617,0.3829787234042553,0.6170212765957447,1,0,0,149758,1009,6.737536558981824,3.1383966132026336e-4,0.0019821605550049554,910,910,672,238,0.002197802197802198,42.5531914893617,42.5531914893617,0,6.0764700383285035,7.002945990180033,1,0.0018839625364819345,7.002945990180033,80,48,41,FALSE,FALSE,FALSE,NA,NA,TRUE,TRUE,FALSE
2020,Goalball,Goalball,Goalball,Sports for Athletes with an Impairment,46,25,21,45,1,0,3,1,2020_anti-doping_testing_figures_en.pdf,wada_testing_2020_sport_totals.csv,0,TRUE,Goalball,1,Goalball,Sports for Athletes with an Impairment,Sports for Athletes with an Impairment,3,0,1,0,2,0,0,0,0,TRUE,FALSE,TRUE,672,238,910,TRUE,65.21739130434783,0.5434782608695652,0.45652173913043476,0.9782608695652174,0.021739130434782608,0,149758,1009,6.737536558981824,3.0716222171770456e-4,0.002973240832507433,910,910,672,238,0,0,0,0,6.0764700383285035,0,0,-3.0716222171770456e-4,0,81,41,72,FALSE,FALSE,FALSE,NA,NA,TRUE,TRUE,FALSE
2020,Korfball,Korfball,Korfball,ARISF recognized sports,40,31,9,36,4,0,0,1,2020_anti-doping_testing_figures_en.pdf,wada_testing_2020_sport_totals.csv,0,TRUE,NA,NA,NA,NA,NA,0,0,0,0,0,0,0,0,NA,NA,NA,FALSE,672,238,910,TRUE,0,0.775,0.225,0.9,0.1,0,149758,1009,6.737536558981824,2.670975841023518e-4,0,910,910,672,238,0,0,0,0,6.0764700383285035,0,NA,-2.670975841023518e-4,0,82,75,72,FALSE,FALSE,FALSE,NA,NA,TRUE,TRUE,TRUE
2020,Tug of War,Tug of War,Tug of War,ARISF recognized sports,40,32,8,38,2,0,1,1,2020_anti-doping_testing_figures_en.pdf,wada_testing_2020_sport_totals.csv,0,TRUE,Tug of War,1,Tug of War,ARISF,ARISF,1,0,0,0,0,1,0,1,1,TRUE,FALSE,TRUE,672,238,910,TRUE,25,0.8,0.2,0.95,0.05,0,149758,1009,6.737536558981824,2.670975841023518e-4,9.910802775024777e-4,910,910,672,238,0.001098901098901099,25,25,0,6.0764700383285035,4.114230769230769,1,8.318035147987471e-4,4.114230769230769,82,55,47,FALSE,FALSE,FALSE,NA,NA,TRUE,TRUE,FALSE
2020,Para-Ice Hockey,Para-Ice Hockey,Para-Ice Hockey,Paralympic sports/disciplines,38,13,25,36,2,0,1,1,2020_anti-doping_testing_figures_en.pdf,wada_testing_2020_sport_totals.csv,0,TRUE,Para-Ice Hockey,1,Para-Ice Hockey,IPC,IPC,1,0,0,0,0,1,0,1,1,TRUE,FALSE,TRUE,672,238,910,TRUE,26.31578947368421,0.34210526315789475,0.6578947368421053,0.9473684210526315,0.05263157894736842,0,149758,1009,6.737536558981824,2.537427048972342e-4,9.910802775024777e-4,910,910,672,238,0.001098901098901099,26.31578947368421,26.31578947368421,0,6.0764700383285035,4.3307692307692305,1,8.451583940038646e-4,4.3307692307692305,84,55,47,FALSE,FALSE,FALSE,NA,NA,TRUE,TRUE,FALSE
2020,Boules Sports,Boules Sports,Boules,ARISF recognized sports,33,27,6,33,0,0,2,1,2020_anti-doping_testing_figures_en.pdf,wada_testing_2020_sport_totals.csv,0,TRUE,Boules Sports,1,Boules Sports,ARISF,ARISF,2,1,0,0,1,0,0,0,0,TRUE,FALSE,TRUE,672,238,910,TRUE,60.60606060606061,0.8181818181818182,0.18181818181818182,1,0,0,149758,1009,6.737536558981824,2.2035550688444022e-4,0.0019821605550049554,910,910,672,238,0,0,0,0,6.0764700383285035,0,0,-2.2035550688444022e-4,0,85,48,72,FALSE,FALSE,FALSE,NA,NA,TRUE,TRUE,FALSE
2020,Shooting Para Sport,Shooting Para Sport,Shooting Para Sport,Paralympic sports/disciplines,33,9,24,33,0,0,0,1,2020_anti-doping_testing_figures_en.pdf,wada_testing_2020_sport_totals.csv,0,TRUE,NA,NA,NA,NA,NA,0,0,0,0,0,0,0,0,NA,NA,NA,FALSE,672,238,910,TRUE,0,0.2727272727272727,0.7272727272727273,1,0,0,149758,1009,6.737536558981824,2.2035550688444022e-4,0,910,910,672,238,0,0,0,0,6.0764700383285035,0,NA,-2.2035550688444022e-4,0,85,75,72,FALSE,FALSE,FALSE,NA,NA,TRUE,TRUE,TRUE
2020,Para-Snowboard,Para-Snowboard,Para-Snowboard,Paralympic sports/disciplines,32,4,28,32,0,0,1,1,2020_anti-doping_testing_figures_en.pdf,wada_testing_2020_sport_totals.csv,0,TRUE,Para-Snowboard,1,Para-Snowboard,IPC,IPC,1,0,0,0,0,1,0,1,1,TRUE,FALSE,TRUE,672,238,910,TRUE,31.25,0.125,0.875,1,0,0,149758,1009,6.737536558981824,2.1367806728188142e-4,9.910802775024777e-4,910,910,672,238,0.001098901098901099,31.25,31.25,0,6.0764700383285035,5.142788461538461,1,8.852230316192175e-4,5.142788461538462,87,55,47,FALSE,FALSE,FALSE,NA,NA,TRUE,TRUE,FALSE
2020,Billiards,Billiards,Billiards,ARISF recognized sports,29,21,8,29,0,0,1,1,2020_anti-doping_testing_figures_en.pdf,wada_testing_2020_sport_totals.csv,0,TRUE,Billiards Sports,1,Billiards Sports,ARISF,ARISF,1,0,0,0,0,1,0,1,1,TRUE,FALSE,TRUE,672,238,910,TRUE,34.48275862068965,0.7241379310344828,0.27586206896551724,1,0,0,149758,1009,6.737536558981824,1.9364574847420505e-4,9.910802775024777e-4,910,910,672,238,0.001098901098901099,34.48275862068965,34.48275862068965,0,6.0764700383285035,5.6748010610079564,1,9.052553504268939e-4,5.674801061007957,88,55,47,FALSE,FALSE,FALSE,NA,NA,TRUE,TRUE,FALSE
2020,Heavy Events,Heavy Events,Heavy Events (R),Other sports/disciplines - Non-Code Signatories,29,19,10,29,0,0,0,1,2020_anti-doping_testing_figures_en.pdf,wada_testing_2020_sport_totals.csv,0,TRUE,NA,NA,NA,NA,NA,0,0,0,0,0,0,0,0,NA,NA,NA,FALSE,672,238,910,TRUE,0,0.6551724137931034,0.3448275862068966,1,0,0,149758,1009,6.737536558981824,1.9364574847420505e-4,0,910,910,672,238,0,0,0,0,6.0764700383285035,0,NA,-1.9364574847420505e-4,0,88,75,72,FALSE,FALSE,FALSE,NA,NA,TRUE,TRUE,TRUE
2020,Dragon Boat,Dragon Boat,Dragon Boat,AIMS sports,26,0,26,25,1,0,0,1,2020_anti-doping_testing_figures_en.pdf,wada_testing_2020_sport_totals.csv,0,TRUE,NA,NA,NA,NA,NA,0,0,0,0,0,0,0,0,NA,NA,NA,FALSE,672,238,910,TRUE,0,0,1,0.9615384615384616,0.038461538461538464,0,149758,1009,6.737536558981824,1.7361342966652865e-4,0,910,910,672,238,0,0,0,0,6.0764700383285035,0,NA,-1.7361342966652865e-4,0,90,75,72,FALSE,FALSE,FALSE,NA,NA,TRUE,TRUE,TRUE
2020,Air Sports,Air Sports,Air,ARISF recognized sports,22,12,10,22,0,0,0,1,2020_anti-doping_testing_figures_en.pdf,wada_testing_2020_sport_totals.csv,0,TRUE,Air Sports,1,Air Sports,NA,NA,0,0,0,0,0,0,1,1,NA,FALSE,TRUE,TRUE,672,238,910,TRUE,0,0.5454545454545454,0.45454545454545453,1,0,0,149758,1009,6.737536558981824,1.4690367125629348e-4,0,910,910,672,238,0.001098901098901099,45.45454545454545,0,45.45454545454545,6.0764700383285035,7.48041958041958,NA,9.519974276448054e-4,7.48041958041958,91,75,47,FALSE,FALSE,FALSE,NA,NA,TRUE,TRUE,FALSE
2020,Savate,Savate,Savate,AIMS sports,22,13,9,22,0,0,0,1,2020_anti-doping_testing_figures_en.pdf,wada_testing_2020_sport_totals.csv,0,TRUE,NA,NA,NA,NA,NA,0,0,0,0,0,0,0,0,NA,NA,NA,FALSE,672,238,910,TRUE,0,0.5909090909090909,0.4090909090909091,1,0,0,149758,1009,6.737536558981824,1.4690367125629348e-4,0,910,910,672,238,0,0,0,0,6.0764700383285035,0,NA,-1.4690367125629348e-4,0,91,75,72,FALSE,FALSE,FALSE,NA,NA,TRUE,TRUE,TRUE
2020,Power Press,Power Press,Power Press (R),Other sports/disciplines - Non-Code Signatories,21,12,9,21,0,0,0,1,2020_anti-doping_testing_figures_en.pdf,wada_testing_2020_sport_totals.csv,0,TRUE,NA,NA,NA,NA,NA,0,0,0,0,0,0,0,0,NA,NA,NA,FALSE,672,238,910,TRUE,0,0.5714285714285714,0.42857142857142855,1,0,0,149758,1009,6.737536558981824,1.4022623165373468e-4,0,910,910,672,238,0,0,0,0,6.0764700383285035,0,NA,-1.4022623165373468e-4,0,93,75,72,FALSE,FALSE,FALSE,NA,NA,TRUE,TRUE,TRUE
2020,Sepaktakraw,Sepaktakraw,Sepaktakraw,AIMS sports,19,0,19,19,0,0,0,1,2020_anti-doping_testing_figures_en.pdf,wada_testing_2020_sport_totals.csv,0,TRUE,NA,NA,NA,NA,NA,0,0,0,0,0,0,0,0,NA,NA,NA,FALSE,672,238,910,TRUE,0,0,1,1,0,0,149758,1009,6.737536558981824,1.268713524486171e-4,0,910,910,672,238,0,0,0,0,6.0764700383285035,0,NA,-1.268713524486171e-4,0,94,75,72,FALSE,FALSE,FALSE,NA,NA,TRUE,TRUE,TRUE
2020,Chess,Chess,Chess,ARISF recognized sports,18,16,2,18,0,0,0,1,2020_anti-doping_testing_figures_en.pdf,wada_testing_2020_sport_totals.csv,0,TRUE,NA,NA,NA,NA,NA,0,0,0,0,0,0,0,0,NA,NA,NA,FALSE,672,238,910,TRUE,0,0.8888888888888888,0.1111111111111111,1,0,0,149758,1009,6.737536558981824,1.2019391284605831e-4,0,910,910,672,238,0,0,0,0,6.0764700383285035,0,NA,-1.2019391284605831e-4,0,95,75,72,FALSE,FALSE,FALSE,NA,NA,TRUE,TRUE,TRUE
2020,Soft Tennis,Soft Tennis,Soft Tennis,AIMS sports,17,17,0,17,0,0,0,1,2020_anti-doping_testing_figures_en.pdf,wada_testing_2020_sport_totals.csv,0,TRUE,NA,NA,NA,NA,NA,0,0,0,0,0,0,0,0,NA,NA,NA,FALSE,672,238,910,TRUE,0,1,0,1,0,0,149758,1009,6.737536558981824,1.1351647324349951e-4,0,910,910,672,238,0,0,0,0,6.0764700383285035,0,NA,-1.1351647324349951e-4,0,96,75,72,FALSE,FALSE,FALSE,NA,NA,TRUE,TRUE,TRUE
2020,Sumo,Sumo,Sumo,ARISF recognized sports,17,8,9,17,0,0,0,1,2020_anti-doping_testing_figures_en.pdf,wada_testing_2020_sport_totals.csv,0,TRUE,Sumo,1,Sumo,NA,NA,0,0,0,0,0,0,1,1,NA,FALSE,TRUE,TRUE,672,238,910,TRUE,0,0.47058823529411764,0.5294117647058824,1,0,0,149758,1009,6.737536558981824,1.1351647324349951e-4,0,910,910,672,238,0.001098901098901099,58.8235294117647,0,58.8235294117647,6.0764700383285035,9.680542986425339,NA,9.853846256575995e-4,9.680542986425339,96,75,47,FALSE,FALSE,FALSE,NA,NA,TRUE,TRUE,FALSE
2020,Basque Pelota,Basque Pelota,Basque Pelota,ARISF recognized sports | Other sports/disciplines - Non-Code Signatories,15,15,0,15,0,0,1,2,2020_anti-doping_testing_figures_en.pdf,wada_testing_2020_sport_totals.csv,0,TRUE,Basque Pelota,1,Basque Pelota,ARISF,ARISF,1,0,0,0,0,1,0,1,1,TRUE,FALSE,TRUE,672,238,910,TRUE,66.66666666666667,1,0,1,0,0,149758,1009,6.737536558981824,1.0016159403838193e-4,9.910802775024777e-4,910,910,672,238,0.001098901098901099,66.66666666666667,66.66666666666667,0,6.0764700383285035,10.971282051282051,1,9.98739504862717e-4,10.971282051282051,98,55,47,FALSE,FALSE,FALSE,NA,NA,TRUE,TRUE,FALSE
2020,Cheer,Cheer,Cheer,ARISF recognized sports,15,1,14,15,0,0,0,1,2020_anti-doping_testing_figures_en.pdf,wada_testing_2020_sport_totals.csv,0,TRUE,NA,NA,NA,NA,NA,0,0,0,0,0,0,0,0,NA,NA,NA,FALSE,672,238,910,TRUE,0,0.06666666666666667,0.9333333333333333,1,0,0,149758,1009,6.737536558981824,1.0016159403838193e-4,0,910,910,672,238,0,0,0,0,6.0764700383285035,0,NA,-1.0016159403838193e-4,0,98,75,72,FALSE,FALSE,FALSE,NA,NA,TRUE,TRUE,TRUE
2020,Racquetball,Racquetball,Racquetball,ARISF recognized sports,15,9,6,15,0,0,0,1,2020_anti-doping_testing_figures_en.pdf,wada_testing_2020_sport_totals.csv,0,TRUE,NA,NA,NA,NA,NA,0,0,0,0,0,0,0,0,NA,NA,NA,FALSE,672,238,910,TRUE,0,0.6,0.4,1,0,0,149758,1009,6.737536558981824,1.0016159403838193e-4,0,910,910,672,238,0,0,0,0,6.0764700383285035,0,NA,-1.0016159403838193e-4,0,98,75,72,FALSE,FALSE,FALSE,NA,NA,TRUE,TRUE,TRUE
2020,Friskis & Svettis,Friskis & Svettis,Friskis & Svettis (R),Other sports/disciplines - Non-Code Signatories,14,0,14,14,0,0,0,1,2020_anti-doping_testing_figures_en.pdf,wada_testing_2020_sport_totals.csv,0,TRUE,NA,NA,NA,NA,NA,0,0,0,0,0,0,0,0,NA,NA,NA,FALSE,672,238,910,TRUE,0,0,1,1,0,0,149758,1009,6.737536558981824,9.348415443582313e-5,0,910,910,672,238,0,0,0,0,6.0764700383285035,0,NA,-9.348415443582313e-5,0,101,75,72,FALSE,FALSE,FALSE,NA,NA,TRUE,TRUE,TRUE
2020,Para-Biathlon,Para-Biathlon,Para-Biathlon,Paralympic sports/disciplines,14,2,12,13,1,0,0,1,2020_anti-doping_testing_figures_en.pdf,wada_testing_2020_sport_totals.csv,0,TRUE,NA,NA,NA,NA,NA,0,0,0,0,0,0,0,0,NA,NA,NA,FALSE,672,238,910,TRUE,0,0.14285714285714285,0.8571428571428571,0.9285714285714286,0.07142857142857142,0,149758,1009,6.737536558981824,9.348415443582313e-5,0,910,910,672,238,0,0,0,0,6.0764700383285035,0,NA,-9.348415443582313e-5,0,101,75,72,FALSE,FALSE,FALSE,NA,NA,TRUE,TRUE,TRUE
2020,Boccia,Boccia,Boccia,Sports for Athletes with an Impairment,13,2,11,13,0,0,0,1,2020_anti-doping_testing_figures_en.pdf,wada_testing_2020_sport_totals.csv,0,TRUE,NA,NA,NA,NA,NA,0,0,0,0,0,0,0,0,NA,NA,NA,FALSE,672,238,910,TRUE,0,0.15384615384615385,0.8461538461538461,1,0,0,149758,1009,6.737536558981824,8.680671483326433e-5,0,910,910,672,238,0,0,0,0,6.0764700383285035,0,NA,-8.680671483326433e-5,0,103,75,72,FALSE,FALSE,FALSE,NA,NA,TRUE,TRUE,TRUE
2020,Chin-up,Chin-up,Chin-up (R),Other sports/disciplines - Non-Code Signatories,10,7,3,10,0,0,0,1,2020_anti-doping_testing_figures_en.pdf,wada_testing_2020_sport_totals.csv,0,TRUE,NA,NA,NA,NA,NA,0,0,0,0,0,0,0,0,NA,NA,NA,FALSE,672,238,910,TRUE,0,0.7,0.3,1,0,0,149758,1009,6.737536558981824,6.677439602558796e-5,0,910,910,672,238,0,0,0,0,6.0764700383285035,0,NA,-6.677439602558796e-5,0,104,75,72,FALSE,FALSE,FALSE,NA,NA,TRUE,TRUE,TRUE
2020,Traditional Archery,Traditional Archery,Traditional Archery (R),Other sports/disciplines - Non-Code Signatories,10,10,0,10,0,0,0,1,2020_anti-doping_testing_figures_en.pdf,wada_testing_2020_sport_totals.csv,0,TRUE,NA,NA,NA,NA,NA,0,0,0,0,0,0,0,0,NA,NA,NA,FALSE,672,238,910,TRUE,0,1,0,1,0,0,149758,1009,6.737536558981824,6.677439602558796e-5,0,910,910,672,238,0,0,0,0,6.0764700383285035,0,NA,-6.677439602558796e-5,0,104,75,72,FALSE,FALSE,FALSE,NA,NA,TRUE,TRUE,TRUE
2020,Bridge,Bridge,Bridge,ARISF recognized sports,9,9,0,9,0,0,0,1,2020_anti-doping_testing_figures_en.pdf,wada_testing_2020_sport_totals.csv,0,TRUE,NA,NA,NA,NA,NA,0,0,0,0,0,0,0,0,NA,NA,NA,FALSE,672,238,910,TRUE,0,1,0,1,0,0,149758,1009,6.737536558981824,6.0096956423029156e-5,0,910,910,672,238,0,0,0,0,6.0764700383285035,0,NA,-6.0096956423029156e-5,0,106,75,72,FALSE,FALSE,FALSE,NA,NA,TRUE,TRUE,TRUE
2020,Fistball,Fistball,Fistball,AIMS sports,9,0,9,8,1,0,0,1,2020_anti-doping_testing_figures_en.pdf,wada_testing_2020_sport_totals.csv,0,TRUE,NA,NA,NA,NA,NA,0,0,0,0,0,0,0,0,NA,NA,NA,FALSE,672,238,910,TRUE,0,0,1,0.8888888888888888,0.1111111111111111,0,149758,1009,6.737536558981824,6.0096956423029156e-5,0,910,910,672,238,0,0,0,0,6.0764700383285035,0,NA,-6.0096956423029156e-5,0,106,75,72,FALSE,FALSE,FALSE,NA,NA,TRUE,TRUE,TRUE
2020,Bowling,Bowling,Bowling,ARISF recognized sports | Other sports/disciplines - Non-Code Signatories,8,6,2,8,0,0,0,2,2020_anti-doping_testing_figures_en.pdf,wada_testing_2020_sport_totals.csv,0,TRUE,NA,NA,NA,NA,NA,0,0,0,0,0,0,0,0,NA,NA,NA,FALSE,672,238,910,TRUE,0,0.75,0.25,1,0,0,149758,1009,6.737536558981824,5.3419516820470356e-5,0,910,910,672,238,0,0,0,0,6.0764700383285035,0,NA,-5.3419516820470356e-5,0,108,75,72,FALSE,FALSE,FALSE,NA,NA,TRUE,TRUE,TRUE
2020,Minigolf,Minigolf,Minigolf,AIMS sports,8,0,8,8,0,0,0,1,2020_anti-doping_testing_figures_en.pdf,wada_testing_2020_sport_totals.csv,0,TRUE,NA,NA,NA,NA,NA,0,0,0,0,0,0,0,0,NA,NA,NA,FALSE,672,238,910,TRUE,0,0,1,1,0,0,149758,1009,6.737536558981824,5.3419516820470356e-5,0,910,910,672,238,0,0,0,0,6.0764700383285035,0,NA,-5.3419516820470356e-5,0,108,75,72,FALSE,FALSE,FALSE,NA,NA,TRUE,TRUE,TRUE
2020,Ringette,Ringette,Ringette (R),Other sports/disciplines - Non-Code Signatories,8,4,4,8,0,0,0,1,2020_anti-doping_testing_figures_en.pdf,wada_testing_2020_sport_totals.csv,0,TRUE,NA,NA,NA,NA,NA,0,0,0,0,0,0,0,0,NA,NA,NA,FALSE,672,238,910,TRUE,0,0.5,0.5,1,0,0,149758,1009,6.737536558981824,5.3419516820470356e-5,0,910,910,672,238,0,0,0,0,6.0764700383285035,0,NA,-5.3419516820470356e-5,0,108,75,72,FALSE,FALSE,FALSE,NA,NA,TRUE,TRUE,TRUE
2020,Touch Football,Touch Football,Touch Football (R),Other sports/disciplines - Non-Code Signatories,8,8,0,8,0,0,0,1,2020_anti-doping_testing_figures_en.pdf,wada_testing_2020_sport_totals.csv,0,TRUE,NA,NA,NA,NA,NA,0,0,0,0,0,0,0,0,NA,NA,NA,FALSE,672,238,910,TRUE,0,1,0,1,0,0,149758,1009,6.737536558981824,5.3419516820470356e-5,0,910,910,672,238,0,0,0,0,6.0764700383285035,0,NA,-5.3419516820470356e-5,0,108,75,72,FALSE,FALSE,FALSE,NA,NA,TRUE,TRUE,TRUE
2020,Lacrosse,Lacrosse,Lacrosse,AIMS sports,7,4,3,7,0,0,0,1,2020_anti-doping_testing_figures_en.pdf,wada_testing_2020_sport_totals.csv,0,TRUE,NA,NA,NA,NA,NA,0,0,0,0,0,0,0,0,NA,NA,NA,FALSE,672,238,910,TRUE,0,0.5714285714285714,0.42857142857142855,1,0,0,149758,1009,6.737536558981824,4.674207721791156e-5,0,910,910,672,238,0,0,0,0,6.0764700383285035,0,NA,-4.674207721791156e-5,0,112,75,72,FALSE,FALSE,FALSE,NA,NA,TRUE,TRUE,TRUE
2020,Powerboating,Powerboating,Powerboating,ARISF recognized sports,7,2,5,6,1,0,1,1,2020_anti-doping_testing_figures_en.pdf,wada_testing_2020_sport_totals.csv,0,TRUE,Powerboating,1,Powerboating,ARISF,ARISF,1,0,0,0,0,1,0,1,1,TRUE,FALSE,TRUE,672,238,910,TRUE,142.85714285714286,0.2857142857142857,0.7142857142857143,0.8571428571428571,0.14285714285714285,0,149758,1009,6.737536558981824,4.674207721791156e-5,9.910802775024777e-4,910,910,672,238,0.001098901098901099,142.85714285714286,142.85714285714286,0,6.0764700383285035,23.509890109890108,1,0.0010521590216831874,23.50989010989011,112,55,47,FALSE,FALSE,FALSE,NA,NA,TRUE,TRUE,FALSE
2020,Football 5-a-Side,Football 5-a-Side,Football 5-a-Side,Sports for Athletes with an Impairment,6,4,2,6,0,0,0,1,2020_anti-doping_testing_figures_en.pdf,wada_testing_2020_sport_totals.csv,0,TRUE,NA,NA,NA,NA,NA,0,0,0,0,0,0,0,0,NA,NA,NA,FALSE,672,238,910,TRUE,0,0.6666666666666666,0.3333333333333333,1,0,0,149758,1009,6.737536558981824,4.006463761535277e-5,0,910,910,672,238,0,0,0,0,6.0764700383285035,0,NA,-4.006463761535277e-5,0,114,75,72,FALSE,FALSE,FALSE,NA,NA,TRUE,TRUE,TRUE
2020,Kendo,Kendo,Kendo,AIMS sports,6,2,4,6,0,0,0,1,2020_anti-doping_testing_figures_en.pdf,wada_testing_2020_sport_totals.csv,0,TRUE,NA,NA,NA,NA,NA,0,0,0,0,0,0,0,0,NA,NA,NA,FALSE,672,238,910,TRUE,0,0.3333333333333333,0.6666666666666666,1,0,0,149758,1009,6.737536558981824,4.006463761535277e-5,0,910,910,672,238,0,0,0,0,6.0764700383285035,0,NA,-4.006463761535277e-5,0,114,75,72,FALSE,FALSE,FALSE,NA,NA,TRUE,TRUE,TRUE
2020,Sleddog,Sleddog,Sleddog,AIMS sports,6,6,0,6,0,0,0,1,2020_anti-doping_testing_figures_en.pdf,wada_testing_2020_sport_totals.csv,0,TRUE,NA,NA,NA,NA,NA,0,0,0,0,0,0,0,0,NA,NA,NA,FALSE,672,238,910,TRUE,0,1,0,1,0,0,149758,1009,6.737536558981824,4.006463761535277e-5,0,910,910,672,238,0,0,0,0,6.0764700383285035,0,NA,-4.006463761535277e-5,0,114,75,72,FALSE,FALSE,FALSE,NA,NA,TRUE,TRUE,TRUE
2020,Aesthetic Group Gymnastics,Aesthetic Group Gymnastics,Aesthetic Group Gymnastics (R),Other sports/disciplines - Non-Code Signatories,5,3,2,5,0,0,0,1,2020_anti-doping_testing_figures_en.pdf,wada_testing_2020_sport_totals.csv,0,TRUE,NA,NA,NA,NA,NA,0,0,0,0,0,0,0,0,NA,NA,NA,FALSE,672,238,910,TRUE,0,0.6,0.4,1,0,0,149758,1009,6.737536558981824,3.338719801279398e-5,0,910,910,672,238,0,0,0,0,6.0764700383285035,0,NA,-3.338719801279398e-5,0,117,75,72,FALSE,FALSE,FALSE,NA,NA,TRUE,TRUE,TRUE
2020,Football 7-a-Side,Football 7-a-Side,Football 7-a-Side,Sports for Athletes with an Impairment,5,2,3,5,0,0,0,1,2020_anti-doping_testing_figures_en.pdf,wada_testing_2020_sport_totals.csv,0,TRUE,NA,NA,NA,NA,NA,0,0,0,0,0,0,0,0,NA,NA,NA,FALSE,672,238,910,TRUE,0,0.4,0.6,1,0,0,149758,1009,6.737536558981824,3.338719801279398e-5,0,910,910,672,238,0,0,0,0,6.0764700383285035,0,NA,-3.338719801279398e-5,0,117,75,72,FALSE,FALSE,FALSE,NA,NA,TRUE,TRUE,TRUE
2020,Kho Kho,Kho Kho,Kho Kho (R),Other sports/disciplines - Non-Code Signatories,5,5,0,5,0,0,0,1,2020_anti-doping_testing_figures_en.pdf,wada_testing_2020_sport_totals.csv,0,TRUE,NA,NA,NA,NA,NA,0,0,0,0,0,0,0,0,NA,NA,NA,FALSE,672,238,910,TRUE,0,1,0,1,0,0,149758,1009,6.737536558981824,3.338719801279398e-5,0,910,910,672,238,0,0,0,0,6.0764700383285035,0,NA,-3.338719801279398e-5,0,117,75,72,FALSE,FALSE,FALSE,NA,NA,TRUE,TRUE,TRUE
2020,Basque Sports,Basque Sports,Basque Sports (R),Other sports/disciplines - Non-Code Signatories,4,4,0,4,0,0,0,1,2020_anti-doping_testing_figures_en.pdf,wada_testing_2020_sport_totals.csv,0,TRUE,NA,NA,NA,NA,NA,0,0,0,0,0,0,0,0,NA,NA,NA,FALSE,672,238,910,TRUE,0,1,0,1,0,0,149758,1009,6.737536558981824,2.6709758410235178e-5,0,910,910,672,238,0,0,0,0,6.0764700383285035,0,NA,-2.6709758410235178e-5,0,120,75,72,FALSE,FALSE,FALSE,NA,NA,TRUE,TRUE,TRUE
2020,Padel,Padel,Padel (R),Other sports/disciplines - Non-Code Signatories,4,4,0,4,0,0,0,1,2020_anti-doping_testing_figures_en.pdf,wada_testing_2020_sport_totals.csv,0,TRUE,NA,NA,NA,NA,NA,0,0,0,0,0,0,0,0,NA,NA,NA,FALSE,672,238,910,TRUE,0,1,0,1,0,0,149758,1009,6.737536558981824,2.6709758410235178e-5,0,910,910,672,238,0,0,0,0,6.0764700383285035,0,NA,-2.6709758410235178e-5,0,120,75,72,FALSE,FALSE,FALSE,NA,NA,TRUE,TRUE,TRUE
2020,Pencak Silat,Pencak Silat,Pencak Silat (R),Other sports/disciplines - Non-Code Signatories,4,0,4,4,0,0,0,1,2020_anti-doping_testing_figures_en.pdf,wada_testing_2020_sport_totals.csv,0,TRUE,NA,NA,NA,NA,NA,0,0,0,0,0,0,0,0,NA,NA,NA,FALSE,672,238,910,TRUE,0,0,1,1,0,0,149758,1009,6.737536558981824,2.6709758410235178e-5,0,910,910,672,238,0,0,0,0,6.0764700383285035,0,NA,-2.6709758410235178e-5,0,120,75,72,FALSE,FALSE,FALSE,NA,NA,TRUE,TRUE,TRUE
2020,Sport Fishing,Sport Fishing,Sport Fishing,AIMS sports,4,4,0,4,0,0,0,1,2020_anti-doping_testing_figures_en.pdf,wada_testing_2020_sport_totals.csv,0,TRUE,Fishing,1,Fishing,NA,NA,0,0,0,0,0,0,1,1,NA,FALSE,TRUE,TRUE,672,238,910,TRUE,0,1,0,1,0,0,149758,1009,6.737536558981824,2.6709758410235178e-5,0,910,910,672,238,0.001098901098901099,250,0,250,6.0764700383285035,41.14230769230769,NA,0.0010721913404908637,41.142307692307696,120,75,47,FALSE,FALSE,FALSE,NA,NA,TRUE,TRUE,FALSE
2020,Flying Disc,Flying Disc,Flying Disc,ARISF recognized sports,3,3,0,2,1,0,0,1,2020_anti-doping_testing_figures_en.pdf,wada_testing_2020_sport_totals.csv,0,TRUE,NA,NA,NA,NA,NA,0,0,0,0,0,0,0,0,NA,NA,NA,FALSE,672,238,910,TRUE,0,1,0,0.6666666666666666,0.3333333333333333,0,149758,1009,6.737536558981824,2.0032318807676385e-5,0,910,910,672,238,0,0,0,0,6.0764700383285035,0,NA,-2.0032318807676385e-5,0,124,75,72,FALSE,FALSE,FALSE,NA,NA,TRUE,TRUE,TRUE
2020,Polo,Polo,Polo,ARISF recognized sports,3,0,3,3,0,0,0,1,2020_anti-doping_testing_figures_en.pdf,wada_testing_2020_sport_totals.csv,0,TRUE,NA,NA,NA,NA,NA,0,0,0,0,0,0,0,0,NA,NA,NA,FALSE,672,238,910,TRUE,0,0,1,1,0,0,149758,1009,6.737536558981824,2.0032318807676385e-5,0,910,910,672,238,0,0,0,0,6.0764700383285035,0,NA,-2.0032318807676385e-5,0,124,75,72,FALSE,FALSE,FALSE,NA,NA,TRUE,TRUE,TRUE
2020,Aikido,Aikido,Aikido,AIMS sports,2,2,0,2,0,0,0,1,2020_anti-doping_testing_figures_en.pdf,wada_testing_2020_sport_totals.csv,0,TRUE,NA,NA,NA,NA,NA,0,0,0,0,0,0,0,0,NA,NA,NA,FALSE,672,238,910,TRUE,0,1,0,1,0,0,149758,1009,6.737536558981824,1.3354879205117589e-5,0,910,910,672,238,0,0,0,0,6.0764700383285035,0,NA,-1.3354879205117589e-5,0,126,75,72,FALSE,FALSE,FALSE,NA,NA,TRUE,TRUE,TRUE
2020,Beach Tennis,Beach Tennis,Beach Tennis (R),Other sports/disciplines - Non-Code Signatories,2,0,2,1,1,0,0,1,2020_anti-doping_testing_figures_en.pdf,wada_testing_2020_sport_totals.csv,0,TRUE,NA,NA,NA,NA,NA,0,0,0,0,0,0,0,0,NA,NA,NA,FALSE,672,238,910,TRUE,0,0,1,0.5,0.5,0,149758,1009,6.737536558981824,1.3354879205117589e-5,0,910,910,672,238,0,0,0,0,6.0764700383285035,0,NA,-1.3354879205117589e-5,0,126,75,72,FALSE,FALSE,FALSE,NA,NA,TRUE,TRUE,TRUE
2020,Clay Target Shooting,Clay Target Shooting,Clay Target Shooting (R),Other sports/disciplines - Non-Code Signatories,2,2,0,2,0,0,0,1,2020_anti-doping_testing_figures_en.pdf,wada_testing_2020_sport_totals.csv,0,TRUE,NA,NA,NA,NA,NA,0,0,0,0,0,0,0,0,NA,NA,NA,FALSE,672,238,910,TRUE,0,1,0,1,0,0,149758,1009,6.737536558981824,1.3354879205117589e-5,0,910,910,672,238,0,0,0,0,6.0764700383285035,0,NA,-1.3354879205117589e-5,0,126,75,72,FALSE,FALSE,FALSE,NA,NA,TRUE,TRUE,TRUE
2020,Electronic Sports,Electronic Sports,Electronic,Other sports/disciplines from Code Signatories,2,2,0,2,0,0,0,1,2020_anti-doping_testing_figures_en.pdf,wada_testing_2020_sport_totals.csv,0,TRUE,NA,NA,NA,NA,NA,0,0,0,0,0,0,0,0,NA,NA,NA,FALSE,672,238,910,TRUE,0,1,0,1,0,0,149758,1009,6.737536558981824,1.3354879205117589e-5,0,910,910,672,238,0,0,0,0,6.0764700383285035,0,NA,-1.3354879205117589e-5,0,126,75,72,FALSE,FALSE,FALSE,NA,NA,TRUE,TRUE,TRUE
2020,Functional Fitness,Functional Fitness,Functional Fitness,Other sports/disciplines - Non-Code Signatories,2,0,2,2,0,0,0,1,2020_anti-doping_testing_figures_en.pdf,wada_testing_2020_sport_totals.csv,0,TRUE,NA,NA,NA,NA,NA,0,0,0,0,0,0,0,0,NA,NA,NA,FALSE,672,238,910,TRUE,0,0,1,1,0,0,149758,1009,6.737536558981824,1.3354879205117589e-5,0,910,910,672,238,0,0,0,0,6.0764700383285035,0,NA,-1.3354879205117589e-5,0,126,75,72,FALSE,FALSE,FALSE,NA,NA,TRUE,TRUE,TRUE
2020,Go,Go,Go,AIMS sports,2,2,0,2,0,0,0,1,2020_anti-doping_testing_figures_en.pdf,wada_testing_2020_sport_totals.csv,0,TRUE,NA,NA,NA,NA,NA,0,0,0,0,0,0,0,0,NA,NA,NA,FALSE,672,238,910,TRUE,0,1,0,1,0,0,149758,1009,6.737536558981824,1.3354879205117589e-5,0,910,910,672,238,0,0,0,0,6.0764700383285035,0,NA,-1.3354879205117589e-5,0,126,75,72,FALSE,FALSE,FALSE,NA,NA,TRUE,TRUE,TRUE
2020,Jet-Ski,Jet-Ski,Jet-Ski (R),Other sports/disciplines - Non-Code Signatories,2,2,0,2,0,0,0,1,2020_anti-doping_testing_figures_en.pdf,wada_testing_2020_sport_totals.csv,0,TRUE,NA,NA,NA,NA,NA,0,0,0,0,0,0,0,0,NA,NA,NA,FALSE,672,238,910,TRUE,0,1,0,1,0,0,149758,1009,6.737536558981824,1.3354879205117589e-5,0,910,910,672,238,0,0,0,0,6.0764700383285035,0,NA,-1.3354879205117589e-5,0,126,75,72,FALSE,FALSE,FALSE,NA,NA,TRUE,TRUE,TRUE
2020,Para-DanceSport,Para-DanceSport,Para-DanceSport,Paralympic sports/disciplines,2,0,2,2,0,0,0,1,2020_anti-doping_testing_figures_en.pdf,wada_testing_2020_sport_totals.csv,0,TRUE,NA,NA,NA,NA,NA,0,0,0,0,0,0,0,0,NA,NA,NA,FALSE,672,238,910,TRUE,0,0,1,1,0,0,149758,1009,6.737536558981824,1.3354879205117589e-5,0,910,910,672,238,0,0,0,0,6.0764700383285035,0,NA,-1.3354879205117589e-5,0,126,75,72,FALSE,FALSE,FALSE,NA,NA,TRUE,TRUE,TRUE
2020,Practical Shooting,Practical Shooting,Practical Shooting (R),Other sports/disciplines - Non-Code Signatories,2,2,0,2,0,0,0,1,2020_anti-doping_testing_figures_en.pdf,wada_testing_2020_sport_totals.csv,0,TRUE,NA,NA,NA,NA,NA,0,0,0,0,0,0,0,0,NA,NA,NA,FALSE,672,238,910,TRUE,0,1,0,1,0,0,149758,1009,6.737536558981824,1.3354879205117589e-5,0,910,910,672,238,0,0,0,0,6.0764700383285035,0,NA,-1.3354879205117589e-5,0,126,75,72,FALSE,FALSE,FALSE,NA,NA,TRUE,TRUE,TRUE
2020,Rafting,Rafting,Rafting (R),Other sports/disciplines - Non-Code Signatories,2,2,0,2,0,0,0,1,2020_anti-doping_testing_figures_en.pdf,wada_testing_2020_sport_totals.csv,0,TRUE,NA,NA,NA,NA,NA,0,0,0,0,0,0,0,0,NA,NA,NA,FALSE,672,238,910,TRUE,0,1,0,1,0,0,149758,1009,6.737536558981824,1.3354879205117589e-5,0,910,910,672,238,0,0,0,0,6.0764700383285035,0,NA,-1.3354879205117589e-5,0,126,75,72,FALSE,FALSE,FALSE,NA,NA,TRUE,TRUE,TRUE
2020,Ultra Triathlon,Ultra Triathlon,Ultra Triathlon (R),Other sports/disciplines - Non-Code Signatories,2,2,0,2,0,0,1,1,2020_anti-doping_testing_figures_en.pdf,wada_testing_2020_sport_totals.csv,0,TRUE,Ultra Triathlon,1,Ultra Triathlon (R),Other Sports - Non-Code Signatories,Other Sports - Non-Code Signatories,1,0,0,0,1,0,0,0,0,TRUE,FALSE,TRUE,672,238,910,TRUE,500,1,0,1,0,0,149758,1009,6.737536558981824,1.3354879205117589e-5,9.910802775024777e-4,910,910,672,238,0,0,0,0,6.0764700383285035,0,0,-1.3354879205117589e-5,0,126,55,72,FALSE,FALSE,FALSE,NA,NA,TRUE,TRUE,FALSE
2020,Budo,Budo,Budo (R),Other sports/disciplines - Non-Code Signatories,1,0,1,1,0,0,0,1,2020_anti-doping_testing_figures_en.pdf,wada_testing_2020_sport_totals.csv,0,TRUE,NA,NA,NA,NA,NA,0,0,0,0,0,0,0,0,NA,NA,NA,FALSE,672,238,910,TRUE,0,0,1,1,0,0,149758,1009,6.737536558981824,6.6774396025587945e-6,0,910,910,672,238,0,0,0,0,6.0764700383285035,0,NA,-6.6774396025587945e-6,0,137,75,72,FALSE,FALSE,FALSE,NA,NA,TRUE,TRUE,TRUE
2020,Company Sports,Company Sports,Company Sports (R),Other sports/disciplines - Non-Code Signatories,1,1,0,1,0,0,0,1,2020_anti-doping_testing_figures_en.pdf,wada_testing_2020_sport_totals.csv,0,TRUE,NA,NA,NA,NA,NA,0,0,0,0,0,0,0,0,NA,NA,NA,FALSE,672,238,910,TRUE,0,1,0,1,0,0,149758,1009,6.737536558981824,6.6774396025587945e-6,0,910,910,672,238,0,0,0,0,6.0764700383285035,0,NA,-6.6774396025587945e-6,0,137,75,72,FALSE,FALSE,FALSE,NA,NA,TRUE,TRUE,TRUE
2020,Darts,Darts,Darts,AIMS sports,1,0,1,1,0,0,0,1,2020_anti-doping_testing_figures_en.pdf,wada_testing_2020_sport_totals.csv,0,TRUE,NA,NA,NA,NA,NA,0,0,0,0,0,0,0,0,NA,NA,NA,FALSE,672,238,910,TRUE,0,0,1,1,0,0,149758,1009,6.737536558981824,6.6774396025587945e-6,0,910,910,672,238,0,0,0,0,6.0764700383285035,0,NA,-6.6774396025587945e-6,0,137,75,72,FALSE,FALSE,FALSE,NA,NA,TRUE,TRUE,TRUE
2020,Extreme,Extreme,Extreme Sports (R),Other sports/disciplines - Non-Code Signatories,1,0,1,1,0,0,0,1,2020_anti-doping_testing_figures_en.pdf,wada_testing_2020_sport_totals.csv,0,TRUE,NA,NA,NA,NA,NA,0,0,0,0,0,0,0,0,NA,NA,NA,FALSE,672,238,910,TRUE,0,0,1,1,0,0,149758,1009,6.737536558981824,6.6774396025587945e-6,0,910,910,672,238,0,0,0,0,6.0764700383285035,0,NA,-6.6774396025587945e-6,0,137,75,72,FALSE,FALSE,FALSE,NA,NA,TRUE,TRUE,TRUE
2020,Kudo,Kudo,Kudo,Other sports/disciplines from Code Signatories,1,0,1,1,0,0,0,1,2020_anti-doping_testing_figures_en.pdf,wada_testing_2020_sport_totals.csv,0,TRUE,NA,NA,NA,NA,NA,0,0,0,0,0,0,0,0,NA,NA,NA,FALSE,672,238,910,TRUE,0,0,1,1,0,0,149758,1009,6.737536558981824,6.6774396025587945e-6,0,910,910,672,238,0,0,0,0,6.0764700383285035,0,NA,-6.6774396025587945e-6,0,137,75,72,FALSE,FALSE,FALSE,NA,NA,TRUE,TRUE,TRUE
2020,Kung Fu,Kung Fu,Kung Fu (R),Other sports/disciplines - Non-Code Signatories,1,0,1,1,0,0,0,1,2020_anti-doping_testing_figures_en.pdf,wada_testing_2020_sport_totals.csv,0,TRUE,NA,NA,NA,NA,NA,0,0,0,0,0,0,0,0,NA,NA,NA,FALSE,672,238,910,TRUE,0,0,1,1,0,0,149758,1009,6.737536558981824,6.6774396025587945e-6,0,910,910,672,238,0,0,0,0,6.0764700383285035,0,NA,-6.6774396025587945e-6,0,137,75,72,FALSE,FALSE,FALSE,NA,NA,TRUE,TRUE,TRUE
2020,Woodball,Woodball,Woodball,Other sports/disciplines - Non-Code Signatories,1,1,0,1,0,0,0,1,2020_anti-doping_testing_figures_en.pdf,wada_testing_2020_sport_totals.csv,0,TRUE,NA,NA,NA,NA,NA,0,0,0,0,0,0,0,0,NA,NA,NA,FALSE,672,238,910,TRUE,0,1,0,1,0,0,149758,1009,6.737536558981824,6.6774396025587945e-6,0,910,910,672,238,0,0,0,0,6.0764700383285035,0,NA,-6.6774396025587945e-6,0,137,75,72,FALSE,FALSE,FALSE,NA,NA,TRUE,TRUE,TRUE
2021,Football,Football,Football,ASOIF Summer Olympic sports | Other sports/disciplines from Code Signatories | Sports for Athletes with an Impairment,31746,18874,12872,29614,2101,31,70,3,2021_anti-doping_testing_figures_en_v2.pdf,wada_testing_2021_sport_totals.csv,0,TRUE,Football,1,Football,ASOIF | OTHER,ASOIF | OTHER,70,7,8,0,8,47,17,64,0.671428571428571,FALSE,FALSE,TRUE,1094,262,1356,TRUE,2.205002205002205,0.5945315945315945,0.40546840546840546,0.9328419328419328,0.06618156618156618,9.765009765009765e-4,241430,1560,6.461500227809303,0.1314915296359193,0.04487179487179487,1355,1356,1094,262,0.0471976401179941,2.016002016002016,1.4805014805014807,0.5355005355005354,5.6165348134034705,0.3589405359316864,0.6714285714285714,-0.08429388951792521,0.35894053593168634,1,7,6,TRUE,TRUE,TRUE,67,82,TRUE,TRUE,FALSE
2021,Athletics,Athletics,Athletics,ASOIF Summer Olympic sports | Other sports/disciplines - Non-Code Signatories | Other sports/disciplines from Code Signatories | Sports for Athletes with an Impairment,31412,12329,19083,28327,2959,126,190,5,2021_anti-doping_testing_figures_en_v2.pdf,wada_testing_2021_sport_totals.csv,0,TRUE,Athletics,1,Athletics,ASOIF | IMPAIRED | OTHER,ASOIF | IMPAIRED | OTHER,187,23,12,0,2,150,57,207,0.802139037433155,FALSE,FALSE,TRUE,1094,262,1356,TRUE,6.048643830383293,0.392493314656819,0.607506685343181,0.9017891251750924,0.0941996689163377,0.004011205908569973,241430,1560,6.461500227809303,0.13010810586919605,0.12179487179487179,1355,1356,1094,262,0.15265486725663716,6.589838278364956,4.775245129249968,1.8145931491149878,5.6165348134034705,1.173292518838976,0.7894736842105263,0.022546761387441105,1.1732925188389758,2,1,1,TRUE,TRUE,TRUE,38,58,TRUE,TRUE,FALSE
2021,Cycling,Cycling,Cycling,ASOIF Summer Olympic sports | Other sports/disciplines from Code Signatories | Sports for Athletes with an Impairment,21747,9819,11928,19279,2435,33,163,3,2021_anti-doping_testing_figures_en_v2.pdf,wada_testing_2021_sport_totals.csv,0,TRUE,Cycling,1,Cycling,ASOIF | IMPAIRED,ASOIF | IMPAIRED,162,31,16,1,0,114,34,148,0.703703703703704,FALSE,FALSE,TRUE,1094,262,1356,TRUE,7.495286706212351,0.4515105531797489,0.548489446820251,0.8865130822642203,0.11196946705292685,0.0015174506828528073,241430,1560,6.461500227809303,0.090075798368057,0.10448717948717949,1355,1356,1094,262,0.10914454277286136,6.805536395824712,5.242102358946061,1.56343403687865,5.6165348134034705,1.2116966460501182,0.6993865030674846,0.019068744404804355,1.211696646050118,3,2,2,TRUE,TRUE,TRUE,36,55,TRUE,TRUE,FALSE
2021,Aquatics,Aquatics,Aquatics,ASOIF Summer Olympic sports | Other sports/disciplines from Code Signatories | Sports for Athletes with an Impairment,16378,5626,10752,14868,1390,120,88,4,2021_anti-doping_testing_figures_en_v2.pdf,wada_testing_2021_sport_totals.csv,0,TRUE,Aquatics,1,Aquatics,ASOIF,ASOIF,87,28,36,1,0,22,5,27,0.252873563218391,FALSE,FALSE,TRUE,1094,262,1356,TRUE,5.373061423861277,0.3435095860300403,0.6564904139699597,0.9078031505678349,0.08486994749053609,0.007326901941629015,241430,1560,6.461500227809303,0.06783746841734664,0.05641025641025641,1355,1356,1094,262,0.01991150442477876,1.6485529368665284,1.3432653559653192,0.30528758090120894,5.6165348134034705,0.2935177990764646,0.25,-0.04792596399256788,0.2935177990764645,4,6,10,TRUE,TRUE,TRUE,71,62,TRUE,TRUE,FALSE
2021,Weightlifting,Weightlifting,Weightlifting,ASOIF Summer Olympic sports | Other sports/disciplines from Code Signatories,10608,4302,6306,8906,1619,83,100,2,2021_anti-doping_testing_figures_en_v2.pdf,wada_testing_2021_sport_totals.csv,0,TRUE,Weightlifting,1,Weightlifting,ASOIF,ASOIF,100,7,5,0,0,88,32,120,0.88,FALSE,FALSE,TRUE,1094,262,1356,TRUE,9.42684766214178,0.40554298642533937,0.5944570135746606,0.8395550527903469,0.15262066365007543,0.007824283559577677,241430,1560,6.461500227809303,0.04393820154910326,0.0641025641025641,1355,1356,1094,262,0.08849557522123894,11.312217194570135,8.295625942684767,3.0165912518853695,5.6165348134034705,2.0140918859034422,0.88,0.04455737367213568,2.0140918859034422,5,3,3,TRUE,TRUE,TRUE,24,45,TRUE,TRUE,FALSE
2021,Skiing,Skiing,Skiing,AIOWF Winter Olympic sports | Other sports/disciplines from Code Signatories,8450,1821,6629,7260,1130,60,4,3,2021_anti-doping_testing_figures_en_v2.pdf,wada_testing_2021_sport_totals.csv,0,TRUE,Skiing,1,Skiing,AIOWF,AIOWF,4,0,0,0,0,4,5,9,1,FALSE,FALSE,TRUE,1094,262,1356,TRUE,0.47337278106508873,0.21550295857988166,0.7844970414201183,0.8591715976331361,0.13372781065088757,0.007100591715976331,241430,1560,6.461500227809303,0.03499979290063372,0.002564102564102564,1355,1356,1094,262,0.00663716814159292,1.0650887573964496,0.47337278106508873,0.591715976331361,5.6165348134034705,0.18963449756506257,1,-0.028362624759040802,0.1896344975650626,6,45,30,TRUE,TRUE,TRUE,76,91,TRUE,TRUE,FALSE
2021,Rugby Union,Rugby Union,Rugby Union,ASOIF Summer Olympic sports | Other sports/disciplines from Code Signatories,6638,2195,4443,6075,550,13,61,2,2021_anti-doping_testing_figures_en_v2.pdf,wada_testing_2021_sport_totals.csv,0,TRUE,Rugby Union,1,Rugby Union,ASOIF | IMPAIRED | OTHER,ASOIF | IMPAIRED | OTHER,62,9,6,0,2,45,4,49,0.725806451612903,FALSE,FALSE,TRUE,1094,262,1356,TRUE,9.189514914130761,0.33067188912322987,0.6693281108767701,0.9151852967761374,0.08285628201265441,0.001958421211208195,241430,1560,6.461500227809303,0.027494511866793688,0.0391025641025641,1355,1356,1094,262,0.036135693215339236,7.38174148840012,6.7791503464899066,0.6025911419102139,5.6165348134034705,1.314287498189116,0.7377049180327869,0.008641181348545548,1.314287498189116,7,8,8,TRUE,TRUE,TRUE,34,46,TRUE,TRUE,FALSE
2021,Tennis,Tennis,Tennis,ASOIF Summer Olympic sports | Sports for Athletes with an Impairment,6618,4092,2526,5635,978,5,31,2,2021_anti-doping_testing_figures_en_v2.pdf,wada_testing_2021_sport_totals.csv,0,TRUE,Tennis,1,Tennis,ASOIF | IMPAIRED,ASOIF | IMPAIRED,31,8,2,0,1,20,1,21,0.645161290322581,FALSE,FALSE,TRUE,1094,262,1356,TRUE,4.684194620731339,0.6183136899365367,0.38168631006346326,0.851465699607132,0.14777878513145964,7.555152614082804e-4,241430,1560,6.461500227809303,0.027411672120283313,0.01987179487179487,1355,1356,1094,262,0.015486725663716814,3.173164097914778,3.0220610456331216,0.1511030522816561,5.6165348134034705,0.564968295102924,0.6451612903225806,-0.011924946456566499,0.5649682951029239,8,13,14,TRUE,TRUE,TRUE,59,67,TRUE,TRUE,FALSE
2021,Wrestling,Wrestling,Wrestling,ASOIF Summer Olympic sports | Other sports/disciplines - Non-Code Signatories | Other sports/disciplines from Code Signatories | Sports for Athletes with an Impairment,6468,2462,4006,5922,523,23,56,5,2021_anti-doping_testing_figures_en_v2.pdf,wada_testing_2021_sport_totals.csv,0,TRUE,Wrestling,1,Wrestling,ASOIF,ASOIF,56,5,2,2,5,42,8,50,0.75,FALSE,FALSE,TRUE,1094,262,1356,TRUE,8.658008658008658,0.38064316635745205,0.6193568336425479,0.9155844155844156,0.08085961657390228,0.0035559678416821274,241430,1560,6.461500227809303,0.026790374021455496,0.035897435897435895,1355,1356,1094,262,0.03687315634218289,7.730364873222016,6.493506493506494,1.2368583797155226,5.6165348134034705,1.376358400694684,0.75,0.010082782320727394,1.3763584006946838,9,9,7,TRUE,TRUE,TRUE,32,51,TRUE,TRUE,FALSE
2021,Basketball,Basketball,Basketball,ASOIF Summer Olympic sports | Other sports/disciplines - Non-Code Signatories | Other sports/disciplines from Code Signatories | Sports for Athletes with an Impairment,5868,2720,3148,5586,261,21,28,4,2021_anti-doping_testing_figures_en_v2.pdf,wada_testing_2021_sport_totals.csv,0,TRUE,Basketball,1,Basketball,ASOIF | IMPAIRED,ASOIF | IMPAIRED,28,7,1,0,0,20,4,24,0.714285714285714,FALSE,FALSE,TRUE,1094,262,1356,TRUE,4.771642808452625,0.46353101567825494,0.5364689843217451,0.9519427402862985,0.04447852760736196,0.0035787321063394683,241430,1560,6.461500227809303,0.024305181626144225,0.017948717948717947,1355,1356,1094,262,0.017699115044247787,4.08997955010225,3.408316291751875,0.6816632583503749,5.6165348134034705,0.7282033648828806,0.7142857142857143,-0.006606066581896438,0.7282033648828805,10,14,12,TRUE,TRUE,TRUE,48,66,TRUE,TRUE,FALSE
2021,Rowing,Rowing,Rowing,ASOIF Summer Olympic sports | Other sports/disciplines from Code Signatories | Sports for Athletes with an Impairment,5846,1295,4551,5051,725,70,12,3,2021_anti-doping_testing_figures_en_v2.pdf,wada_testing_2021_sport_totals.csv,0,TRUE,Rowing,1,Rowing,ASOIF | IMPAIRED,ASOIF | IMPAIRED,12,5,1,0,0,6,4,10,0.5,FALSE,FALSE,TRUE,1094,262,1356,TRUE,2.0526855969893942,0.22151898734177214,0.7784810126582279,0.8640095791994526,0.12401642148477592,0.011973999315771467,241430,1560,6.461500227809303,0.02421405790498281,0.007692307692307693,1355,1356,1094,262,0.007374631268436578,1.7105713308244954,1.0263427984946971,0.6842285323297981,5.6165348134034705,0.30455990885026396,0.5,-0.016839426636546233,0.30455990885026396,11,29,29,TRUE,TRUE,TRUE,70,84,TRUE,TRUE,FALSE
2021,Canoe / Kayak,Canoe / Kayak,Canoe,ASOIF Summer Olympic sports | Other sports/disciplines from Code Signatories | Sports for Athletes with an Impairment,5473,1832,3641,4917,523,33,19,3,2021_anti-doping_testing_figures_en_v2.pdf,wada_testing_2021_sport_totals.csv,0,TRUE,Canoe / Kayak,1,Canoe,ASOIF,ASOIF,19,3,1,0,0,15,3,18,0.789473684210526,FALSE,FALSE,TRUE,1094,262,1356,TRUE,3.471587794628175,0.33473414946099034,0.6652658505390097,0.8984103782203545,0.09556002192581765,0.006029599853827883,241430,1560,6.461500227809303,0.022669096632564303,0.01217948717948718,1355,1356,1094,262,0.01327433628318584,3.2888726475424814,2.7407272062854013,0.5481454412570802,5.6165348134034705,0.5855697074455615,0.7894736842105263,-0.009394760349378462,0.5855697074455615,12,16,15,TRUE,TRUE,TRUE,57,76,TRUE,TRUE,FALSE
2021,Skating,Skating,Skating,AIOWF Winter Olympic sports | Other sports/disciplines from Code Signatories,4833,1494,3339,4111,649,73,16,2,2021_anti-doping_testing_figures_en_v2.pdf,wada_testing_2021_sport_totals.csv,0,TRUE,Skating,1,Skating,AIOWF,AIOWF,16,3,1,0,0,12,1,13,0.75,FALSE,FALSE,TRUE,1094,262,1356,TRUE,3.3105731429753775,0.3091247672253259,0.6908752327746741,0.8506103869232361,0.13428512311193874,0.015104489964825161,241430,1560,6.461500227809303,0.02001822474423228,0.010256410256410256,1355,1356,1094,262,0.009587020648967551,2.6898406786674944,2.4829298572315333,0.2069108214359611,5.6165348134034705,0.47891462761850534,0.75,-0.01043120409526473,0.4789146276185053,13,20,22,TRUE,TRUE,TRUE,61,78,TRUE,TRUE,FALSE
2021,Judo,Judo,Judo,ASOIF Summer Olympic sports | Sports for Athletes with an Impairment,4659,1439,3220,4350,303,6,25,2,2021_anti-doping_testing_figures_en_v2.pdf,wada_testing_2021_sport_totals.csv,0,TRUE,Judo,1,Judo,ASOIF | IMPAIRED,ASOIF | IMPAIRED,25,4,3,0,0,18,6,24,0.72,FALSE,FALSE,TRUE,1094,262,1356,TRUE,5.365958360163125,0.3088645632109895,0.6911354367890106,0.9336767546683837,0.06503541532517708,0.00128783000643915,241430,1560,6.461500227809303,0.019297518949592016,0.016025641025641024,1355,1356,1094,262,0.017699115044247787,5.1513200257566,3.8634900193174504,1.28783000643915,5.6165348134034705,0.917170496916236,0.72,-0.0015984039053442284,0.9171704969162359,14,15,12,TRUE,TRUE,TRUE,42,63,TRUE,TRUE,FALSE
2021,Boxing,Boxing,Boxing,ASOIF Summer Olympic sports | Other sports/disciplines from Code Signatories,4368,1370,2998,3997,318,53,38,3,2021_anti-doping_testing_figures_en_v2.pdf,wada_testing_2021_sport_totals.csv,0,TRUE,Boxing,1,Boxing,ADO Specific-CS | ASOIF,ADO Specific-CS | ASOIF,38,4,4,0,1,29,13,42,0.763157894736842,FALSE,FALSE,TRUE,1094,262,1356,TRUE,8.6996336996337,0.31364468864468864,0.6863553113553114,0.9150641025641025,0.07280219780219781,0.012133699633699634,241430,1560,6.461500227809303,0.018092200637866047,0.02435897435897436,1355,1356,1094,262,0.030973451327433628,9.615384615384617,6.639194139194139,2.976190476190476,5.6165348134034705,1.7119781030179264,0.7631578947368421,0.01288125068956758,1.711978103017926,15,11,9,TRUE,TRUE,TRUE,26,49,TRUE,TRUE,FALSE
2021,Para-Athletics,Para-Athletics,Para-Athletics,Paralympic sports/disciplines,4050,1269,2778,3769,278,0,39,1,2021_anti-doping_testing_figures_en_v2.pdf,wada_testing_2021_sport_totals.csv,1,TRUE,Para-Athletics,1,Para-Athletics,IPC,IPC,39,16,9,0,1,13,2,15,0.333333333333333,FALSE,FALSE,TRUE,1094,262,1356,TRUE,9.62962962962963,0.31333333333333335,0.6859259259259259,0.9306172839506173,0.06864197530864198,0,241430,1560,6.461500227809303,0.016775048668351073,0.025,1355,1356,1094,262,0.011061946902654867,3.7037037037037037,3.209876543209876,0.4938271604938272,5.6165348134034705,0.659428602643942,0.3333333333333333,-0.005713101765696206,0.659428602643942,16,10,16,TRUE,TRUE,TRUE,52,43,TRUE,TRUE,FALSE
2021,Triathlon,Triathlon,Triathlon,ASOIF Summer Olympic sports | Other sports/disciplines from Code Signatories | Sports for Athletes with an Impairment,3911,1846,2065,3490,407,14,34,5,2021_anti-doping_testing_figures_en_v2.pdf,wada_testing_2021_sport_totals.csv,0,TRUE,Triathlon,1,Triathlon,ASOIF | IMPAIRED | OTHER-CS,ASOIF | IMPAIRED | OTHER-CS,35,7,5,0,1,22,4,26,0.628571428571429,FALSE,FALSE,TRUE,1094,262,1356,TRUE,8.6934287905906409,0.4720020455126566,0.5279979544873434,0.8923548964459218,0.10406545640501151,0.0035796471490667347,241430,1560,6.461500227809303,0.016199312430103963,0.021794871794871794,1355,1356,1094,262,0.019174041297935103,6.647916133981079,5.625159805676297,1.0227563283047814,5.6165348134034705,1.1836330326158202,0.6470588235294118,0.0029747288678311397,1.18363303261582,17,12,11,TRUE,TRUE,TRUE,37,50,TRUE,TRUE,FALSE
2021,Volleyball,Volleyball,Volleyball,ASOIF Summer Olympic sports | Other sports/disciplines from Code Signatories | Sports for Athletes with an Impairment,3854,1687,2167,3559,274,21,16,4,2021_anti-doping_testing_figures_en_v2.pdf,wada_testing_2021_sport_totals.csv,0,TRUE,Volleyball,1,Volleyball,ASOIF,ASOIF,16,5,0,0,0,11,3,14,0.6875,FALSE,FALSE,TRUE,1094,262,1356,TRUE,4.151530877010898,0.43772703684483655,0.5622729631551635,0.9234561494551116,0.07109496626881162,0.005448884276076803,241430,1560,6.461500227809303,0.015963219152549394,0.010256410256410256,1355,1356,1094,262,0.01032448377581121,3.6325895173845355,2.854177477944992,0.7784120394395434,5.6165348134034705,0.6467670259455373,0.6875,-0.005638735376738185,0.6467670259455371,18,20,20,TRUE,TRUE,TRUE,56,72,TRUE,TRUE,FALSE
2021,Ice Hockey,Ice Hockey,Ice Hockey,AIOWF Winter Olympic sports | Other sports/disciplines from Code Signatories | Sports for Athletes with an Impairment,3780,1547,2233,3438,342,0,16,3,2021_anti-doping_testing_figures_en_v2.pdf,wada_testing_2021_sport_totals.csv,0,TRUE,Ice Hockey,1,Ice Hockey,AIOWF | OTHER,AIOWF | OTHER,16,2,1,0,1,12,3,15,0.75,FALSE,FALSE,TRUE,1094,262,1356,TRUE,4.2328042328042335,0.40925925925925927,0.5907407407407408,0.9095238095238095,0.09047619047619047,0,241430,1560,6.461500227809303,0.015656712090461003,0.010256410256410256,1355,1356,1094,262,0.011061946902654867,3.968253968253968,3.1746031746031744,0.7936507936507936,5.6165348134034705,0.7065306456899377,0.75,-0.004594765187806136,0.7065306456899377,19,20,16,TRUE,TRUE,TRUE,49,71,TRUE,TRUE,FALSE
2021,Handball,Handball,Handball,ASOIF Summer Olympic sports | Sports for Athletes with an Impairment,3763,1528,2235,3513,250,0,15,2,2021_anti-doping_testing_figures_en_v2.pdf,wada_testing_2021_sport_totals.csv,0,TRUE,Handball,1,Handball,ASOIF | IMPAIRED,ASOIF | IMPAIRED,16,0,2,0,0,14,0,14,0.875,FALSE,FALSE,TRUE,1094,262,1356,TRUE,3.986181238373638,0.40605899548232793,0.5939410045176721,0.9335636460271061,0.06643635397289396,0,241430,1560,6.461500227809303,0.015586298305927183,0.009615384615384616,1355,1356,1094,262,0.01032448377581121,3.720435822482062,3.720435822482062,0,5.6165348134034705,0.662407684824369,0.9333333333333333,-0.005261814530115974,0.662407684824369,20,25,20,TRUE,TRUE,TRUE,51,74,TRUE,TRUE,FALSE
2021,Gymnastics,Gymnastics,Gymnastics,ASOIF Summer Olympic sports | Other sports/disciplines from Code Signatories,3642,1207,2435,3396,223,23,15,2,2021_anti-doping_testing_figures_en_v2.pdf,wada_testing_2021_sport_totals.csv,0,TRUE,Gymnastics,1,Gymnastics,ASOIF,ASOIF,14,3,2,0,0,9,0,9,0.642857142857143,FALSE,FALSE,TRUE,1094,262,1356,TRUE,4.118616144975288,0.3314113124656782,0.6685886875343218,0.9324546952224053,0.06123009335529929,0.006315211422295442,241430,1560,6.461500227809303,0.01508511783953941,0.009615384615384616,1355,1356,1094,262,0.00663716814159292,2.471169686985173,2.471169686985173,0,5.6165348134034705,0.43998119286786896,0.6,-0.00844794969794649,0.43998119286786896,21,25,30,TRUE,TRUE,TRUE,65,73,TRUE,TRUE,FALSE
2021,Biathlon,Biathlon,Biathlon,AIOWF Winter Olympic sports | Other sports/disciplines from Code Signatories,3178,993,2185,2653,525,0,6,2,2021_anti-doping_testing_figures_en_v2.pdf,wada_testing_2021_sport_totals.csv,0,TRUE,Biathlon,1,Biathlon,AIOWF,AIOWF,6,1,0,0,1,4,4,8,0.666666666666667,FALSE,FALSE,TRUE,1094,262,1356,TRUE,1.8879798615481436,0.3124606670862177,0.6875393329137822,0.8348017621145375,0.16519823788546256,0,241430,1560,6.461500227809303,0.013163235720498696,0.0038461538461538464,1355,1356,1094,262,0.0058997050147492625,2.5173064820641913,1.2586532410320956,1.2586532410320956,5.6165348134034705,0.44819565189141425,0.6666666666666666,-0.0072635307057494335,0.4481956518914142,22,41,33,TRUE,TRUE,TRUE,64,86,TRUE,TRUE,FALSE
2021,Shooting,Shooting,Shooting,ASOIF Summer Olympic sports | Other sports/disciplines - Non-Code Signatories | Other sports/disciplines from Code Signatories | Paralympic sports/disciplines | Sports for Athletes with an Impairment,2491,926,1267,2142,26,25,11,6,2021_anti-doping_testing_figures_en_v2.pdf,wada_testing_2021_sport_totals.csv,1,TRUE,Shooting | Shooting Para Sport,2,Shooting | Shooting Para Sport,ASOIF | IPC,ASOIF | IPC,11,1,1,0,0,9,2,11,0.818181818181818,FALSE,FALSE,TRUE,1094,262,1356,TRUE,4.415897230028101,0.37173825772782015,0.5086310718586913,0.8598956242472903,0.010437575270975512,0.010036130068245684,241430,1560,6.461500227809303,0.010317690427867291,0.007051282051282051,1355,1356,1094,262,0.008112094395280236,4.415897230028101,3.6130068245684464,0.8028904054596548,5.6165348134034705,0.7862316137505048,0.8181818181818182,-0.0022055960325870552,0.7862316137505048,23,32,26,TRUE,TRUE,TRUE,46,68,TRUE,TRUE,FALSE
2021,Powerlifting,Powerlifting,Powerlifting,AIMS sports | Other sports/disciplines from Code Signatories | Sports for Athletes with an Impairment,2244,1351,893,2017,226,1,99,3,2021_anti-doping_testing_figures_en_v2.pdf,wada_testing_2021_sport_totals.csv,0,TRUE,Powerlifting,1,Powerlifting,AIMS | OTHER-CS,AIMS | OTHER-CS,99,8,0,1,2,88,16,104,0.888888888888889,FALSE,FALSE,TRUE,1094,262,1356,TRUE,44.11764705882353,0.6020499108734403,0.3979500891265597,0.8988413547237076,0.10071301247771836,4.45632798573975e-4,241430,1560,6.461500227809303,0.00929461955846415,0.06346153846153846,1355,1356,1094,262,0.07669616519174041,46.34581105169341,39.21568627450981,7.1301247771836005,5.6165348134034705,8.251673423458953,0.8888888888888888,0.06740154563327626,8.251673423458952,24,4,4,TRUE,TRUE,TRUE,6,8,TRUE,TRUE,FALSE
2021,Bobsleigh,Bobsleigh,Bobsleigh,AIOWF Winter Olympic sports | Sports for Athletes with an Impairment,2216,454,1762,1870,346,0,0,2,2021_anti-doping_testing_figures_en_v2.pdf,wada_testing_2021_sport_totals.csv,0,TRUE,Bobsleigh,1,NA,NA,NA,0,0,0,0,0,0,1,1,NA,FALSE,FALSE,TRUE,1094,262,1356,TRUE,0,0.20487364620938628,0.7951263537906137,0.8438628158844765,0.15613718411552346,0,241430,1560,6.461500227809303,0.009178643913349625,0,1355,1356,1094,262,7.374631268436578e-4,0.4512635379061372,0,0.4512635379061372,5.6165348134034705,0.0803455427409135,NA,-0.008441180786505968,0.08034554274091349,25,92,59,TRUE,TRUE,TRUE,78,92,TRUE,TRUE,FALSE
2021,Taekwondo,Taekwondo,Taekwondo,ASOIF Summer Olympic sports | Other sports/disciplines from Code Signatories | Sports for Athletes with an Impairment,2197,704,1493,2046,137,14,11,3,2021_anti-doping_testing_figures_en_v2.pdf,wada_testing_2021_sport_totals.csv,0,TRUE,Taekwondo,1,Taekwondo,ASOIF | IMPAIRED | OTHER-CS,ASOIF | IMPAIRED | OTHER-CS,11,3,0,0,0,8,0,8,0.727272727272727,FALSE,FALSE,TRUE,1094,262,1356,TRUE,5.006827492034593,0.32043695949021395,0.6795630405097861,0.9312699135184342,0.06235776058261265,0.0063723258989531175,241430,1560,6.461500227809303,0.009099946154164769,0.007051282051282051,1355,1356,1094,262,0.0058997050147492625,3.6413290851160673,3.6413290851160673,0,5.6165348134034705,0.6483230685985046,0.7272727272727273,-0.0032002411394155064,0.6483230685985045,26,32,33,TRUE,TRUE,TRUE,55,64,TRUE,TRUE,FALSE
2021,Para-Swimming,Para-Swimming,Para-Swimming,Paralympic sports/disciplines,2157,760,1395,2041,114,0,18,1,2021_anti-doping_testing_figures_en_v2.pdf,wada_testing_2021_sport_totals.csv,1,TRUE,Para-Swimming,1,Para-Swimming,IPC,IPC,18,6,7,0,0,5,0,5,0.277777777777778,FALSE,FALSE,TRUE,1094,262,1356,TRUE,8.344923504867872,0.3523412146499768,0.6467315716272601,0.9462216040797404,0.05285118219749652,0,241430,1560,6.461500227809303,0.008934266661144018,0.011538461538461539,1355,1356,1094,262,0.003687315634218289,2.3180343069077423,2.3180343069077423,0,5.6165348134034705,0.4127160934489206,0.2777777777777778,-0.005246951026925729,0.41271609344892046,27,17,39,TRUE,TRUE,TRUE,66,53,TRUE,TRUE,FALSE
2021,Fencing,Fencing,Fencing,ASOIF Summer Olympic sports | Sports for Athletes with an Impairment,2016,675,1341,1896,102,18,4,2,2021_anti-doping_testing_figures_en_v2.pdf,wada_testing_2021_sport_totals.csv,0,TRUE,Fencing,1,Fencing,ASOIF | IMPAIRED,ASOIF | IMPAIRED,4,1,0,0,0,3,0,3,0.75,FALSE,FALSE,TRUE,1094,262,1356,TRUE,1.984126984126984,0.33482142857142855,0.6651785714285714,0.9404761904761905,0.050595238095238096,0.008928571428571428,241430,1560,6.461500227809303,0.008350246448245868,0.002564102564102564,1355,1356,1094,262,0.0022123893805309734,1.488095238095238,1.488095238095238,0,5.6165348134034705,0.26494899213372664,0.75,-0.0061378570677148945,0.26494899213372664,28,45,45,TRUE,TRUE,TRUE,72,85,TRUE,TRUE,FALSE
2021,Badminton,Badminton,Badminton,ASOIF Summer Olympic sports | Sports for Athletes with an Impairment,1921,636,1285,1737,170,14,4,2,2021_anti-doping_testing_figures_en_v2.pdf,wada_testing_2021_sport_totals.csv,0,TRUE,Badminton,1,Badminton,ASOIF | IMPAIRED,ASOIF | IMPAIRED,4,1,2,0,0,1,0,1,0.25,FALSE,FALSE,TRUE,1094,262,1356,TRUE,2.082248828735034,0.3310775637688704,0.6689224362311296,0.9042165538781884,0.08849557522123894,0.007287870900572618,241430,1560,6.461500227809303,0.007956757652321584,0.002564102564102564,1355,1356,1094,262,7.374631268436578e-4,0.5205622071837585,0.5205622071837585,0,5.6165348134034705,0.09268387439555664,0.25,-0.007219294525477926,0.09268387439555664,29,45,59,TRUE,TRUE,TRUE,77,83,TRUE,TRUE,FALSE
2021,Field Hockey,Field Hockey,Field Hockey,ASOIF Summer Olympic sports | Other sports/disciplines from Code Signatories,1710,528,1182,1601,90,19,4,2,2021_anti-doping_testing_figures_en_v2.pdf,wada_testing_2021_sport_totals.csv,0,TRUE,Field Hockey,1,Field Hockey,ASOIF,ASOIF,4,1,1,0,0,2,0,2,0.5,FALSE,FALSE,TRUE,1094,262,1356,TRUE,2.3391812865497075,0.3087719298245614,0.6912280701754386,0.9362573099415205,0.05263157894736842,0.011111111111111112,241430,1560,6.461500227809303,0.0070827983266371205,0.002564102564102564,1355,1356,1094,262,0.0014749262536873156,1.1695906432748537,1.1695906432748537,0,5.6165348134034705,0.2082406113612448,0.5,-0.005607872072949805,0.2082406113612448,30,45,49,TRUE,TRUE,TRUE,75,81,TRUE,TRUE,FALSE
2021,Karate,Karate,Karate,ARISF recognized sports | Other sports/disciplines - Non-Code Signatories | Other sports/disciplines from Code Signatories | Sports for Athletes with an Impairment,1630,584,1046,1530,94,6,8,4,2021_anti-doping_testing_figures_en_v2.pdf,wada_testing_2021_sport_totals.csv,0,TRUE,Karate,1,Karate,ARISF | OTHER-CS,ARISF | OTHER-CS,8,0,0,0,0,8,0,8,1,FALSE,FALSE,TRUE,1094,262,1356,TRUE,4.9079754601226995,0.35828220858895704,0.6417177914110429,0.9386503067484663,0.05766871165644172,0.0036809815950920245,241430,1560,6.461500227809303,0.006751439340595617,0.005128205128205128,1355,1356,1094,262,0.0058997050147492625,4.9079754601226995,4.9079754601226995,0,5.6165348134034705,0.8738440378594569,1,-8.517343258463549e-4,0.8738440378594567,31,36,33,TRUE,TRUE,TRUE,45,65,TRUE,TRUE,FALSE
2021,Para-Powerlifting,Para-Powerlifting,Para-Powerlifting,Paralympic sports/disciplines,1592,590,999,1444,145,0,16,1,2021_anti-doping_testing_figures_en_v2.pdf,wada_testing_2021_sport_totals.csv,1,TRUE,Para-Powerlifting,1,Para-Powerlifting,IPC,IPC,16,3,1,0,0,12,0,12,0.75,FALSE,FALSE,TRUE,1094,262,1356,TRUE,10.050251256281408,0.3706030150753769,0.6275125628140703,0.907035175879397,0.09108040201005026,0,241430,1560,6.461500227809303,0.006594043822225904,0.010256410256410256,1355,1356,1094,262,0.008849557522123894,7.537688442211055,7.537688442211055,0,5.6165348134034705,1.3420531862854093,0.75,0.00225551369989799,1.3420531862854095,32,20,24,TRUE,TRUE,TRUE,33,41,TRUE,TRUE,FALSE
2021,Table Tennis,Table Tennis,Table Tennis,ASOIF Summer Olympic sports | Sports for Athletes with an Impairment,1539,467,1072,1459,72,8,6,2,2021_anti-doping_testing_figures_en_v2.pdf,wada_testing_2021_sport_totals.csv,0,TRUE,Table Tennis,1,Table Tennis,ASOIF | IMPAIRED,ASOIF | IMPAIRED,6,1,0,0,1,4,0,4,0.666666666666667,FALSE,FALSE,TRUE,1094,262,1356,TRUE,3.898635477582846,0.30344379467186483,0.6965562053281351,0.9480181936322287,0.04678362573099415,0.005198180636777128,241430,1560,6.461500227809303,0.006374518493973408,0.0038461538461538464,1355,1356,1094,262,0.0029498525073746312,2.599090318388564,2.599090318388564,0,5.6165348134034705,0.4627569141360996,0.6666666666666666,-0.003424665986598777,0.4627569141360996,33,41,40,TRUE,TRUE,TRUE,62,75,TRUE,TRUE,FALSE
2021,Rugby League,Rugby League,Rugby League,Other sports/disciplines from Code Signatories,1417,294,1123,1294,123,0,12,1,2021_anti-doping_testing_figures_en_v2.pdf,wada_testing_2021_sport_totals.csv,0,TRUE,Rugby League,1,Rugby League,OTHER-CS,OTHER-CS,12,1,1,0,1,9,3,12,0.75,FALSE,FALSE,TRUE,1094,262,1356,TRUE,8.468595624558928,0.20748059280169373,0.7925194071983063,0.913196894848271,0.08680310515172901,0,241430,1560,6.461500227809303,0.0058691960402601166,0.007692307692307693,1355,1356,1094,262,0.008849557522123894,8.468595624558928,6.351446718419195,2.117148906139732,5.6165348134034705,1.5077972283460634,0.75,0.002980361481863777,1.5077972283460632,34,29,24,TRUE,TRUE,TRUE,31,52,TRUE,TRUE,FALSE
2021,Archery,Archery,Archery,ASOIF Summer Olympic sports | Sports for Athletes with an Impairment,1382,623,759,1367,8,7,18,2,2021_anti-doping_testing_figures_en_v2.pdf,wada_testing_2021_sport_totals.csv,0,TRUE,Archery,1,Archery,ASOIF | IMPAIRED,ASOIF | IMPAIRED,18,6,4,1,1,6,1,7,0.333333333333333,FALSE,FALSE,TRUE,1094,262,1356,TRUE,13.024602026049203,0.4507959479015919,0.5492040520984081,0.9891461649782923,0.005788712011577424,0.005065123010130246,241430,1560,6.461500227809303,0.005724226483866959,0.011538461538461539,1355,1356,1094,262,0.005162241887905605,5.065123010130246,4.341534008683069,0.723589001447178,5.6165348134034705,0.9018234869732635,0.3333333333333333,-5.619845959613547e-4,0.9018234869732635,35,17,36,TRUE,TRUE,TRUE,43,36,TRUE,TRUE,FALSE
2021,Baseball / Softball,Baseball / Softball,Baseball / Softball,ARISF recognized sports,1359,561,798,1296,63,0,17,1,2021_anti-doping_testing_figures_en_v2.pdf,wada_testing_2021_sport_totals.csv,0,TRUE,Softball,1,Softball,ARISF,ARISF,2,0,0,0,0,2,0,2,1,FALSE,FALSE,TRUE,1094,262,1356,TRUE,12.509197939661517,0.41280353200883,0.58719646799117,0.9536423841059603,0.046357615894039736,0,241430,1560,6.461500227809303,0.005628960775380027,0.010897435897435897,1355,1356,1094,262,0.0014749262536873156,1.4716703458425313,1.4716703458425313,0,5.6165348134034705,0.2620246103220961,0.11764705882352941,-0.004154034521692712,0.2620246103220961,36,19,49,TRUE,TRUE,TRUE,73,38,TRUE,TRUE,FALSE
2021,Sailing,Sailing,Sailing,ASOIF Summer Olympic sports | Other sports/disciplines from Code Signatories | Sports for Athletes with an Impairment,1231,394,837,1169,48,14,2,3,2021_anti-doping_testing_figures_en_v2.pdf,wada_testing_2021_sport_totals.csv,0,TRUE,Sailing,1,Sailing,ASOIF,ASOIF,2,1,0,0,1,0,0,0,0,FALSE,FALSE,TRUE,1094,262,1356,TRUE,1.6246953696181965,0.3200649878147847,0.6799350121852152,0.9496344435418359,0.03899268887083672,0.011372867587327376,241430,1560,6.461500227809303,0.005098786397713623,0.001282051282051282,1355,1356,1094,262,0,0,0,0,5.6165348134034705,0,0,-0.005098786397713623,0,37,59,79,TRUE,TRUE,TRUE,79,88,TRUE,TRUE,FALSE
2021,Cricket,Cricket,Cricket,ARISF recognized sports,1140,567,573,1091,49,0,3,1,2021_anti-doping_testing_figures_en_v2.pdf,wada_testing_2021_sport_totals.csv,0,TRUE,Cricket,1,Cricket,ARISF,ARISF,3,1,0,0,0,2,0,2,0.666666666666667,FALSE,FALSE,TRUE,1094,262,1356,TRUE,2.631578947368421,0.49736842105263157,0.5026315789473684,0.9570175438596491,0.04298245614035088,0,241430,1560,6.461500227809303,0.004721865551091413,0.0019230769230769232,1355,1356,1094,262,0.0014749262536873156,1.7543859649122808,1.7543859649122808,0,5.6165348134034705,0.31236091704186725,0.6666666666666666,-0.0032469392974040978,0.3123609170418672,38,52,49,TRUE,TRUE,TRUE,68,80,TRUE,TRUE,FALSE
2021,Equestrian,Equestrian,Equestrian,ASOIF Summer Olympic sports | Sports for Athletes with an Impairment,1013,361,652,983,30,0,6,2,2021_anti-doping_testing_figures_en_v2.pdf,wada_testing_2021_sport_totals.csv,0,TRUE,Equestrian,1,Equestrian,ASOIF,ASOIF,6,1,1,0,0,4,0,4,0.666666666666667,FALSE,FALSE,TRUE,1094,262,1356,TRUE,5.923000987166831,0.35636722606120436,0.6436327739387957,0.9703849950641659,0.029615004935834157,0,241430,1560,6.461500227809303,0.004195833160750528,0.0038461538461538464,1355,1356,1094,262,0.0029498525073746312,3.948667324777887,3.948667324777887,0,5.6165348134034705,0.7030433275967002,0.6666666666666666,-0.0012459806533758966,0.7030433275967002,39,41,40,TRUE,TRUE,TRUE,50,59,TRUE,TRUE,FALSE
2021,Modern Pentathlon,Modern Pentathlon,Modern Pentathlon,ASOIF Summer Olympic sports,817,250,567,744,69,4,1,1,2021_anti-doping_testing_figures_en_v2.pdf,wada_testing_2021_sport_totals.csv,0,TRUE,Modern Pentathlon,1,Modern Pentathlon,ASOIF,ASOIF,1,0,0,0,0,1,0,1,1,FALSE,FALSE,TRUE,1094,262,1356,TRUE,1.2239902080783354,0.30599755201958384,0.6940024479804161,0.9106487148102815,0.08445532435740515,0.004895960832313341,241430,1560,6.461500227809303,0.0033840036449488465,6.41025641025641e-4,1355,1356,1094,262,7.374631268436578e-4,1.2239902080783354,1.2239902080783354,0,5.6165348134034705,0.2179262211920004,1,-0.0026465405181051887,0.21792622119200036,40,69,59,TRUE,TRUE,FALSE,74,90,TRUE,TRUE,FALSE
2021,Roller Sports,Roller Sports,Roller,ARISF recognized sports | Other sports/disciplines from Code Signatories,800,415,385,744,54,2,7,2,2021_anti-doping_testing_figures_en_v2.pdf,wada_testing_2021_sport_totals.csv,0,TRUE,Roller Sports,1,Roller Sports,ARISF,ARISF,7,0,0,0,0,7,0,7,1,FALSE,FALSE,TRUE,1094,262,1356,TRUE,8.75,0.51875,0.48125,0.93,0.0675,0.0025,241430,1560,6.461500227809303,0.003313589860415027,0.004487179487179487,1355,1356,1094,262,0.005162241887905605,8.75,8.75,0,5.6165348134034705,1.557900073746313,1,0.0018486520274905776,1.5579000737463127,41,38,36,TRUE,TRUE,FALSE,29,48,TRUE,TRUE,FALSE
2021,American Football,American Football,American Football,ARISF recognized sports | Other sports/disciplines from Code Signatories,797,475,322,760,37,0,15,2,2021_anti-doping_testing_figures_en_v2.pdf,wada_testing_2021_sport_totals.csv,0,TRUE,American Football,1,American Football,ARISF | OTHER,ARISF | OTHER,15,4,2,0,0,9,0,9,0.6,FALSE,FALSE,TRUE,1094,262,1356,TRUE,18.820577164366373,0.5959849435382685,0.40401505646173147,0.9535759096612296,0.04642409033877039,0,241430,1560,6.461500227809303,0.003301163898438471,0.009615384615384616,1355,1356,1094,262,0.00663716814159292,11.292346298619824,11.292346298619824,0,5.6165348134034705,2.010553957872997,0.6,0.0033360042431544493,2.010553957872997,42,25,30,TRUE,TRUE,FALSE,25,24,TRUE,TRUE,FALSE
2021,Luge,Luge,Luge,AIOWF Winter Olympic sports,721,179,542,653,68,0,0,1,2021_anti-doping_testing_figures_en_v2.pdf,wada_testing_2021_sport_totals.csv,0,TRUE,NA,NA,NA,NA,NA,0,0,0,0,0,0,0,0,NA,NA,NA,FALSE,1094,262,1356,TRUE,0,0.24826629680998613,0.7517337031900139,0.9056865464632455,0.09431345353675451,0,241430,1560,6.461500227809303,0.002986372861699043,0,1355,1356,1094,262,0,0,0,0,5.6165348134034705,0,NA,-0.002986372861699043,0,43,92,79,TRUE,TRUE,FALSE,79,92,TRUE,TRUE,TRUE
2021,Bodybuilding,Bodybuilding,Bodybuilding,AIMS sports | Other sports/disciplines - Non-Code Signatories,685,411,274,573,112,0,97,2,2021_anti-doping_testing_figures_en_v2.pdf,wada_testing_2021_sport_totals.csv,0,TRUE,Bodybuilding,1,Bodybuilding,AIMS,AIMS,96,2,0,0,13,81,20,101,0.84375,FALSE,FALSE,TRUE,1094,262,1356,TRUE,141.6058394160584,0.6,0.4,0.8364963503649635,0.1635036496350365,0,241430,1560,6.461500227809303,0.002837261317980367,0.06217948717948718,1355,1356,1094,262,0.07448377581120944,147.44525547445255,118.24817518248175,29.197080291970803,5.6165348134034705,26.251997071679263,0.8350515463917526,0.07164651449322906,26.25199707167926,44,5,5,TRUE,TRUE,FALSE,2,2,TRUE,TRUE,FALSE
2021,Curling,Curling,Curling,AIOWF Winter Olympic sports | Other sports/disciplines from Code Signatories | Sports for Athletes with an Impairment,630,179,451,607,18,5,0,3,2021_anti-doping_testing_figures_en_v2.pdf,wada_testing_2021_sport_totals.csv,0,TRUE,NA,NA,NA,NA,NA,0,0,0,0,0,0,0,0,NA,NA,NA,FALSE,1094,262,1356,TRUE,0,0.2841269841269841,0.7158730158730159,0.9634920634920635,0.02857142857142857,0.007936507936507936,241430,1560,6.461500227809303,0.002609452015076834,0,1355,1356,1094,262,0,0,0,0,5.6165348134034705,0,NA,-0.002609452015076834,0,45,92,79,TRUE,TRUE,FALSE,79,92,TRUE,TRUE,TRUE
2021,Sport Climbing,Sport Climbing,Sport Climbing,ARISF recognized sports | Sports for Athletes with an Impairment,630,301,329,594,34,2,1,2,2021_anti-doping_testing_figures_en_v2.pdf,wada_testing_2021_sport_totals.csv,0,TRUE,Sport Climbing,1,Sport Climbing,ARISF,ARISF,1,0,0,0,0,1,1,2,1,FALSE,FALSE,TRUE,1094,262,1356,TRUE,1.5873015873015872,0.4777777777777778,0.5222222222222223,0.9428571428571428,0.05396825396825397,0.0031746031746031746,241430,1560,6.461500227809303,0.002609452015076834,6.41025641025641e-4,1355,1356,1094,262,0.0014749262536873156,3.1746031746031744,1.5873015873015872,1.5873015873015872,5.6165348134034705,0.5652245165519502,1,-0.0011345257613895182,0.5652245165519502,45,69,49,TRUE,TRUE,FALSE,58,89,TRUE,TRUE,FALSE
2021,Golf,Golf,Golf,ASOIF Summer Olympic sports,571,301,270,553,14,4,7,1,2021_anti-doping_testing_figures_en_v2.pdf,wada_testing_2021_sport_totals.csv,0,TRUE,Golf,1,Golf,ASOIF,ASOIF,7,5,0,1,0,1,0,1,0.142857142857143,FALSE,FALSE,TRUE,1094,262,1356,TRUE,12.259194395796849,0.5271453590192644,0.47285464098073554,0.968476357267951,0.024518388791593695,0.0070052539404553416,241430,1560,6.461500227809303,0.002365074762871226,0.004487179487179487,1355,1356,1094,262,7.374631268436578e-4,1.7513134851138354,1.7513134851138354,0,5.6165348134034705,0.3118138751556293,0.14285714285714285,-0.001627611636027568,0.31181387515562925,47,38,59,TRUE,TRUE,FALSE,69,39,TRUE,TRUE,FALSE
2021,Para-Nordic Skiing,Para-Nordic Skiing,Para-Nordic Skiing,Paralympic sports/disciplines,546,84,462,517,29,0,1,1,2021_anti-doping_testing_figures_en_v2.pdf,wada_testing_2021_sport_totals.csv,0,TRUE,Para-Nordic Skiing,1,Para-Nordic Skiing,IPC,IPC,1,0,1,0,0,0,0,0,0,FALSE,FALSE,TRUE,1094,262,1356,TRUE,1.8315018315018314,0.15384615384615385,0.8461538461538461,0.9468864468864469,0.05311355311355311,0,241430,1560,6.461500227809303,0.002261525079733256,6.41025641025641e-4,1355,1356,1094,262,0,0,0,0,5.6165348134034705,0,0,-0.002261525079733256,0,48,69,79,TRUE,TRUE,FALSE,79,87,TRUE,TRUE,FALSE
2021,Sambo,Sambo,Sambo,AIMS sports,466,304,162,438,28,0,14,1,2021_anti-doping_testing_figures_en_v2.pdf,wada_testing_2021_sport_totals.csv,0,TRUE,Sambo,1,Sambo,AIMS,AIMS,14,0,0,0,0,14,1,15,1,FALSE,FALSE,TRUE,1094,262,1356,TRUE,30.042918454935624,0.6523605150214592,0.34763948497854075,0.9399141630901288,0.060085836909871244,0,241430,1560,6.461500227809303,0.0019301660936917532,0.008974358974358974,1355,1356,1094,262,0.011061946902654867,32.188841201716734,30.042918454935624,2.1459227467811157,5.6165348134034705,5.7310854950814685,1,0.009131780808963114,5.731085495081469,49,28,16,TRUE,FALSE,FALSE,11,13,TRUE,TRUE,FALSE
2021,Kickboxing,Kickboxing,Kickboxing,ARISF recognized sports,419,243,176,386,16,17,12,1,2021_anti-doping_testing_figures_en_v2.pdf,wada_testing_2021_sport_totals.csv,0,TRUE,Kickboxing,1,Kickboxing,ARISF,ARISF,11,0,0,0,0,11,0,11,1,FALSE,FALSE,TRUE,1094,262,1356,TRUE,28.639618138424822,0.5799522673031027,0.4200477326968974,0.9212410501193318,0.03818615751789976,0.0405727923627685,241430,1560,6.461500227809303,0.0017354926893923704,0.007692307692307693,1355,1356,1094,262,0.008112094395280236,26.252983293556085,26.252983293556085,0,5.6165348134034705,4.674231383896199,0.9166666666666666,0.0063766017058878655,4.674231383896199,50,29,26,TRUE,FALSE,FALSE,14,14,TRUE,TRUE,FALSE
2021,Floorball,Floorball,Floorball,ARISF recognized sports,391,245,146,381,10,0,3,1,2021_anti-doping_testing_figures_en_v2.pdf,wada_testing_2021_sport_totals.csv,0,TRUE,Floorball,1,Floorball,ARISF,ARISF,3,2,0,0,0,1,0,1,0.333333333333333,FALSE,FALSE,TRUE,1094,262,1356,TRUE,7.672634271099745,0.6265984654731458,0.3734015345268542,0.9744245524296675,0.02557544757033248,0,241430,1560,6.461500227809303,0.0016195170442778444,0.0019230769230769232,1355,1356,1094,262,7.374631268436578e-4,2.557544757033248,2.557544757033248,0,5.6165348134034705,0.4553599046390392,0.3333333333333333,-8.820539174341866e-4,0.4553599046390392,51,52,59,TRUE,FALSE,FALSE,63,54,TRUE,TRUE,FALSE
2021,Underwater Sports,Underwater Sports,Underwater,ARISF recognized sports,369,311,58,351,18,0,2,1,2021_anti-doping_testing_figures_en_v2.pdf,wada_testing_2021_sport_totals.csv,0,TRUE,Underwater Sports,1,Underwater Sports,ARISF,ARISF,2,0,0,0,0,2,0,2,1,FALSE,FALSE,TRUE,1094,262,1356,TRUE,5.420054200542006,0.8428184281842819,0.15718157181571815,0.9512195121951219,0.04878048780487805,0,241430,1560,6.461500227809303,0.0015283933231164312,0.001282051282051282,1355,1356,1094,262,0.0014749262536873156,5.420054200542006,5.420054200542006,0,5.6165348134034705,0.9650174672838175,1,-5.3467069429115636e-5,0.9650174672838174,52,59,49,TRUE,FALSE,FALSE,40,60,TRUE,TRUE,FALSE
2021,Wushu,Wushu,Wushu,ARISF recognized sports,332,106,226,330,2,0,3,1,2021_anti-doping_testing_figures_en_v2.pdf,wada_testing_2021_sport_totals.csv,0,TRUE,Wushu,1,Wushu,ARISF,ARISF,3,0,0,0,0,3,0,3,1,FALSE,FALSE,TRUE,1094,262,1356,TRUE,9.036144578313253,0.3192771084337349,0.6807228915662651,0.9939759036144579,0.006024096385542169,0,241430,1560,6.461500227809303,0.0013751397920722362,0.0019230769230769232,1355,1356,1094,262,0.0022123893805309734,9.036144578313253,9.036144578313253,0,5.6165348134034705,1.6088468919927499,1,8.372495884587372e-4,1.6088468919927499,53,52,45,TRUE,FALSE,FALSE,28,47,TRUE,TRUE,FALSE
2021,Sitting Volleyball,Sitting Volleyball,ParaVolley,Sports for Athletes with an Impairment,330,57,273,324,6,0,1,1,2021_anti-doping_testing_figures_en_v2.pdf,wada_testing_2021_sport_totals.csv,0,TRUE,Sitting Volleyball,1,ParaVolley,IMPAIRED,IMPAIRED,1,0,0,0,0,1,0,1,1,FALSE,FALSE,TRUE,1094,262,1356,TRUE,3.0303030303030303,0.17272727272727273,0.8272727272727273,0.9818181818181818,0.01818181818181818,0,241430,1560,6.461500227809303,0.0013668558174211986,6.41025641025641e-4,1355,1356,1094,262,7.374631268436578e-4,3.0303030303030303,3.0303030303030303,0,5.6165348134034705,0.5395324930723161,1,-6.293926905775408e-4,0.5395324930723161,54,69,59,TRUE,FALSE,FALSE,60,79,TRUE,TRUE,FALSE
2021,Jiu-Jitsu,Jiu-Jitsu,Jiu-Jitsu,AIMS sports,302,202,100,293,9,0,11,1,2021_anti-doping_testing_figures_en_v2.pdf,wada_testing_2021_sport_totals.csv,0,TRUE,Jiu-Jitsu,1,Ju-Jitsu,AIMS,AIMS,11,0,0,0,0,11,0,11,1,FALSE,FALSE,TRUE,1094,262,1356,TRUE,36.42384105960265,0.6688741721854304,0.33112582781456956,0.9701986754966887,0.029801324503311258,0,241430,1560,6.461500227809303,0.0012508801723066728,0.007051282051282051,1355,1356,1094,262,0.008112094395280236,36.42384105960265,36.42384105960265,0,5.6165348134034705,6.48510910547188,1,0.006861214222973563,6.485109105471878,55,32,26,TRUE,FALSE,FALSE,10,11,TRUE,TRUE,FALSE
2021,Orienteering,Orienteering,Orienteering,ARISF recognized sports | Sports for Athletes with an Impairment,293,194,99,281,12,0,1,2,2021_anti-doping_testing_figures_en_v2.pdf,wada_testing_2021_sport_totals.csv,0,TRUE,Orienteering,1,Orienteering,ARISF,ARISF,1,1,0,0,0,0,0,0,0,FALSE,FALSE,TRUE,1094,262,1356,TRUE,3.4129692832764507,0.6621160409556314,0.3378839590443686,0.9590443686006825,0.040955631399317405,0,241430,1560,6.461500227809303,0.0012136022863770037,6.41025641025641e-4,1355,1356,1094,262,0,0,0,0,5.6165348134034705,0,0,-0.0012136022863770037,0,56,69,79,TRUE,FALSE,FALSE,79,77,TRUE,TRUE,FALSE
2021,Automobile Sports,Automobile Sports,Automobile,ARISF recognized sports,277,219,58,276,1,0,4,1,2021_anti-doping_testing_figures_en_v2.pdf,wada_testing_2021_sport_totals.csv,0,TRUE,Automobile Sports,1,Automobile Sports,ARISF,ARISF,4,2,0,0,0,2,0,2,0.5,FALSE,FALSE,TRUE,1094,262,1356,TRUE,14.44043321299639,0.7906137184115524,0.20938628158844766,0.9963898916967509,0.0036101083032490976,0,241430,1560,6.461500227809303,0.0011473304891687032,0.002564102564102564,1355,1356,1094,262,0.0014749262536873156,7.220216606498195,7.220216606498195,0,5.6165348134034705,1.285528683854616,0.5,3.2759576451861245e-4,1.2855286838546158,57,45,49,TRUE,FALSE,FALSE,35,32,TRUE,TRUE,FALSE
2021,DanceSport,DanceSport,DanceSport,ARISF recognized sports,274,165,109,272,2,0,2,1,2021_anti-doping_testing_figures_en_v2.pdf,wada_testing_2021_sport_totals.csv,0,TRUE,DanceSport,1,DanceSport,ARISF,ARISF,2,1,0,0,0,1,0,1,0.5,FALSE,FALSE,TRUE,1094,262,1356,TRUE,7.299270072992701,0.6021897810218978,0.3978102189781022,0.9927007299270073,0.0072992700729927005,0,241430,1560,6.461500227809303,0.0011349045271921469,0.001282051282051282,1355,1356,1094,262,7.374631268436578e-4,3.6496350364963503,3.6496350364963503,0,5.6165348134034705,0.6498019077148333,0.5,-3.9744140034848907e-4,0.6498019077148331,58,59,59,TRUE,FALSE,FALSE,54,56,TRUE,TRUE,FALSE
2021,Australian Rules Football,Australian Rules Football,Australian Rules Football,Other sports/disciplines from Code Signatories,273,86,187,265,8,0,4,1,2021_anti-doping_testing_figures_en_v2.pdf,wada_testing_2021_sport_totals.csv,0,TRUE,Australian Rules Football,1,Australian Rules Football,OTHER-CS,OTHER-CS,4,0,3,0,0,1,0,1,0.25,FALSE,FALSE,TRUE,1094,262,1356,TRUE,14.652014652014651,0.315018315018315,0.684981684981685,0.9706959706959707,0.029304029304029304,0,241430,1560,6.461500227809303,0.001130762539866628,0.002564102564102564,1355,1356,1094,262,7.374631268436578e-4,3.663003663003663,3.663003663003663,0,5.6165348134034705,0.6521821344830194,0.25,-3.9329941302297016e-4,0.6521821344830194,59,45,59,TRUE,FALSE,FALSE,53,31,TRUE,TRUE,FALSE
2021,Motorcycling,Motorcycling,Motorcycling,ARISF recognized sports,253,244,9,253,0,0,7,1,2021_anti-doping_testing_figures_en_v2.pdf,wada_testing_2021_sport_totals.csv,0,TRUE,Motorcycling,1,Motorcycle Racing,ARISF,ARISF,7,4,0,0,0,3,1,4,0.428571428571429,FALSE,FALSE,TRUE,1094,262,1356,TRUE,27.66798418972332,0.9644268774703557,0.03557312252964427,1,0,0,241430,1560,6.461500227809303,0.0010479227933562524,0.004487179487179487,1355,1356,1094,262,0.0029498525073746312,15.810276679841897,11.857707509881422,3.952569169960474,5.6165348134034705,2.8149521377686058,0.42857142857142855,0.0019019297140183788,2.8149521377686053,60,38,40,TRUE,FALSE,FALSE,21,16,TRUE,TRUE,FALSE
2021,Para-Alpine Skiing,Para-Alpine Skiing,Para-Alpine Skiing,Paralympic sports/disciplines,236,29,207,225,11,0,1,1,2021_anti-doping_testing_figures_en_v2.pdf,wada_testing_2021_sport_totals.csv,0,TRUE,Para-Alpine Skiing,1,Para-Alpine Skiing,IPC,IPC,1,0,1,0,0,0,0,0,0,FALSE,FALSE,TRUE,1094,262,1356,TRUE,4.237288135593221,0.1228813559322034,0.8771186440677966,0.9533898305084746,0.046610169491525424,0,241430,1560,6.461500227809303,9.77509008822433e-4,6.41025641025641e-4,1355,1356,1094,262,0,0,0,0,5.6165348134034705,0,0,-9.77509008822433e-4,0,61,69,79,TRUE,FALSE,FALSE,79,69,TRUE,TRUE,FALSE
2021,Para-Ice Hockey,Para-Ice Hockey,Para-Ice Hockey,Paralympic sports/disciplines,236,95,141,231,5,0,1,1,2021_anti-doping_testing_figures_en_v2.pdf,wada_testing_2021_sport_totals.csv,0,TRUE,Para-Ice Hockey,1,Para-Ice Hockey,IPC,IPC,1,0,0,0,0,1,0,1,1,FALSE,FALSE,TRUE,1094,262,1356,TRUE,4.237288135593221,0.4025423728813559,0.597457627118644,0.9788135593220338,0.0211864406779661,0,241430,1560,6.461500227809303,9.77509008822433e-4,6.41025641025641e-4,1355,1356,1094,262,7.374631268436578e-4,4.237288135593221,4.237288135593221,0,5.6165348134034705,0.7544310284485777,1,-2.400458819787751e-4,0.7544310284485777,61,69,59,TRUE,FALSE,FALSE,47,69,TRUE,TRUE,FALSE
2021,Squash,Squash,Squash,ARISF recognized sports,232,98,134,224,8,0,3,1,2021_anti-doping_testing_figures_en_v2.pdf,wada_testing_2021_sport_totals.csv,0,TRUE,Squash,1,Squash,ARISF,ARISF,3,1,0,0,0,2,0,2,0.666666666666667,FALSE,FALSE,TRUE,1094,262,1356,TRUE,12.931034482758621,0.4224137931034483,0.5775862068965517,0.9655172413793104,0.034482758620689655,0,241430,1560,6.461500227809303,9.609410595203579e-4,0.0019230769230769232,1355,1356,1094,262,0.0014749262536873156,8.620689655172413,8.620689655172413,0,5.6165348134034705,1.534876919947106,0.6666666666666666,5.139851941669577e-4,1.534876919947106,63,52,49,TRUE,FALSE,FALSE,30,37,TRUE,TRUE,FALSE
2021,Surfing,Surfing,Surfing,ARISF recognized sports,212,74,138,207,5,0,3,1,2021_anti-doping_testing_figures_en_v2.pdf,wada_testing_2021_sport_totals.csv,0,TRUE,Surfing,1,Surfing,ARISF,ARISF,3,0,1,0,0,2,0,2,0.666666666666667,FALSE,FALSE,TRUE,1094,262,1356,TRUE,14.150943396226415,0.3490566037735849,0.6509433962264151,0.9764150943396226,0.02358490566037736,0,241430,1560,6.461500227809303,8.781013130099821e-4,0.0019230769230769232,1355,1356,1094,262,0.0014749262536873156,9.433962264150942,9.433962264150942,0,5.6165348134034705,1.6796766293760783,0.6666666666666666,5.968249406773335e-4,1.6796766293760785,64,52,49,TRUE,FALSE,FALSE,27,33,TRUE,TRUE,FALSE
2021,Life Saving,Life Saving,Life Saving,ARISF recognized sports,199,152,47,194,5,0,2,1,2021_anti-doping_testing_figures_en_v2.pdf,wada_testing_2021_sport_totals.csv,0,TRUE,Life Saving,1,Lifesaving,ARISF,ARISF,2,1,0,0,0,1,0,1,0.5,FALSE,FALSE,TRUE,1094,262,1356,TRUE,10.050251256281408,0.7638190954773869,0.23618090452261306,0.9748743718592965,0.02512562814070352,0,241430,1560,6.461500227809303,8.24255477778238e-4,0.001282051282051282,1355,1356,1094,262,7.374631268436578e-4,5.025125628140704,5.025125628140704,0,5.6165348134034705,0.8947021241902731,0.5,-8.679235093458015e-5,0.894702124190273,65,59,59,TRUE,FALSE,FALSE,44,41,TRUE,TRUE,FALSE
2021,School Sports,School Sports,School,Other sports/disciplines from Code Signatories,199,191,8,174,25,0,5,1,2021_anti-doping_testing_figures_en_v2.pdf,wada_testing_2021_sport_totals.csv,0,TRUE,School Sports,1,School Sports,OTHER-CS,OTHER-CS,5,0,1,0,0,4,0,4,0.8,FALSE,FALSE,TRUE,1094,262,1356,TRUE,25.12562814070352,0.9597989949748744,0.04020100502512563,0.8743718592964824,0.12562814070351758,0,241430,1560,6.461500227809303,8.24255477778238e-4,0.003205128205128205,1355,1356,1094,262,0.0029498525073746312,20.100502512562816,20.100502512562816,0,5.6165348134034705,3.5788084967610923,0.8,0.0021255970295963934,3.578808496761092,65,44,40,TRUE,FALSE,FALSE,16,19,TRUE,TRUE,FALSE
2021,Muaythai,Muaythai,Muaythai,ARISF recognized sports,192,109,83,184,8,0,4,1,2021_anti-doping_testing_figures_en_v2.pdf,wada_testing_2021_sport_totals.csv,0,TRUE,Muaythai,1,Muaythai,ARISF,ARISF,4,0,0,0,0,4,0,4,1,FALSE,FALSE,TRUE,1094,262,1356,TRUE,20.833333333333332,0.5677083333333334,0.4322916666666667,0.9583333333333334,0.041666666666666664,0,241430,1560,6.461500227809303,7.952615664996065e-4,0.002564102564102564,1355,1356,1094,262,0.0029498525073746312,20.833333333333332,20.833333333333332,0,5.6165348134034705,3.7092858898721732,1,0.0021545909408750247,3.7092858898721732,67,45,40,TRUE,FALSE,FALSE,15,22,TRUE,TRUE,FALSE
2021,Goalball,Goalball,Goalball,Sports for Athletes with an Impairment,189,67,122,185,4,0,9,1,2021_anti-doping_testing_figures_en_v2.pdf,wada_testing_2021_sport_totals.csv,0,TRUE,Goalball,1,Goalball,IMPAIRED,IMPAIRED,9,0,8,0,0,1,0,1,0.111111111111111,FALSE,FALSE,TRUE,1094,262,1356,TRUE,47.61904761904761,0.3544973544973545,0.6455026455026455,0.9788359788359788,0.021164021164021163,0,241430,1560,6.461500227809303,7.828356045230502e-4,0.0057692307692307696,1355,1356,1094,262,7.374631268436578e-4,5.291005291005291,5.291005291005291,0,5.6165348134034705,0.9420408609199171,0.1111111111111111,-4.5372477679392364e-5,0.9420408609199169,68,35,59,TRUE,FALSE,FALSE,41,6,TRUE,TRUE,FALSE
2021,Other Rugby,Other Rugby,Other Rugby,Sports for Athletes with an Impairment,185,55,130,174,11,0,1,1,2021_anti-doping_testing_figures_en_v2.pdf,wada_testing_2021_sport_totals.csv,0,TRUE,NA,NA,NA,NA,NA,0,0,0,0,0,0,0,0,NA,NA,NA,FALSE,1094,262,1356,TRUE,5.405405405405405,0.2972972972972973,0.7027027027027027,0.9405405405405406,0.05945945945945946,0,241430,1560,6.461500227809303,7.66267655220975e-4,6.41025641025641e-4,1355,1356,1094,262,0,0,0,0,5.6165348134034705,0,0,-7.66267655220975e-4,0,69,69,79,TRUE,FALSE,FALSE,79,61,TRUE,TRUE,TRUE
2021,Arm Wrestling,Arm Wrestling,Arm Wrestling,AIMS sports | Sports for Athletes with an Impairment,183,117,66,181,2,0,16,2,2021_anti-doping_testing_figures_en_v2.pdf,wada_testing_2021_sport_totals.csv,0,TRUE,Arm Wrestling,1,Arm Wrestling,AIMS,AIMS,16,0,0,0,1,15,0,15,0.9375,FALSE,FALSE,TRUE,1094,262,1356,TRUE,87.43169398907104,0.639344262295082,0.36065573770491804,0.9890710382513661,0.01092896174863388,0,241430,1560,6.461500227809303,7.579836805699375e-4,0.010256410256410256,1355,1356,1094,262,0.011061946902654867,81.96721311475409,81.96721311475409,0,5.6165348134034705,14.59391169785773,0.9375,0.01030396322208493,14.59391169785773,70,20,16,TRUE,FALSE,FALSE,4,3,TRUE,TRUE,FALSE
2021,Ski Mountaineering,Ski Mountaineering,Ski Mountaineering,ARISF recognized sports,178,87,91,156,22,0,0,1,2021_anti-doping_testing_figures_en_v2.pdf,wada_testing_2021_sport_totals.csv,0,TRUE,Ski Mountaineering,1,NA,NA,NA,0,0,0,0,0,0,1,1,NA,FALSE,FALSE,TRUE,1094,262,1356,TRUE,0,0.4887640449438202,0.5112359550561798,0.8764044943820225,0.12359550561797752,0,241430,1560,6.461500227809303,7.372737439423436e-4,0,1355,1356,1094,262,7.374631268436578e-4,5.617977528089887,0,5.617977528089887,5.6165348134034705,1.000256869179013,NA,1.8938290131421953e-7,1.0002568691790128,71,92,59,TRUE,FALSE,FALSE,39,92,TRUE,TRUE,FALSE
2021,Mixed Martial Arts,Mixed Martial Arts,Mixed Martial Arts,Other sports/disciplines - Non-Code Signatories | Other sports/disciplines from Code Signatories,173,108,65,170,3,0,8,2,2021_anti-doping_testing_figures_en_v2.pdf,wada_testing_2021_sport_totals.csv,0,TRUE,Mixed Martial Arts,1,Mixed Martial Arts,ADO Specific-CS,ADO Specific-CS,8,0,0,0,1,7,0,7,0.875,FALSE,FALSE,TRUE,1094,262,1356,TRUE,46.24277456647398,0.6242774566473989,0.37572254335260113,0.9826589595375722,0.017341040462427744,0,241430,1560,6.461500227809303,7.165638073147496e-4,0.005128205128205128,1355,1356,1094,262,0.005162241887905605,40.46242774566474,40.46242774566474,0,5.6165348134034705,7.204162190734395,0.875,0.004445678080590855,7.204162190734394,72,36,36,TRUE,FALSE,FALSE,8,7,TRUE,TRUE,FALSE
2021,Football 5-a-Side,Football 5-a-Side,Football 5-a-Side,Sports for Athletes with an Impairment,153,56,97,150,3,0,2,1,2021_anti-doping_testing_figures_en_v2.pdf,wada_testing_2021_sport_totals.csv,0,TRUE,Blind Football,1,Blind Football,IMPAIRED,IMPAIRED,2,0,2,0,0,0,0,0,0,FALSE,FALSE,TRUE,1094,262,1356,TRUE,13.071895424836601,0.3660130718954248,0.6339869281045751,0.9803921568627451,0.0196078431372549,0,241430,1560,6.461500227809303,6.337240608043739e-4,0.001282051282051282,1355,1356,1094,262,0,0,0,0,5.6165348134034705,0,0,-6.337240608043739e-4,0,73,59,79,TRUE,FALSE,FALSE,79,35,TRUE,TRUE,FALSE
2021,Gaelic Games,Gaelic Games,Gaelic Games,Other sports/disciplines - Non-Code Signatories,151,50,101,127,24,0,1,1,2021_anti-doping_testing_figures_en_v2.pdf,wada_testing_2021_sport_totals.csv,0,TRUE,Gaelic Games,1,Gaelic Games,OTHER,OTHER,1,1,0,0,0,0,0,0,0,FALSE,FALSE,TRUE,1094,262,1356,TRUE,6.622516556291391,0.33112582781456956,0.6688741721854304,0.8410596026490066,0.15894039735099338,0,241430,1560,6.461500227809303,6.254400861533364e-4,6.41025641025641e-4,1355,1356,1094,262,0,0,0,0,5.6165348134034705,0,0,-6.254400861533364e-4,0,74,69,79,TRUE,FALSE,FALSE,79,57,TRUE,TRUE,FALSE
2021,Netball,Netball,Netball,ARISF recognized sports,145,74,71,139,6,0,0,1,2021_anti-doping_testing_figures_en_v2.pdf,wada_testing_2021_sport_totals.csv,0,TRUE,NA,NA,NA,NA,NA,0,0,0,0,0,0,0,0,NA,NA,NA,FALSE,1094,262,1356,TRUE,0,0.5103448275862069,0.4896551724137931,0.9586206896551724,0.041379310344827586,0,241430,1560,6.461500227809303,6.005881622002236e-4,0,1355,1356,1094,262,0,0,0,0,5.6165348134034705,0,NA,-6.005881622002236e-4,0,75,92,79,TRUE,FALSE,FALSE,79,92,TRUE,TRUE,TRUE
2021,Water Skiing,Water Skiing,Water Skiing,ARISF recognized sports | Other sports/disciplines from Code Signatories | Sports for Athletes with an Impairment,145,91,54,141,4,0,2,3,2021_anti-doping_testing_figures_en_v2.pdf,wada_testing_2021_sport_totals.csv,0,TRUE,Water Skiing,1,Waterskiing,ARISF,ARISF,2,0,0,0,0,2,0,2,1,FALSE,FALSE,TRUE,1094,262,1356,TRUE,13.793103448275861,0.6275862068965518,0.3724137931034483,0.9724137931034482,0.027586206896551724,0,241430,1560,6.461500227809303,6.005881622002236e-4,0.001282051282051282,1355,1356,1094,262,0.0014749262536873156,13.793103448275861,13.793103448275861,0,5.6165348134034705,2.4558030719153696,1,8.74338091487092e-4,2.45580307191537,75,59,49,TRUE,FALSE,FALSE,22,34,TRUE,TRUE,FALSE
2021,Boccia,Boccia,Boccia,Sports for Athletes with an Impairment,140,42,98,139,1,0,3,1,2021_anti-doping_testing_figures_en_v2.pdf,wada_testing_2021_sport_totals.csv,0,TRUE,Boccia,1,Boccia,IMPAIRED,IMPAIRED,3,3,0,0,0,0,0,0,0,FALSE,FALSE,TRUE,1094,262,1356,TRUE,21.428571428571427,0.3,0.7,0.9928571428571429,0.007142857142857143,0,241430,1560,6.461500227809303,5.798782255726297e-4,0.0019230769230769232,1355,1356,1094,262,0,0,0,0,5.6165348134034705,0,0,-5.798782255726297e-4,0,77,52,79,TRUE,FALSE,FALSE,79,21,TRUE,TRUE,FALSE
2021,Kettlebell Lifting,Kettlebell Lifting,Kettlebell Lifting,Other sports/disciplines from Code Signatories,106,82,24,96,10,0,3,1,2021_anti-doping_testing_figures_en_v2.pdf,wada_testing_2021_sport_totals.csv,0,TRUE,Kettlebell Lifting,1,Kettlebell Lifting,OTHER-CS,OTHER-CS,3,0,0,0,0,3,0,3,1,FALSE,FALSE,TRUE,1094,262,1356,TRUE,28.30188679245283,0.7735849056603774,0.22641509433962265,0.9056603773584906,0.09433962264150944,0,241430,1560,6.461500227809303,4.3905065650499107e-4,0.0019230769230769232,1355,1356,1094,262,0.0022123893805309734,28.30188679245283,28.30188679245283,0,5.6165348134034705,5.039029888128235,1,0.0017733387240259824,5.039029888128235,78,52,45,TRUE,FALSE,FALSE,13,15,TRUE,TRUE,FALSE
2021,Para-Snowboard,Para-Snowboard,Para-Snowboard,Paralympic sports/disciplines,104,26,78,104,0,0,1,1,2021_anti-doping_testing_figures_en_v2.pdf,wada_testing_2021_sport_totals.csv,0,TRUE,Para-Snowboard,1,Para-Snowboard,IPC,IPC,1,1,0,0,0,0,0,0,0,FALSE,FALSE,TRUE,1094,262,1356,TRUE,9.615384615384617,0.25,0.75,1,0,0,241430,1560,6.461500227809303,4.307666818539535e-4,6.41025641025641e-4,1355,1356,1094,262,0,0,0,0,5.6165348134034705,0,0,-4.307666818539535e-4,0,79,69,79,TRUE,FALSE,FALSE,79,44,TRUE,TRUE,FALSE
2021,Chess,Chess,Chess,ARISF recognized sports | Other sports/disciplines from Code Signatories,88,80,8,88,0,0,1,2,2021_anti-doping_testing_figures_en_v2.pdf,wada_testing_2021_sport_totals.csv,0,TRUE,NA,NA,NA,NA,NA,0,0,0,0,0,0,0,0,NA,NA,NA,FALSE,1094,262,1356,TRUE,11.363636363636363,0.9090909090909091,0.09090909090909091,1,0,0,241430,1560,6.461500227809303,3.64494884645653e-4,6.41025641025641e-4,1355,1356,1094,262,0,0,0,0,5.6165348134034705,0,0,-3.64494884645653e-4,0,80,69,79,FALSE,FALSE,FALSE,NA,NA,TRUE,TRUE,TRUE
2021,Billiards,Billiards,Billiards,ARISF recognized sports,77,56,21,77,0,0,2,1,2021_anti-doping_testing_figures_en_v2.pdf,wada_testing_2021_sport_totals.csv,0,TRUE,Billiards,1,Billiards Sports,ARISF,ARISF,2,1,0,0,0,1,0,1,0.5,FALSE,FALSE,TRUE,1094,262,1356,TRUE,25.974025974025977,0.7272727272727273,0.2727272727272727,1,0,0,241430,1560,6.461500227809303,3.1893302406494636e-4,0.001282051282051282,1355,1356,1094,262,7.374631268436578e-4,12.987012987012989,12.987012987012989,0,5.6165348134034705,2.312282113167069,0.5,4.1853010277871145e-4,2.3122821131670688,81,59,59,FALSE,FALSE,FALSE,NA,NA,TRUE,TRUE,FALSE
2021,Sport Fishing,Sport Fishing,Sport Fishing,AIMS sports,74,52,22,74,0,0,2,2,2021_anti-doping_testing_figures_en_v2.pdf,wada_testing_2021_sport_totals.csv,0,TRUE,Sport Fishing,1,Sport Fishing,AIMS,AIMS,2,2,0,0,0,0,0,0,0,FALSE,FALSE,TRUE,1094,262,1356,TRUE,27.027027027027028,0.7027027027027027,0.2972972972972973,1,0,0,241430,1560,6.461500227809303,3.0650706208839e-4,0.001282051282051282,1355,1356,1094,262,0,0,0,0,5.6165348134034705,0,0,-3.0650706208839e-4,0,82,59,79,FALSE,FALSE,FALSE,NA,NA,TRUE,TRUE,FALSE
2021,Basque Pelota,Basque Pelota,Basque Pelota,ARISF recognized sports,62,56,6,62,0,0,1,1,2021_anti-doping_testing_figures_en_v2.pdf,wada_testing_2021_sport_totals.csv,0,TRUE,Basque Pelota,1,Basque Pelota,ARISF,ARISF,1,0,0,0,1,0,0,0,0,FALSE,FALSE,TRUE,1094,262,1356,TRUE,16.129032258064516,0.9032258064516129,0.0967741935483871,1,0,0,241430,1560,6.461500227809303,2.568032141821646e-4,6.41025641025641e-4,1355,1356,1094,262,0,0,0,0,5.6165348134034705,0,0,-2.568032141821646e-4,0,83,69,79,FALSE,FALSE,FALSE,NA,NA,TRUE,TRUE,FALSE
2021,Sumo,Sumo,Sumo,ARISF recognized sports,61,41,20,61,0,0,1,1,2021_anti-doping_testing_figures_en_v2.pdf,wada_testing_2021_sport_totals.csv,0,TRUE,Sumo,1,Sumo,ARISF,ARISF,1,0,0,0,0,1,0,1,1,FALSE,FALSE,TRUE,1094,262,1356,TRUE,16.393442622950822,0.6721311475409836,0.32786885245901637,1,0,0,241430,1560,6.461500227809303,2.526612268566458e-4,6.41025641025641e-4,1355,1356,1094,262,7.374631268436578e-4,16.393442622950822,16.393442622950822,0,5.6165348134034705,2.9187823395715466,1,4.84801899987012e-4,2.9187823395715458,84,69,59,FALSE,FALSE,FALSE,NA,NA,TRUE,TRUE,FALSE
2021,Cheer,Cheer,Cheer | Cheerleading,ARISF recognized sports | Other sports/disciplines from Code Signatories,58,4,54,55,3,0,1,2,2021_anti-doping_testing_figures_en_v2.pdf,wada_testing_2021_sport_totals.csv,0,TRUE,Cheer,1,Cheer,ARISF,ARISF,1,0,0,0,0,1,0,1,1,FALSE,FALSE,TRUE,1094,262,1356,TRUE,17.241379310344826,0.06896551724137931,0.9310344827586207,0.9482758620689655,0.05172413793103448,0,241430,1560,6.461500227809303,2.4023526488008948e-4,6.41025641025641e-4,1355,1356,1094,262,7.374631268436578e-4,17.241379310344826,17.241379310344826,0,5.6165348134034705,3.069753839894212,1,4.972278619635683e-4,3.069753839894212,85,69,59,FALSE,FALSE,FALSE,NA,NA,TRUE,TRUE,FALSE
2021,Mountaineering and Climbing,Mountaineering and Climbing,Mountaineering and Climbing,ARISF recognized sports,57,25,32,55,2,0,1,1,2021_anti-doping_testing_figures_en_v2.pdf,wada_testing_2021_sport_totals.csv,0,TRUE,Mountaineering and Climbing,1,Mountaineering and Climbing,ARISF,ARISF,1,0,0,0,0,1,0,1,1,FALSE,FALSE,TRUE,1094,262,1356,TRUE,17.543859649122805,0.43859649122807015,0.5614035087719298,0.9649122807017544,0.03508771929824561,0,241430,1560,6.461500227809303,2.3609327755457068e-4,6.41025641025641e-4,1355,1356,1094,262,7.374631268436578e-4,17.543859649122805,17.543859649122805,0,5.6165348134034705,3.1236091704186717,1,5.013698492890872e-4,3.123609170418672,86,69,59,FALSE,FALSE,FALSE,NA,NA,TRUE,TRUE,FALSE
2021,Bandy,Bandy,Bandy,ARISF recognized sports,54,47,7,54,0,0,1,1,2021_anti-doping_testing_figures_en_v2.pdf,wada_testing_2021_sport_totals.csv,0,TRUE,Bandy,1,Bandy,ARISF,ARISF,1,1,0,0,0,0,0,0,0,FALSE,FALSE,TRUE,1094,262,1356,TRUE,18.51851851851852,0.8703703703703703,0.12962962962962962,1,0,0,241430,1560,6.461500227809303,2.2366731557801433e-4,6.41025641025641e-4,1355,1356,1094,262,0,0,0,0,5.6165348134034705,0,0,-2.2366731557801433e-4,0,87,69,79,FALSE,FALSE,FALSE,NA,NA,TRUE,TRUE,FALSE
2021,Savate,Savate,Savate,AIMS sports,54,36,18,50,4,0,1,1,2021_anti-doping_testing_figures_en_v2.pdf,wada_testing_2021_sport_totals.csv,0,TRUE,Savate,1,Savate,AIMS,AIMS,1,1,0,0,0,0,0,0,0,FALSE,FALSE,TRUE,1094,262,1356,TRUE,18.51851851851852,0.6666666666666666,0.3333333333333333,0.9259259259259259,0.07407407407407407,0,241430,1560,6.461500227809303,2.2366731557801433e-4,6.41025641025641e-4,1355,1356,1094,262,0,0,0,0,5.6165348134034705,0,0,-2.2366731557801433e-4,0,87,69,79,FALSE,FALSE,FALSE,NA,NA,TRUE,TRUE,FALSE
2021,Boules Sports,Boules Sports,Boules,ARISF recognized sports,50,39,11,50,0,0,2,1,2021_anti-doping_testing_figures_en_v2.pdf,wada_testing_2021_sport_totals.csv,0,TRUE,Boules Sports,1,Boules Sports,ARISF,ARISF,2,0,0,0,0,2,0,2,1,FALSE,FALSE,TRUE,1094,262,1356,TRUE,40,0.78,0.22,1,0,0,241430,1560,6.461500227809303,2.070993662759392e-4,0.001282051282051282,1355,1356,1094,262,0.0014749262536873156,40,40,0,5.6165348134034705,7.121828908554573,1,0.0012678268874113765,7.121828908554573,89,59,49,FALSE,FALSE,FALSE,NA,NA,TRUE,TRUE,FALSE
2021,Powerboating,Powerboating,Powerboating,ARISF recognized sports,50,43,7,40,10,0,1,1,2021_anti-doping_testing_figures_en_v2.pdf,wada_testing_2021_sport_totals.csv,0,TRUE,Powerboating,1,Powerboating,ARISF,ARISF,1,0,0,0,0,1,0,1,1,FALSE,FALSE,TRUE,1094,262,1356,TRUE,20,0.86,0.14,0.8,0.2,0,241430,1560,6.461500227809303,2.070993662759392e-4,6.41025641025641e-4,1355,1356,1094,262,7.374631268436578e-4,20,20,0,5.6165348134034705,3.5609144542772864,1,5.303637605677187e-4,3.5609144542772864,89,69,59,FALSE,FALSE,FALSE,NA,NA,TRUE,TRUE,FALSE
2021,Korfball,Korfball,Korfball,ARISF recognized sports,44,33,11,44,0,0,0,1,2021_anti-doping_testing_figures_en_v2.pdf,wada_testing_2021_sport_totals.csv,0,TRUE,NA,NA,NA,NA,NA,0,0,0,0,0,0,0,0,NA,NA,NA,FALSE,1094,262,1356,TRUE,0,0.75,0.25,1,0,0,241430,1560,6.461500227809303,1.822474423228265e-4,0,1355,1356,1094,262,0,0,0,0,5.6165348134034705,0,NA,-1.822474423228265e-4,0,91,92,79,FALSE,FALSE,FALSE,NA,NA,TRUE,TRUE,TRUE
2021,Sepaktakraw,Sepaktakraw,Sepaktakraw,AIMS sports,43,14,29,43,0,0,0,1,2021_anti-doping_testing_figures_en_v2.pdf,wada_testing_2021_sport_totals.csv,0,TRUE,NA,NA,NA,NA,NA,0,0,0,0,0,0,0,0,NA,NA,NA,FALSE,1094,262,1356,TRUE,0,0.32558139534883723,0.6744186046511628,1,0,0,241430,1560,6.461500227809303,1.781054549973077e-4,0,1355,1356,1094,262,0,0,0,0,5.6165348134034705,0,NA,-1.781054549973077e-4,0,92,92,79,FALSE,FALSE,FALSE,NA,NA,TRUE,TRUE,TRUE
2021,Air Sports,Air Sports,Air,ARISF recognized sports | Other sports/disciplines from Code Signatories,41,33,8,41,0,0,0,2,2021_anti-doping_testing_figures_en_v2.pdf,wada_testing_2021_sport_totals.csv,0,TRUE,NA,NA,NA,NA,NA,0,0,0,0,0,0,0,0,NA,NA,NA,FALSE,1094,262,1356,TRUE,0,0.8048780487804879,0.1951219512195122,1,0,0,241430,1560,6.461500227809303,1.6982148034627015e-4,0,1355,1356,1094,262,0,0,0,0,5.6165348134034705,0,NA,-1.6982148034627015e-4,0,93,92,79,FALSE,FALSE,FALSE,NA,NA,TRUE,TRUE,TRUE
2021,Bowling,Bowling,Bowling,ARISF recognized sports,41,19,22,41,0,0,0,1,2021_anti-doping_testing_figures_en_v2.pdf,wada_testing_2021_sport_totals.csv,0,TRUE,NA,NA,NA,NA,NA,0,0,0,0,0,0,0,0,NA,NA,NA,FALSE,1094,262,1356,TRUE,0,0.4634146341463415,0.5365853658536586,1,0,0,241430,1560,6.461500227809303,1.6982148034627015e-4,0,1355,1356,1094,262,0,0,0,0,5.6165348134034705,0,NA,-1.6982148034627015e-4,0,93,92,79,FALSE,FALSE,FALSE,NA,NA,TRUE,TRUE,TRUE
2021,Tug of War,Tug of War,Tug of War,ARISF recognized sports,41,29,12,39,2,0,1,1,2021_anti-doping_testing_figures_en_v2.pdf,wada_testing_2021_sport_totals.csv,0,TRUE,Tug of War,1,Tug of War,ARISF,ARISF,1,1,0,0,0,0,0,0,0,FALSE,FALSE,TRUE,1094,262,1356,TRUE,24.390243902439025,0.7073170731707317,0.2926829268292683,0.9512195121951219,0.04878048780487805,0,241430,1560,6.461500227809303,1.6982148034627015e-4,6.41025641025641e-4,1355,1356,1094,262,0,0,0,0,5.6165348134034705,0,0,-1.6982148034627015e-4,0,93,69,79,FALSE,FALSE,FALSE,NA,NA,TRUE,TRUE,FALSE
2021,Dragon Boat,Dragon Boat,Dragon Boat,AIMS sports,36,8,28,36,0,0,0,1,2021_anti-doping_testing_figures_en_v2.pdf,wada_testing_2021_sport_totals.csv,0,TRUE,NA,NA,NA,NA,NA,0,0,0,0,0,0,0,0,NA,NA,NA,FALSE,1094,262,1356,TRUE,0,0.2222222222222222,0.7777777777777778,1,0,0,241430,1560,6.461500227809303,1.4911154371867623e-4,0,1355,1356,1094,262,0,0,0,0,5.6165348134034705,0,NA,-1.4911154371867623e-4,0,96,92,79,FALSE,FALSE,FALSE,NA,NA,TRUE,TRUE,TRUE
2021,Racquetball,Racquetball,Racquetball,ARISF recognized sports,35,20,15,35,0,0,0,1,2021_anti-doping_testing_figures_en_v2.pdf,wada_testing_2021_sport_totals.csv,0,TRUE,NA,NA,NA,NA,NA,0,0,0,0,0,0,0,0,NA,NA,NA,FALSE,1094,262,1356,TRUE,0,0.5714285714285714,0.42857142857142855,1,0,0,241430,1560,6.461500227809303,1.4496955639315743e-4,0,1355,1356,1094,262,0,0,0,0,5.6165348134034705,0,NA,-1.4496955639315743e-4,0,97,92,79,FALSE,FALSE,FALSE,NA,NA,TRUE,TRUE,TRUE
2021,Kabaddi,Kabaddi,Kabaddi,Other sports/disciplines - Non-Code Signatories | Other sports/disciplines from Code Signatories,33,24,9,33,0,0,1,2,2021_anti-doping_testing_figures_en_v2.pdf,wada_testing_2021_sport_totals.csv,0,TRUE,Kabaddi,1,Kabaddi,ADO Specific-CS,ADO Specific-CS,1,0,0,0,0,1,0,1,1,FALSE,FALSE,TRUE,1094,262,1356,TRUE,30.303030303030305,0.7272727272727273,0.2727272727272727,1,0,0,241430,1560,6.461500227809303,1.3668558174211986e-4,6.41025641025641e-4,1355,1356,1094,262,7.374631268436578e-4,30.303030303030305,30.303030303030305,0,5.6165348134034705,5.395324930723161,1,6.00777545101538e-4,5.395324930723161,98,69,59,FALSE,FALSE,FALSE,NA,NA,TRUE,TRUE,FALSE
2021,College,College,College,Other sports/disciplines from Code Signatories,32,29,3,32,0,0,0,1,2021_anti-doping_testing_figures_en_v2.pdf,wada_testing_2021_sport_totals.csv,0,TRUE,NA,NA,NA,NA,NA,0,0,0,0,0,0,0,0,NA,NA,NA,FALSE,1094,262,1356,TRUE,0,0.90625,0.09375,1,0,0,241430,1560,6.461500227809303,1.3254359441660109e-4,0,1355,1356,1094,262,0,0,0,0,5.6165348134034705,0,NA,-1.3254359441660109e-4,0,99,92,79,FALSE,FALSE,FALSE,NA,NA,TRUE,TRUE,TRUE
2021,Kendo,Kendo,Kendo,AIMS sports,30,21,9,30,0,0,0,1,2021_anti-doping_testing_figures_en_v2.pdf,wada_testing_2021_sport_totals.csv,0,TRUE,NA,NA,NA,NA,NA,0,0,0,0,0,0,0,0,NA,NA,NA,FALSE,1094,262,1356,TRUE,0,0.7,0.3,1,0,0,241430,1560,6.461500227809303,1.242596197655635e-4,0,1355,1356,1094,262,0,0,0,0,5.6165348134034705,0,NA,-1.242596197655635e-4,0,100,92,79,FALSE,FALSE,FALSE,NA,NA,TRUE,TRUE,TRUE
2021,Fistball,Fistball,Fistball,AIMS sports,29,4,25,25,4,0,0,1,2021_anti-doping_testing_figures_en_v2.pdf,wada_testing_2021_sport_totals.csv,0,TRUE,NA,NA,NA,NA,NA,0,0,0,0,0,0,0,0,NA,NA,NA,FALSE,1094,262,1356,TRUE,0,0.13793103448275862,0.8620689655172413,0.8620689655172413,0.13793103448275862,0,241430,1560,6.461500227809303,1.2011763244004474e-4,0,1355,1356,1094,262,0,0,0,0,5.6165348134034705,0,NA,-1.2011763244004474e-4,0,101,92,79,FALSE,FALSE,FALSE,NA,NA,TRUE,TRUE,TRUE
2021,Functional Fitness,Functional Fitness,Functional Fitness,Other sports/disciplines - Non-Code Signatories | Other sports/disciplines from Code Signatories,26,11,15,26,0,0,2,2,2021_anti-doping_testing_figures_en_v2.pdf,wada_testing_2021_sport_totals.csv,0,TRUE,Functional Fitness,1,Functional Fitness,ADO Specific-CS,ADO Specific-CS,2,1,0,0,0,1,2,3,0.5,FALSE,FALSE,TRUE,1094,262,1356,TRUE,76.92307692307693,0.4230769230769231,0.5769230769230769,1,0,0,241430,1560,6.461500227809303,1.0769167046348838e-4,0.001282051282051282,1355,1356,1094,262,0.0022123893805309734,115.38461538461539,38.46153846153847,76.92307692307693,5.6165348134034705,20.543737236215115,0.5,0.002104697710067485,20.54373723621511,102,59,45,FALSE,FALSE,FALSE,NA,NA,TRUE,TRUE,FALSE
2021,Para-Biathlon,Para-Biathlon,Para-Biathlon,Paralympic sports/disciplines,25,10,15,25,0,0,0,1,2021_anti-doping_testing_figures_en_v2.pdf,wada_testing_2021_sport_totals.csv,0,TRUE,NA,NA,NA,NA,NA,0,0,0,0,0,0,0,0,NA,NA,NA,FALSE,1094,262,1356,TRUE,0,0.4,0.6,1,0,0,241430,1560,6.461500227809303,1.035496831379696e-4,0,1355,1356,1094,262,0,0,0,0,5.6165348134034705,0,NA,-1.035496831379696e-4,0,103,92,79,FALSE,FALSE,FALSE,NA,NA,TRUE,TRUE,TRUE
2021,Brazilian Jiu-Jitsu,Brazilian Jiu-Jitsu,Brazilian Jiu-Jitsu,Other sports/disciplines from Code Signatories,23,16,7,23,0,0,1,1,2021_anti-doping_testing_figures_en_v2.pdf,wada_testing_2021_sport_totals.csv,0,TRUE,Brazilian Jiu-Jitsu,1,Brazilian Jiu-Jitsu,ADO Specific-CS,ADO Specific-CS,1,0,0,0,0,1,0,1,1,FALSE,FALSE,TRUE,1094,262,1356,TRUE,43.47826086956522,0.6956521739130435,0.30434782608695654,1,0,0,241430,1560,6.461500227809303,9.526570848693203e-5,6.41025641025641e-4,1355,1356,1094,262,7.374631268436578e-4,43.47826086956522,43.47826086956522,0,5.6165348134034705,7.741118378863667,1,6.421974183567257e-4,7.741118378863665,104,69,59,FALSE,FALSE,FALSE,NA,NA,TRUE,TRUE,FALSE
2021,Bridge,Bridge,Bridge,ARISF recognized sports,21,4,17,21,0,0,0,1,2021_anti-doping_testing_figures_en_v2.pdf,wada_testing_2021_sport_totals.csv,0,TRUE,NA,NA,NA,NA,NA,0,0,0,0,0,0,0,0,NA,NA,NA,FALSE,1094,262,1356,TRUE,0,0.19047619047619047,0.8095238095238095,1,0,0,241430,1560,6.461500227809303,8.698173383589446e-5,0,1355,1356,1094,262,0,0,0,0,5.6165348134034705,0,NA,-8.698173383589446e-5,0,105,92,79,FALSE,FALSE,FALSE,NA,NA,TRUE,TRUE,TRUE
2021,7-a-Side Football,7-a-Side Football,7-a-Side Football,Sports for Athletes with an Impairment,20,0,20,20,0,0,0,1,2021_anti-doping_testing_figures_en_v2.pdf,wada_testing_2021_sport_totals.csv,0,TRUE,NA,NA,NA,NA,NA,0,0,0,0,0,0,0,0,NA,NA,NA,FALSE,1094,262,1356,TRUE,0,0,1,1,0,0,241430,1560,6.461500227809303,8.283974651037568e-5,0,1355,1356,1094,262,0,0,0,0,5.6165348134034705,0,NA,-8.283974651037568e-5,0,106,92,79,FALSE,FALSE,FALSE,NA,NA,TRUE,TRUE,TRUE
2021,Icestocksport,Icestocksport,Icestocksport,ARISF recognized sports,17,5,12,14,3,0,0,1,2021_anti-doping_testing_figures_en_v2.pdf,wada_testing_2021_sport_totals.csv,0,TRUE,NA,NA,NA,NA,NA,0,0,0,0,0,0,0,0,NA,NA,NA,FALSE,1094,262,1356,TRUE,0,0.29411764705882354,0.7058823529411765,0.8235294117647058,0.17647058823529413,0,241430,1560,6.461500227809303,7.041378453381933e-5,0,1355,1356,1094,262,0,0,0,0,5.6165348134034705,0,NA,-7.041378453381933e-5,0,107,92,79,FALSE,FALSE,FALSE,NA,NA,TRUE,TRUE,TRUE
2021,Minigolf,Minigolf,Minigolf,AIMS sports,16,8,8,16,0,0,0,1,2021_anti-doping_testing_figures_en_v2.pdf,wada_testing_2021_sport_totals.csv,0,TRUE,NA,NA,NA,NA,NA,0,0,0,0,0,0,0,0,NA,NA,NA,FALSE,1094,262,1356,TRUE,0,0.5,0.5,1,0,0,241430,1560,6.461500227809303,6.627179720830054e-5,0,1355,1356,1094,262,0,0,0,0,5.6165348134034705,0,NA,-6.627179720830054e-5,0,108,92,79,FALSE,FALSE,FALSE,NA,NA,TRUE,TRUE,TRUE
2021,Flying Disc,Flying Disc,Flying Disc,ARISF recognized sports | Other sports/disciplines from Code Signatories,13,11,2,13,0,0,1,2,2021_anti-doping_testing_figures_en_v2.pdf,wada_testing_2021_sport_totals.csv,0,TRUE,Flying Disc,1,Flying Disc,ADO Specific-CS,ADO Specific-CS,1,0,0,0,0,1,0,1,1,FALSE,FALSE,TRUE,1094,262,1356,TRUE,76.92307692307693,0.8461538461538461,0.15384615384615385,1,0,0,241430,1560,6.461500227809303,5.384583523174419e-5,6.41025641025641e-4,1355,1356,1094,262,7.374631268436578e-4,76.92307692307693,76.92307692307693,0,5.6165348134034705,13.695824824143411,1,6.836172916119136e-4,13.695824824143408,109,69,59,FALSE,FALSE,FALSE,NA,NA,TRUE,TRUE,FALSE
2021,Pencak Silat,Pencak Silat,Pencak Silat,Other sports/disciplines from Code Signatories,13,12,1,13,0,0,0,1,2021_anti-doping_testing_figures_en_v2.pdf,wada_testing_2021_sport_totals.csv,0,TRUE,NA,NA,NA,NA,NA,0,0,0,0,0,0,0,0,NA,NA,NA,FALSE,1094,262,1356,TRUE,0,0.9230769230769231,0.07692307692307693,1,0,0,241430,1560,6.461500227809303,5.384583523174419e-5,0,1355,1356,1094,262,0,0,0,0,5.6165348134034705,0,NA,-5.384583523174419e-5,0,109,92,79,FALSE,FALSE,FALSE,NA,NA,TRUE,TRUE,TRUE
2021,Soft Tennis,Soft Tennis,Soft Tennis,AIMS sports,13,8,5,13,0,0,0,1,2021_anti-doping_testing_figures_en_v2.pdf,wada_testing_2021_sport_totals.csv,0,TRUE,NA,NA,NA,NA,NA,0,0,0,0,0,0,0,0,NA,NA,NA,FALSE,1094,262,1356,TRUE,0,0.6153846153846154,0.38461538461538464,1,0,0,241430,1560,6.461500227809303,5.384583523174419e-5,0,1355,1356,1094,262,0,0,0,0,5.6165348134034705,0,NA,-5.384583523174419e-5,0,109,92,79,FALSE,FALSE,FALSE,NA,NA,TRUE,TRUE,TRUE
2021,Baseball,Baseball,Baseball,Other sports/disciplines from Code Signatories,8,8,0,8,0,0,0,1,2021_anti-doping_testing_figures_en_v2.pdf,wada_testing_2021_sport_totals.csv,0,TRUE,Baseball,1,Baseball,ARISF,ARISF,15,3,1,0,0,11,2,13,0.733333333333333,FALSE,FALSE,TRUE,1094,262,1356,TRUE,0,1,0,1,0,0,241430,1560,6.461500227809303,3.313589860415027e-5,0,1355,1356,1094,262,0.009587020648967551,1625,1375,250,5.6165348134034705,289.32429941002954,NA,0.009553884750363402,289.3242994100295,112,92,22,FALSE,FALSE,FALSE,NA,NA,TRUE,TRUE,FALSE
2021,Bowls,Bowls,Bowls,Other sports/disciplines from Code Signatories,8,8,0,8,0,0,0,1,2021_anti-doping_testing_figures_en_v2.pdf,wada_testing_2021_sport_totals.csv,0,TRUE,NA,NA,NA,NA,NA,0,0,0,0,0,0,0,0,NA,NA,NA,FALSE,1094,262,1356,TRUE,0,1,0,1,0,0,241430,1560,6.461500227809303,3.313589860415027e-5,0,1355,1356,1094,262,0,0,0,0,5.6165348134034705,0,NA,-3.313589860415027e-5,0,112,92,79,FALSE,FALSE,FALSE,NA,NA,TRUE,TRUE,TRUE
2021,Course Camarguaise,Course Camarguaise,Course Camarguaise,Other sports/disciplines from Code Signatories,6,6,0,6,0,0,0,1,2021_anti-doping_testing_figures_en_v2.pdf,wada_testing_2021_sport_totals.csv,0,TRUE,NA,NA,NA,NA,NA,0,0,0,0,0,0,0,0,NA,NA,NA,FALSE,1094,262,1356,TRUE,0,1,0,1,0,0,241430,1560,6.461500227809303,2.4851923953112702e-5,0,1355,1356,1094,262,0,0,0,0,5.6165348134034705,0,NA,-2.4851923953112702e-5,0,114,92,79,FALSE,FALSE,FALSE,NA,NA,TRUE,TRUE,TRUE
2021,Darts,Darts,Darts,AIMS sports,6,6,0,6,0,0,0,1,2021_anti-doping_testing_figures_en_v2.pdf,wada_testing_2021_sport_totals.csv,0,TRUE,NA,NA,NA,NA,NA,0,0,0,0,0,0,0,0,NA,NA,NA,FALSE,1094,262,1356,TRUE,0,1,0,1,0,0,241430,1560,6.461500227809303,2.4851923953112702e-5,0,1355,1356,1094,262,0,0,0,0,5.6165348134034705,0,NA,-2.4851923953112702e-5,0,114,92,79,FALSE,FALSE,FALSE,NA,NA,TRUE,TRUE,TRUE
2021,Go,Go,Go,AIMS sports,6,6,0,6,0,0,0,1,2021_anti-doping_testing_figures_en_v2.pdf,wada_testing_2021_sport_totals.csv,0,TRUE,NA,NA,NA,NA,NA,0,0,0,0,0,0,0,0,NA,NA,NA,FALSE,1094,262,1356,TRUE,0,1,0,1,0,0,241430,1560,6.461500227809303,2.4851923953112702e-5,0,1355,1356,1094,262,0,0,0,0,5.6165348134034705,0,NA,-2.4851923953112702e-5,0,114,92,79,FALSE,FALSE,FALSE,NA,NA,TRUE,TRUE,TRUE
2021,Unifight,Unifight,Unifight,Other sports/disciplines from Code Signatories,6,6,0,6,0,0,0,1,2021_anti-doping_testing_figures_en_v2.pdf,wada_testing_2021_sport_totals.csv,0,TRUE,NA,NA,NA,NA,NA,0,0,0,0,0,0,0,0,NA,NA,NA,FALSE,1094,262,1356,TRUE,0,1,0,1,0,0,241430,1560,6.461500227809303,2.4851923953112702e-5,0,1355,1356,1094,262,0,0,0,0,5.6165348134034705,0,NA,-2.4851923953112702e-5,0,114,92,79,FALSE,FALSE,FALSE,NA,NA,TRUE,TRUE,TRUE
2021,Military Sport Pentathlon,Military Sport Pentathlon,Military Sport Pentathlon,Other sports/disciplines from Code Signatories,5,5,0,5,0,0,0,1,2021_anti-doping_testing_figures_en_v2.pdf,wada_testing_2021_sport_totals.csv,0,TRUE,NA,NA,NA,NA,NA,0,0,0,0,0,0,0,0,NA,NA,NA,FALSE,1094,262,1356,TRUE,0,1,0,1,0,0,241430,1560,6.461500227809303,2.070993662759392e-5,0,1355,1356,1094,262,0,0,0,0,5.6165348134034705,0,NA,-2.070993662759392e-5,0,118,92,79,FALSE,FALSE,FALSE,NA,NA,TRUE,TRUE,TRUE
2021,Electronic Sports,Electronic Sports,Electronic,Other sports/disciplines from Code Signatories,4,4,0,4,0,0,0,1,2021_anti-doping_testing_figures_en_v2.pdf,wada_testing_2021_sport_totals.csv,0,TRUE,NA,NA,NA,NA,NA,0,0,0,0,0,0,0,0,NA,NA,NA,FALSE,1094,262,1356,TRUE,0,1,0,1,0,0,241430,1560,6.461500227809303,1.6567949302075136e-5,0,1355,1356,1094,262,0,0,0,0,5.6165348134034705,0,NA,-1.6567949302075136e-5,0,119,92,79,FALSE,FALSE,FALSE,NA,NA,TRUE,TRUE,TRUE
2021,Kudo,Kudo,Kudo,Other sports/disciplines from Code Signatories,4,0,4,4,0,0,0,1,2021_anti-doping_testing_figures_en_v2.pdf,wada_testing_2021_sport_totals.csv,0,TRUE,NA,NA,NA,NA,NA,0,0,0,0,0,0,0,0,NA,NA,NA,FALSE,1094,262,1356,TRUE,0,0,1,1,0,0,241430,1560,6.461500227809303,1.6567949302075136e-5,0,1355,1356,1094,262,0,0,0,0,5.6165348134034705,0,NA,-1.6567949302075136e-5,0,119,92,79,FALSE,FALSE,FALSE,NA,NA,TRUE,TRUE,TRUE
2021,Kurash,Kurash,Kurash,Other sports/disciplines from Code Signatories,4,0,4,4,0,0,0,1,2021_anti-doping_testing_figures_en_v2.pdf,wada_testing_2021_sport_totals.csv,0,TRUE,NA,NA,NA,NA,NA,0,0,0,0,0,0,0,0,NA,NA,NA,FALSE,1094,262,1356,TRUE,0,0,1,1,0,0,241430,1560,6.461500227809303,1.6567949302075136e-5,0,1355,1356,1094,262,0,0,0,0,5.6165348134034705,0,NA,-1.6567949302075136e-5,0,119,92,79,FALSE,FALSE,FALSE,NA,NA,TRUE,TRUE,TRUE
2021,Para-DanceSport,Para-DanceSport,Para-DanceSport,Paralympic sports/disciplines,4,4,0,4,0,0,0,1,2021_anti-doping_testing_figures_en_v2.pdf,wada_testing_2021_sport_totals.csv,0,TRUE,NA,NA,NA,NA,NA,0,0,0,0,0,0,0,0,NA,NA,NA,FALSE,1094,262,1356,TRUE,0,1,0,1,0,0,241430,1560,6.461500227809303,1.6567949302075136e-5,0,1355,1356,1094,262,0,0,0,0,5.6165348134034705,0,NA,-1.6567949302075136e-5,0,119,92,79,FALSE,FALSE,FALSE,NA,NA,TRUE,TRUE,TRUE
2021,Polo,Polo,Polo,ARISF recognized sports,4,4,0,4,0,0,1,1,2021_anti-doping_testing_figures_en_v2.pdf,wada_testing_2021_sport_totals.csv,0,TRUE,Polo,1,Polo,ARISF,ARISF,1,0,0,0,1,0,0,0,0,FALSE,FALSE,TRUE,1094,262,1356,TRUE,250,1,0,1,0,0,241430,1560,6.461500227809303,1.6567949302075136e-5,6.41025641025641e-4,1355,1356,1094,262,0,0,0,0,5.6165348134034705,0,0,-1.6567949302075136e-5,0,119,69,79,FALSE,FALSE,FALSE,NA,NA,TRUE,TRUE,FALSE
2021,Sleddog,Sleddog,Sleddog,AIMS sports,4,0,4,4,0,0,0,1,2021_anti-doping_testing_figures_en_v2.pdf,wada_testing_2021_sport_totals.csv,0,TRUE,NA,NA,NA,NA,NA,0,0,0,0,0,0,0,0,NA,NA,NA,FALSE,1094,262,1356,TRUE,0,0,1,1,0,0,241430,1560,6.461500227809303,1.6567949302075136e-5,0,1355,1356,1094,262,0,0,0,0,5.6165348134034705,0,NA,-1.6567949302075136e-5,0,119,92,79,FALSE,FALSE,FALSE,NA,NA,TRUE,TRUE,TRUE
2021,Casting,Casting,Casting,AIMS sports,2,2,0,2,0,0,0,1,2021_anti-doping_testing_figures_en_v2.pdf,wada_testing_2021_sport_totals.csv,0,TRUE,NA,NA,NA,NA,NA,0,0,0,0,0,0,0,0,NA,NA,NA,FALSE,1094,262,1356,TRUE,0,1,0,1,0,0,241430,1560,6.461500227809303,8.283974651037568e-6,0,1355,1356,1094,262,0,0,0,0,5.6165348134034705,0,NA,-8.283974651037568e-6,0,125,92,79,FALSE,FALSE,FALSE,NA,NA,TRUE,TRUE,TRUE
2021,Jump Rope,Jump Rope,Jump Rope,Other sports/disciplines from Code Signatories,2,0,2,2,0,0,0,1,2021_anti-doping_testing_figures_en_v2.pdf,wada_testing_2021_sport_totals.csv,0,TRUE,NA,NA,NA,NA,NA,0,0,0,0,0,0,0,0,NA,NA,NA,FALSE,1094,262,1356,TRUE,0,0,1,1,0,0,241430,1560,6.461500227809303,8.283974651037568e-6,0,1355,1356,1094,262,0,0,0,0,5.6165348134034705,0,NA,-8.283974651037568e-6,0,125,92,79,FALSE,FALSE,FALSE,NA,NA,TRUE,TRUE,TRUE
2021,Draughts,Draughts,Draughts,AIMS sports,1,0,1,1,0,0,0,1,2021_anti-doping_testing_figures_en_v2.pdf,wada_testing_2021_sport_totals.csv,0,TRUE,NA,NA,NA,NA,NA,0,0,0,0,0,0,0,0,NA,NA,NA,FALSE,1094,262,1356,TRUE,0,0,1,1,0,0,241430,1560,6.461500227809303,4.141987325518784e-6,0,1355,1356,1094,262,0,0,0,0,5.6165348134034705,0,NA,-4.141987325518784e-6,0,127,92,79,FALSE,FALSE,FALSE,NA,NA,TRUE,TRUE,TRUE
2022,Athletics,Athletics,Athletics,ASOIF Summer Olympic sports | Other sports/disciplines - Non-Code Signatories | Other sports/disciplines from Code Signatories | Sports for Athletes with an Impairment,34337,14886,19451,29804,3636,897,264,6,2022_anti-doping_testing_figures_en.pdf,wada_testing_2022_sport_totals.csv,0,TRUE,Athletics,1,Athletics,ASOIF | IMPAIRED | OTHER-CSU,Table 2 - AAF Outcomes - ASOIF Sports/Disciplines | Table 7 - AAF Outcomes - Sports/Disciplines for Athletes with an Impairment | Table 9 - AAF Outcomes - Other Sports (University) - Code Signatories,264,36,15,2,8,203,48,251,0.768939393939394,FALSE,FALSE,TRUE,1376,245,1621,TRUE,7.688499286483967,0.43352651658560737,0.5664734834143926,0.8679849724786673,0.10589160380930192,0.026123423712030754,256769,1986,7.734578551149087,0.13372720227130222,0.13293051359516617,1621,1621,1376,245,0.15484268969771744,7.3098989428313486,5.911989981652445,1.3979089611789033,6.313067387418263,1.1578997172435919,0.7689393939393939,0.021115487426415225,1.1578997172435919,1,1,1,TRUE,TRUE,TRUE,48,62,TRUE,TRUE,FALSE
2022,Football,Football,Football,ASOIF Summer Olympic sports | Other sports/disciplines from Code Signatories | Sports for Athletes with an Impairment,33696,19869,13827,30740,2800,156,93,4,2022_anti-doping_testing_figures_en.pdf,wada_testing_2022_sport_totals.csv,0,TRUE,Football,1,Football,ADO Specific-CS | ASOIF,Table 10 - AAF Outcomes - ADO Specific - Code Signatories | Table 2 - AAF Outcomes - ASOIF Sports/Disciplines,93,14,6,0,11,62,4,66,0.666666666666667,FALSE,FALSE,TRUE,1376,245,1621,TRUE,2.7599715099715096,0.5896545584045584,0.4103454415954416,0.9122744539411206,0.08309591642924977,0.004629629629629629,256769,1986,7.734578551149087,0.13123079499472287,0.04682779456193353,1621,1621,1376,245,0.040715607649599014,1.9586894586894588,1.8399810066476734,0.11870845204178539,6.313067387418263,0.31025955189280296,0.6666666666666666,-0.09051518734512386,0.310259551892803,2,6,7,TRUE,TRUE,TRUE,82,92,TRUE,TRUE,FALSE
2022,Cycling,Cycling,Cycling,ASOIF Summer Olympic sports | Other sports/disciplines from Code Signatories | Sports for Athletes with an Impairment,23642,11700,11942,20740,2785,117,166,4,2022_anti-doping_testing_figures_en.pdf,wada_testing_2022_sport_totals.csv,0,TRUE,Cycling,1,Cycling,ASOIF | IMPAIRED,Table 2 - AAF Outcomes - ASOIF Sports/Disciplines | Table 7 - AAF Outcomes - Sports/Disciplines for Athletes with an Impairment,166,60,13,2,5,86,38,124,0.518072289156627,FALSE,FALSE,TRUE,1376,245,1621,TRUE,7.021402588613484,0.4948819896793841,0.5051180103206159,0.8772523475171305,0.11779883258607562,0.004948819896793842,256769,1986,7.734578551149087,0.09207497789842231,0.08358509566968782,1621,1621,1376,245,0.07649599012954966,5.244903138482362,3.6375941121732507,1.6073090263091108,6.313067387418263,0.8308010696884501,0.5180722891566265,-0.015578987768872649,0.8308010696884501,3,2,4,TRUE,TRUE,TRUE,55,71,TRUE,TRUE,FALSE
2022,Aquatics,Aquatics,Aquatics,ASOIF Summer Olympic sports | Other sports/disciplines from Code Signatories | Sports for Athletes with an Impairment,16102,6680,9422,14540,1478,84,69,4,2022_anti-doping_testing_figures_en.pdf,wada_testing_2022_sport_totals.csv,0,TRUE,Aquatics,1,Aquatics,ASOIF | IMPAIRED | OTHER-CSU,Table 2 - AAF Outcomes - ASOIF Sports/Disciplines | Table 7 - AAF Outcomes - Sports/Disciplines for Athletes with an Impairment | Table 9 - AAF Outcomes - Other Sports (University) - Code Signatories,69,26,6,0,0,37,9,46,0.536231884057971,FALSE,FALSE,TRUE,1376,245,1621,TRUE,4.285181964973296,0.4148552974785741,0.5851447025214259,0.9029934169668364,0.09178983977145697,0.00521674326170662,256769,1986,7.734578551149087,0.06271006235176364,0.03474320241691843,1621,1621,1376,245,0.0283775447254781,2.8567879766488633,2.2978511986088686,0.5589367780399951,6.313067387418263,0.45251979764105615,0.5362318840579711,-0.034332517626285544,0.45251979764105615,4,9,10,TRUE,TRUE,TRUE,72,85,TRUE,TRUE,FALSE
2022,Weightlifting,Weightlifting,Weightlifting,ASOIF Summer Olympic sports | Other sports/disciplines from Code Signatories,12911,5961,6950,10633,2095,183,153,2,2022_anti-doping_testing_figures_en.pdf,wada_testing_2022_sport_totals.csv,0,TRUE,Weightlifting,1,Weightlifting,ASOIF,Table 2 - AAF Outcomes - ASOIF Sports/Disciplines,153,10,6,0,15,122,25,147,0.797385620915033,FALSE,FALSE,TRUE,1376,245,1621,TRUE,11.850360158004802,0.461699326155991,0.538300673844009,0.8235613043141508,0.16226473549686313,0.014173960188986135,256769,1986,7.734578551149087,0.05028254968473608,0.0770392749244713,1621,1621,1376,245,0.09068476249228871,11.385640151808536,9.449306792657424,1.9363333591511116,6.313067387418263,1.8035036620232734,0.7973856209150327,0.04040221280755263,1.8035036620232734,5,3,3,TRUE,TRUE,TRUE,35,49,TRUE,TRUE,FALSE
2022,Rugby Union,Rugby Union,Rugby Union,ASOIF Summer Olympic sports | Other sports/disciplines from Code Signatories,8545,3455,5090,7849,675,21,72,2,2022_anti-doping_testing_figures_en.pdf,wada_testing_2022_sport_totals.csv,0,TRUE,Rugby Union,1,Rugby Union,ASOIF | IMPAIRED | OTHER-CSU,Table 2 - AAF Outcomes - ASOIF Sports/Disciplines | Table 7 - AAF Outcomes - Sports/Disciplines for Athletes with an Impairment | Table 9 - AAF Outcomes - Other Sports (University) - Code Signatories,74,9,4,0,3,58,2,60,0.783783783783784,FALSE,FALSE,TRUE,1376,245,1621,TRUE,8.4259801053247525,0.40433001755412523,0.5956699824458748,0.9185488589818608,0.07899356348741954,0.0024575775307197193,256769,1986,7.734578551149087,0.03327893943583532,0.03625377643504532,1621,1621,1376,245,0.03701418877236274,7.021650087770626,6.787595084844939,0.23405500292568754,6.313067387418263,1.1122406362657469,0.8055555555555556,0.00373524933652742,1.112240636265747,6,8,8,TRUE,TRUE,TRUE,50,59,TRUE,TRUE,FALSE
2022,Skiing,Skiing,Skiing,AIOWF Winter Olympic sports | Other sports/disciplines from Code Signatories | Sports for Athletes with an Impairment,8412,2421,5991,7324,974,114,10,3,2022_anti-doping_testing_figures_en.pdf,wada_testing_2022_sport_totals.csv,0,TRUE,Skiing,1,Skiing,WOF,Table 3 - AAF Outcomes - WOF Sports/Disciplines,10,2,0,0,1,7,4,11,0.7,FALSE,FALSE,TRUE,1376,245,1621,TRUE,1.1887779362815027,0.28780313837375177,0.7121968616262482,0.8706609605325725,0.11578697099381835,0.01355206847360913,256769,1986,7.734578551149087,0.03276096413507861,0.005035246727089627,1621,1621,1376,245,0.006785934608266502,1.307655729909653,0.8321445553970519,0.47551117451260105,6.313067387418263,0.20713476502971725,0.7,-0.02597502952681211,0.20713476502971723,7,35,26,TRUE,TRUE,TRUE,87,99,TRUE,TRUE,FALSE
2022,Tennis,Tennis,Tennis,ASOIF Summer Olympic sports | Other sports/disciplines from Code Signatories | Sports for Athletes with an Impairment,7456,4746,2710,6253,1122,81,30,3,2022_anti-doping_testing_figures_en.pdf,wada_testing_2022_sport_totals.csv,0,TRUE,Tennis,1,Tennis,ASOIF | IMPAIRED,Table 2 - AAF Outcomes - ASOIF Sports/Disciplines | Table 7 - AAF Outcomes - Sports/Disciplines for Athletes with an Impairment,30,10,0,0,5,15,4,19,0.5,FALSE,FALSE,TRUE,1376,245,1621,TRUE,4.023605150214592,0.6365343347639485,0.3634656652360515,0.8386534334763949,0.15048283261802575,0.010863733905579398,256769,1986,7.734578551149087,0.029037773251443903,0.015105740181268883,1621,1621,1376,245,0.011721159777914868,2.548283261802575,2.011802575107296,0.5364806866952789,6.313067387418263,0.4036521559838281,0.5,-0.017316613473529037,0.4036521559838282,8,15,17,TRUE,TRUE,TRUE,78,87,TRUE,TRUE,FALSE
2022,Wrestling,Wrestling,Wrestling,ASOIF Summer Olympic sports | Other sports/disciplines from Code Signatories | Sports for Athletes with an Impairment,7020,3402,3618,6500,407,113,75,4,2022_anti-doping_testing_figures_en.pdf,wada_testing_2022_sport_totals.csv,0,TRUE,Wrestling,1,Wrestling,ASOIF | IMPAIRED | OTHER-CSU,Table 2 - AAF Outcomes - ASOIF Sports/Disciplines | Table 7 - AAF Outcomes - Sports/Disciplines for Athletes with an Impairment | Table 9 - AAF Outcomes - Other Sports (University) - Code Signatories,75,2,4,0,3,66,18,84,0.88,FALSE,FALSE,TRUE,1376,245,1621,TRUE,10.683760683760683,0.4846153846153846,0.5153846153846153,0.9259259259259259,0.05797720797720798,0.016096866096866096,256769,1986,7.734578551149087,0.027339748957233935,0.0377643504531722,1621,1621,1376,245,0.05181986428130783,11.965811965811966,9.401709401709402,2.5641025641025643,6.313067387418263,1.8954038079269417,0.88,0.024480115324073896,1.8954038079269415,9,7,6,TRUE,TRUE,TRUE,34,52,TRUE,TRUE,FALSE
2022,Basketball,Basketball,Basketball,ASOIF Summer Olympic sports | Other sports/disciplines - Non-Code Signatories | Other sports/disciplines from Code Signatories | Sports for Athletes with an Impairment,6204,3476,2728,5934,250,20,52,5,2022_anti-doping_testing_figures_en.pdf,wada_testing_2022_sport_totals.csv,0,TRUE,Basketball,1,Basketball,ASOIF | IMPAIRED,Table 2 - AAF Outcomes - ASOIF Sports/Disciplines | Table 7 - AAF Outcomes - Sports/Disciplines for Athletes with an Impairment,51,8,1,0,2,40,6,46,0.784313725490196,FALSE,FALSE,TRUE,1376,245,1621,TRUE,8.381689232753063,0.5602836879432624,0.4397163120567376,0.9564796905222437,0.04029658284977434,0.003223726627981947,256769,1986,7.734578551149087,0.024161795232290503,0.026183282980866064,1621,1621,1376,245,0.0283775447254781,7.414571244358479,6.447453255963894,0.9671179883945842,6.313067387418263,1.174479977694437,0.7692307692307693,0.004215749493187596,1.1744799776944368,10,11,10,TRUE,TRUE,TRUE,46,60,TRUE,TRUE,FALSE
2022,Rowing,Rowing,Rowing,ASOIF Summer Olympic sports | Sports for Athletes with an Impairment,5233,1657,3576,4557,656,20,18,2,2022_anti-doping_testing_figures_en.pdf,wada_testing_2022_sport_totals.csv,0,TRUE,Rowing,1,Rowing,ASOIF | IMPAIRED,Table 2 - AAF Outcomes - ASOIF Sports/Disciplines | Table 7 - AAF Outcomes - Sports/Disciplines for Athletes with an Impairment,18,4,1,0,1,12,2,14,0.666666666666667,FALSE,FALSE,TRUE,1376,245,1621,TRUE,3.4397095356392127,0.31664437225300973,0.6833556277469902,0.8708197974393274,0.1253583030766291,0.0038218994840435697,256769,1986,7.734578551149087,0.020380186081653158,0.00906344410876133,1621,1621,1376,245,0.00863664404688464,2.675329638830499,2.2931396904261416,0.38218994840435694,6.313067387418263,0.42377650588085647,0.6666666666666666,-0.011743542034768519,0.42377650588085647,11,25,23,TRUE,TRUE,TRUE,74,89,TRUE,TRUE,FALSE
2022,Canoe / Kayak,Canoe / Kayak,Canoe,ASOIF Summer Olympic sports | Other sports/disciplines from Code Signatories | Sports for Athletes with an Impairment,4929,2061,2868,4565,338,26,25,3,2022_anti-doping_testing_figures_en.pdf,wada_testing_2022_sport_totals.csv,0,TRUE,Canoe / Kayak,1,Canoe,ASOIF | IMPAIRED,Table 2 - AAF Outcomes - ASOIF Sports/Disciplines | Table 7 - AAF Outcomes - Sports/Disciplines for Athletes with an Impairment,25,7,2,0,1,15,5,20,0.6,FALSE,FALSE,TRUE,1376,245,1621,TRUE,5.0720227226617975,0.4181375532562386,0.5818624467437614,0.9261513491580442,0.0685737472103875,0.005274903631568269,256769,1986,7.734578551149087,0.01919624253706639,0.012588116817724069,1621,1621,1376,245,0.012338062924120914,4.057618178129438,3.0432136335970785,1.0144045445323595,6.313067387418263,0.6427332276249955,0.6,-0.006858179612945476,0.6427332276249955,12,18,16,TRUE,TRUE,TRUE,63,81,TRUE,TRUE,FALSE
2022,Triathlon,Triathlon,Triathlon,ASOIF Summer Olympic sports | Other sports/disciplines from Code Signatories | Sports for Athletes with an Impairment,4882,2645,2237,4223,455,204,36,4,2022_anti-doping_testing_figures_en.pdf,wada_testing_2022_sport_totals.csv,0,TRUE,Triathlon,1,Triathlon,ASOIF | IMPAIRED | OTHER-CS,Table 2 - AAF Outcomes - ASOIF Sports/Disciplines | Table 7 - AAF Outcomes - Sports/Disciplines for Athletes with an Impairment | Table 8 - AAF Outcomes - Other Sports - Code Signatories,36,16,1,0,1,18,5,23,0.5,FALSE,FALSE,TRUE,1376,245,1621,TRUE,7.37402703809914,0.5417861532158951,0.4582138467841049,0.8650143383859075,0.09319950839819746,0.04178615321589513,256769,1986,7.734578551149087,0.019013198633791462,0.01812688821752266,1621,1621,1376,245,0.01418877236273905,4.711183941007784,3.68701351904957,1.024170421958214,6.313067387418263,0.7462590927505415,0.5,-0.004824426271052413,0.7462590927505414,13,13,13,TRUE,TRUE,TRUE,58,67,TRUE,TRUE,FALSE
2022,Boxing,Boxing,Boxing,ASOIF Summer Olympic sports | Other sports/disciplines from Code Signatories,4811,2001,2810,4403,370,38,53,3,2022_anti-doping_testing_figures_en.pdf,wada_testing_2022_sport_totals.csv,0,TRUE,Boxing,1,Boxing,ADO Specific-CS | ASOIF,Table 10 - AAF Outcomes - ADO Specific - Code Signatories | Table 2 - AAF Outcomes - ASOIF Sports/Disciplines,52,4,0,1,2,45,3,48,0.865384615384615,FALSE,FALSE,TRUE,1376,245,1621,TRUE,11.01642070255664,0.41592184577011015,0.5840781542298898,0.9151943462897526,0.07690708792350863,0.007898565786738724,256769,1986,7.734578551149087,0.018736685503312315,0.026686807653575024,1621,1621,1376,245,0.02961135101789019,9.977135730617336,9.35356474745375,0.6235709831635835,6.313067387418263,1.5803943025384841,0.8490566037735849,0.010874665514577875,1.5803943025384841,14,10,9,TRUE,TRUE,TRUE,36,51,TRUE,TRUE,FALSE
2022,Handball,Handball,Handball,ASOIF Summer Olympic sports | Other sports/disciplines from Code Signatories | Sports for Athletes with an Impairment,4682,2290,2392,4355,252,75,17,3,2022_anti-doping_testing_figures_en.pdf,wada_testing_2022_sport_totals.csv,0,TRUE,Handball,1,Handball,ASOIF,Table 2 - AAF Outcomes - ASOIF Sports/Disciplines,17,1,1,0,1,14,0,14,0.823529411764706,FALSE,FALSE,TRUE,1376,245,1621,TRUE,3.630926954293037,0.4891072191371209,0.5108927808628791,0.930158052114481,0.05382315249893208,0.016018795386586928,256769,1986,7.734578551149087,0.01823428840708964,0.008559919436052367,1621,1621,1376,245,0.00863664404688464,2.99017513882956,2.99017513882956,0,6.313067387418263,0.47364853807657453,0.8235294117647058,-0.009597644360205002,0.47364853807657453,15,26,23,TRUE,TRUE,TRUE,71,88,TRUE,TRUE,FALSE
2022,Skating,Skating,Skating,AIOWF Winter Olympic sports | Other sports/disciplines from Code Signatories,4649,1682,2967,4059,520,70,6,3,2022_anti-doping_testing_figures_en.pdf,wada_testing_2022_sport_totals.csv,0,TRUE,Skating,1,Skating,WOF,Table 3 - AAF Outcomes - WOF Sports/Disciplines,6,2,0,0,0,4,1,5,0.666666666666667,FALSE,FALSE,TRUE,1376,245,1621,TRUE,1.2906001290600129,0.3617982361798236,0.6382017638201763,0.8730909873090987,0.11185201118520112,0.01505700150570015,256769,1986,7.734578551149087,0.018105768219683842,0.0030211480362537764,1621,1621,1376,245,0.0030845157310302285,1.0755001075500108,0.8604000860400086,0.21510002151000215,6.313067387418263,0.17036094208236197,0.6666666666666666,-0.015021252488653613,0.17036094208236194,16,44,37,TRUE,TRUE,TRUE,89,98,TRUE,TRUE,FALSE
2022,Judo,Judo,Judo,ASOIF Summer Olympic sports | Other sports/disciplines from Code Signatories | Sports for Athletes with an Impairment,4525,1895,2630,4235,253,37,43,3,2022_anti-doping_testing_figures_en.pdf,wada_testing_2022_sport_totals.csv,0,TRUE,Judo,1,Judo,ASOIF | IMPAIRED,Table 2 - AAF Outcomes - ASOIF Sports/Disciplines | Table 7 - AAF Outcomes - Sports/Disciplines for Athletes with an Impairment,43,7,6,0,1,29,1,30,0.674418604651163,FALSE,FALSE,TRUE,1376,245,1621,TRUE,9.502762430939226,0.41878453038674035,0.5812154696132596,0.9359116022099447,0.055911602209944754,0.008176795580110497,256769,1986,7.734578551149087,0.01762284387912871,0.0216515609264854,1621,1621,1376,245,0.01850709438618137,6.629834254143646,6.4088397790055245,0.22099447513812154,6.313067387418263,1.0501763797669401,0.6744186046511628,8.842505070526599e-4,1.0501763797669401,17,12,12,TRUE,TRUE,TRUE,51,56,TRUE,TRUE,FALSE
2022,Volleyball,Volleyball,Volleyball,ASOIF Summer Olympic sports | Other sports/disciplines from Code Signatories | Sports for Athletes with an Impairment,4103,2178,1925,3951,146,6,14,4,2022_anti-doping_testing_figures_en.pdf,wada_testing_2022_sport_totals.csv,0,TRUE,Volleyball,1,Volleyball,ASOIF,Table 2 - AAF Outcomes - ASOIF Sports/Disciplines,14,4,0,0,0,10,1,11,0.714285714285714,FALSE,FALSE,TRUE,1376,245,1621,TRUE,3.412137460394833,0.5308310991957105,0.4691689008042895,0.9629539361442847,0.03558371922983183,0.0014623446258835,256769,1986,7.734578551149087,0.015979343300787867,0.007049345417925478,1621,1621,1376,245,0.006785934608266502,2.680965147453083,2.4372410431391662,0.24372410431391664,6.313067387418263,0.4246691794857376,0.7142857142857143,-0.009193408692521365,0.4246691794857376,18,28,26,TRUE,TRUE,TRUE,73,90,TRUE,TRUE,FALSE
2022,Ice Hockey,Ice Hockey,Ice Hockey,AIOWF Winter Olympic sports | Other sports/disciplines - Non-Code Signatories | Other sports/disciplines from Code Signatories | Sports for Athletes with an Impairment,3866,1516,2350,3446,307,113,17,4,2022_anti-doping_testing_figures_en.pdf,wada_testing_2022_sport_totals.csv,0,TRUE,Ice Hockey,1,Ice Hockey,OTHER-CSU | WOF,Table 3 - AAF Outcomes - WOF Sports/Disciplines | Table 9 - AAF Outcomes - Other Sports (University) - Code Signatories,17,6,2,0,0,9,1,10,0.529411764705882,FALSE,FALSE,TRUE,1376,245,1621,TRUE,4.3973098810139675,0.39213657527159856,0.6078634247284015,0.8913605794102432,0.07941024314536989,0.029229177444386963,256769,1986,7.734578551149087,0.015056334682146209,0.008559919436052367,1621,1621,1376,245,0.006169031462060457,2.586652871184687,2.3279875840662183,0.2586652871184687,6.313067387418263,0.40972996365281983,0.5294117647058824,-0.008887303220085751,0.40972996365281983,19,26,30,TRUE,TRUE,TRUE,77,82,TRUE,TRUE,FALSE
2022,Gymnastics,Gymnastics,Gymnastics,ASOIF Summer Olympic sports,3595,1565,2030,3362,218,15,9,1,2022_anti-doping_testing_figures_en.pdf,wada_testing_2022_sport_totals.csv,0,TRUE,Gymnastics,1,Gymnastics,ASOIF,Table 2 - AAF Outcomes - ASOIF Sports/Disciplines,8,3,0,0,0,5,0,5,0.625,FALSE,FALSE,TRUE,1376,245,1621,TRUE,2.5034770514603615,0.43532684283727396,0.564673157162726,0.9351877607788596,0.06063977746870654,0.004172461752433936,256769,1986,7.734578551149087,0.014000911324965242,0.004531722054380665,1621,1621,1376,245,0.0030845157310302285,1.3908205841446453,1.3908205841446453,0,6.313067387418263,0.22030821133265666,0.5555555555555556,-0.010916395593935013,0.22030821133265666,20,36,37,TRUE,TRUE,TRUE,86,93,TRUE,TRUE,FALSE
2022,Powerlifting,Powerlifting,Powerlifting,AIMS sports | Sports for Athletes with an Impairment,3131,2090,1041,2758,264,109,119,2,2022_anti-doping_testing_figures_en.pdf,wada_testing_2022_sport_totals.csv,0,TRUE,Powerlifting,1,Powerlifting,AIMS,Table 5 - AAF Outcomes - AIMS Sports/Disciplines,119,11,1,0,17,90,12,102,0.756302521008403,FALSE,FALSE,TRUE,1376,245,1621,TRUE,38.00702650910252,0.6675183647396997,0.3324816352603002,0.8808687320344938,0.08431810923027787,0.03481315873522836,256769,1986,7.734578551149087,0.012193839599017015,0.05991943605236657,1621,1621,1376,245,0.06292412091301666,32.57745129351645,28.744809964867454,3.832641328648994,6.313067387418263,5.160320537436721,0.7563025210084033,0.05073028131399965,5.160320537436722,21,5,5,TRUE,TRUE,TRUE,19,20,TRUE,TRUE,FALSE
2022,Para-Athletics,Para-Athletics,Para-Athletics Athletics,Paralympic sports/disciplines,2879,1079,1800,2723,156,0,27,1,2022_anti-doping_testing_figures_en.pdf,wada_testing_2022_sport_totals.csv,0,TRUE,Para-Athletics,1,Para-Athletics,IPC,Table 6 - AAF Outcomes - IPC Sports/Disciplines,27,5,12,0,0,10,1,11,0.37037037037037,FALSE,FALSE,TRUE,1376,245,1621,TRUE,9.378256339006601,0.3747829107328934,0.6252170892671066,0.9458145189301841,0.05418548106981591,0,256769,1986,7.734578551149087,0.01121241271337272,0.013595166163141994,1621,1621,1376,245,0.006785934608266502,3.8207711010767627,3.4734282737061477,0.3473428273706148,6.313067387418263,0.6052162707294135,0.37037037037037035,-0.004426478105106218,0.6052162707294135,22,16,26,TRUE,TRUE,TRUE,65,57,TRUE,TRUE,FALSE
2022,Biathlon,Biathlon,Biathlon,AIOWF Winter Olympic sports,2813,1000,1813,2514,288,11,1,1,2022_anti-doping_testing_figures_en.pdf,wada_testing_2022_sport_totals.csv,0,TRUE,Biathlon,1,Biathlon,WOF,Table 3 - AAF Outcomes - WOF Sports/Disciplines,1,0,0,0,0,1,2,3,1,FALSE,FALSE,TRUE,1376,245,1621,TRUE,0.35549235691432635,0.35549235691432635,0.6445076430856737,0.8937077852826164,0.10238179879132599,0.0039104159260575895,256769,1986,7.734578551149087,0.01095537233856112,5.035246727089627e-4,1621,1621,1376,245,0.001850709438618137,1.0664770707429791,0.35549235691432635,0.7109847138286527,6.313067387418263,0.16893167857964467,1,-0.009104662899942982,0.16893167857964464,23,86,50,TRUE,TRUE,TRUE,90,100,TRUE,TRUE,FALSE
2022,Taekwondo,Taekwondo,Taekwondo,ASOIF Summer Olympic sports | Other sports/disciplines from Code Signatories | Sports for Athletes with an Impairment,2537,1310,1227,2417,106,14,19,5,2022_anti-doping_testing_figures_en.pdf,wada_testing_2022_sport_totals.csv,0,TRUE,Taekwondo,1,Taekwondo,ASOIF | IMPAIRED | OTHER-CS,Table 2 - AAF Outcomes - ASOIF Sports/Disciplines | Table 7 - AAF Outcomes - Sports/Disciplines for Athletes with an Impairment | Table 8 - AAF Outcomes - Other Sports - Code Signatories,19,0,2,0,2,15,0,15,0.789473684210526,FALSE,FALSE,TRUE,1376,245,1621,TRUE,7.489160425699645,0.5163579030350808,0.4836420969649192,0.9527000394166338,0.04178163184864012,0.005518328734726055,256769,1986,7.734578551149087,0.009880476225712606,0.009566968781470292,1621,1621,1376,245,0.009253547193090685,5.912495072920773,5.912495072920773,0,6.313067387418263,0.9365487028863627,0.7894736842105263,-6.269290326219208e-4,0.9365487028863626,24,23,22,TRUE,TRUE,TRUE,54,65,TRUE,TRUE,FALSE
2022,Badminton,Badminton,Badminton,ASOIF Summer Olympic sports | Other sports/disciplines from Code Signatories | Sports for Athletes with an Impairment,2088,974,1114,1881,207,0,9,3,2022_anti-doping_testing_figures_en.pdf,wada_testing_2022_sport_totals.csv,0,TRUE,Badminton,1,Badminton,ASOIF | IMPAIRED,Table 2 - AAF Outcomes - ASOIF Sports/Disciplines | Table 7 - AAF Outcomes - Sports/Disciplines for Athletes with an Impairment,9,6,2,0,0,1,0,1,0.111111111111111,FALSE,FALSE,TRUE,1376,245,1621,TRUE,4.310344827586206,0.4664750957854406,0.5335249042145593,0.9008620689655172,0.09913793103448276,0,256769,1986,7.734578551149087,0.008131822766767017,0.004531722054380665,1621,1621,1376,245,6.169031462060457e-4,0.4789272030651341,0.4789272030651341,0,6.313067387418263,0.07586283713993301,0.1111111111111111,-0.007514919620560971,0.07586283713993301,25,36,71,TRUE,TRUE,TRUE,92,84,TRUE,TRUE,FALSE
2022,Shooting,Shooting,Shooting,ASOIF Summer Olympic sports | Other sports/disciplines from Code Signatories | Sports for Athletes with an Impairment,2035,1225,810,2029,0,6,5,4,2022_anti-doping_testing_figures_en.pdf,wada_testing_2022_sport_totals.csv,0,TRUE,Shooting,1,Shooting,ASOIF,Table 2 - AAF Outcomes - ASOIF Sports/Disciplines,5,1,0,0,0,4,1,5,0.8,FALSE,FALSE,TRUE,1376,245,1621,TRUE,2.457002457002457,0.601965601965602,0.39803439803439805,0.9970515970515971,0,0.0029484029484029483,256769,1986,7.734578551149087,0.007925411556691034,0.0025176233635448137,1621,1621,1376,245,0.0030845157310302285,2.457002457002457,1.9656019656019657,0.4914004914004914,6.313067387418263,0.3891931300938087,0.8,-0.004840895825660805,0.3891931300938087,26,48,37,TRUE,TRUE,TRUE,79,94,TRUE,TRUE,FALSE
2022,Fencing,Fencing,Fencing,ASOIF Summer Olympic sports | Other sports/disciplines from Code Signatories | Sports for Athletes with an Impairment,1985,1060,925,1940,42,3,11,3,2022_anti-doping_testing_figures_en.pdf,wada_testing_2022_sport_totals.csv,0,TRUE,Fencing,1,Fencing,ASOIF,Table 2 - AAF Outcomes - ASOIF Sports/Disciplines,11,1,0,0,1,9,0,9,0.818181818181818,FALSE,FALSE,TRUE,1376,245,1621,TRUE,5.541561712846347,0.5340050377833753,0.4659949622166247,0.9773299748110831,0.02115869017632242,0.0015113350125944584,256769,1986,7.734578551149087,0.0077306840000155785,0.0055387713997985906,1621,1621,1376,245,0.005552128315854411,4.534005037783375,4.534005037783375,0,6.313067387418263,0.7181936702940157,0.8181818181818182,-0.0021785556841611674,0.7181936702940157,27,33,31,TRUE,TRUE,TRUE,61,78,TRUE,TRUE,FALSE
2022,Rugby League,Rugby League,Rugby League,Other sports/disciplines from Code Signatories,1963,631,1332,1800,159,4,20,1,2022_anti-doping_testing_figures_en.pdf,wada_testing_2022_sport_totals.csv,0,TRUE,Rugby League,1,Rugby League,OTHER-CS,Table 8 - AAF Outcomes - Other Sports - Code Signatories,20,3,0,0,0,17,1,18,0.85,FALSE,FALSE,TRUE,1376,245,1621,TRUE,10.188487009679063,0.3214467651553744,0.6785532348446256,0.9169638308711157,0.08099847172694855,0.0020376974019358125,256769,1986,7.734578551149087,0.007645003875078378,0.010070493454179255,1621,1621,1376,245,0.011104256631708822,9.169638308711157,8.660213958227205,0.5094243504839532,6.313067387418263,1.452485415724525,0.85,0.0034592527566304444,1.452485415724525,28,22,19,TRUE,TRUE,TRUE,39,54,TRUE,TRUE,FALSE
2022,Bobsleigh,Bobsleigh,Bobsleigh,AIOWF Winter Olympic sports | Sports for Athletes with an Impairment,1852,372,1480,1593,210,49,8,2,2022_anti-doping_testing_figures_en.pdf,wada_testing_2022_sport_totals.csv,0,TRUE,Bobsleigh,1,Bobsleigh,WOF,Table 3 - AAF Outcomes - WOF Sports/Disciplines,8,2,1,0,1,4,3,7,0.5,FALSE,FALSE,TRUE,1376,245,1621,TRUE,4.319654427645789,0.20086393088552915,0.7991360691144709,0.8601511879049676,0.11339092872570194,0.026457883369330453,256769,1986,7.734578551149087,0.007212708699258867,0.004028197381671702,1621,1621,1376,245,0.00431832202344232,3.779697624190065,2.1598272138228944,1.6198704103671706,6.313067387418263,0.598710166110832,0.5,-0.0028943866758165473,0.598710166110832,29,41,34,TRUE,TRUE,TRUE,66,83,TRUE,TRUE,FALSE
2022,Para-Swimming,Para-Swimming,Para-Swimming,Paralympic sports/disciplines,1632,653,979,1554,78,0,12,1,2022_anti-doping_testing_figures_en.pdf,wada_testing_2022_sport_totals.csv,0,TRUE,Para-Swimming,1,Para-Swimming,IPC,Table 6 - AAF Outcomes - IPC Sports/Disciplines,12,4,3,0,0,5,0,5,0.416666666666667,FALSE,FALSE,TRUE,1376,245,1621,TRUE,7.352941176470588,0.40012254901960786,0.5998774509803921,0.9522058823529411,0.04779411764705882,0,256769,1986,7.734578551149087,0.006355907449886863,0.006042296072507553,1621,1621,1376,245,0.0030845157310302285,3.063725490196078,3.063725490196078,0,6.313067387418263,0.48529903170398325,0.4166666666666667,-0.0032713917188566346,0.4852990317039833,30,30,37,TRUE,TRUE,TRUE,70,68,TRUE,TRUE,FALSE
2022,Field Hockey,Field Hockey,Field Hockey,ASOIF Summer Olympic sports | Other sports/disciplines from Code Signatories | Sports for Athletes with an Impairment,1562,730,832,1464,85,13,12,3,2022_anti-doping_testing_figures_en.pdf,wada_testing_2022_sport_totals.csv,0,TRUE,Field Hockey,1,Field Hockey,ASOIF | IMPAIRED,Table 2 - AAF Outcomes - ASOIF Sports/Disciplines | Table 7 - AAF Outcomes - Sports/Disciplines for Athletes with an Impairment,12,3,0,0,1,8,0,8,0.666666666666667,FALSE,FALSE,TRUE,1376,245,1621,TRUE,7.682458386683739,0.4673495518565941,0.5326504481434059,0.9372599231754162,0.05441741357234315,0.008322663252240717,256769,1986,7.734578551149087,0.006083288870541226,0.006042296072507553,1621,1621,1376,245,0.004935225169648365,5.121638924455826,5.121638924455826,0,6.313067387418263,0.811275820477235,0.6666666666666666,-0.0011480637008928606,0.811275820477235,31,30,32,TRUE,TRUE,TRUE,56,63,TRUE,TRUE,FALSE
2022,Cricket,Cricket,Cricket,ARISF recognized sports,1449,517,932,1273,176,0,3,1,2022_anti-doping_testing_figures_en.pdf,wada_testing_2022_sport_totals.csv,0,TRUE,Cricket,1,Cricket,ARISF,Table 4 - AAF Outcomes - ARISF Sports/Disciplines,3,0,0,0,0,3,0,3,1,FALSE,FALSE,TRUE,1376,245,1621,TRUE,2.070393374741201,0.35679779158040026,0.6432022084195997,0.8785369220151829,0.12146307798481712,0,256769,1986,7.734578551149087,0.005643204592454697,0.0015105740181268882,1621,1621,1376,245,0.001850709438618137,2.070393374741201,2.070393374741201,0,6.313067387418263,0.3279536313626918,1,-0.00379249515383656,0.32795363136269173,32,62,50,TRUE,TRUE,TRUE,81,95,TRUE,TRUE,FALSE
2022,Karate,Karate,Karate,ARISF recognized sports | Other sports/disciplines from Code Signatories | Sports for Athletes with an Impairment,1446,775,671,1368,73,5,9,3,2022_anti-doping_testing_figures_en.pdf,wada_testing_2022_sport_totals.csv,0,TRUE,Karate,1,Karate,ARISF | OTHER-CS,Table 4 - AAF Outcomes - ARISF Sports/Disciplines | Table 8 - AAF Outcomes - Other Sports - Code Signatories,9,1,0,0,1,7,0,7,0.777777777777778,FALSE,FALSE,TRUE,1376,245,1621,TRUE,6.224066390041493,0.5359612724757953,0.4640387275242047,0.946058091286307,0.050484094052558784,0.003457814661134163,256769,1986,7.734578551149087,0.00563152093905417,0.004531722054380665,1621,1621,1376,245,0.00431832202344232,4.840940525587829,4.840940525587829,0,6.313067387418263,0.7668127438708583,0.7777777777777778,-0.00131319891561185,0.7668127438708582,33,36,34,TRUE,TRUE,TRUE,57,75,TRUE,TRUE,FALSE
2022,Table Tennis,Table Tennis,Table Tennis,ASOIF Summer Olympic sports | Other sports/disciplines from Code Signatories | Sports for Athletes with an Impairment,1337,660,677,1279,52,6,4,3,2022_anti-doping_testing_figures_en.pdf,wada_testing_2022_sport_totals.csv,0,TRUE,Table Tennis,1,Table Tennis,ASOIF | IMPAIRED,Table 2 - AAF Outcomes - ASOIF Sports/Disciplines | Table 7 - AAF Outcomes - Sports/Disciplines for Athletes with an Impairment,4,2,0,0,1,1,0,1,0.25,FALSE,FALSE,TRUE,1376,245,1621,TRUE,2.9917726252804786,0.49364248317127896,0.506357516828721,0.9566192969334331,0.03889304412864622,0.004487658937920718,256769,1986,7.734578551149087,0.005207014865501677,0.002014098690835851,1621,1621,1376,245,6.169031462060457e-4,0.7479431563201197,0.7479431563201197,0,6.313067387418263,0.11847539562317137,0.25,-0.004590111719295631,0.11847539562317139,34,54,71,TRUE,TRUE,TRUE,91,91,TRUE,TRUE,FALSE
2022,Baseball / Softball,Baseball / Softball,Baseball / Softball,ARISF recognized sports,1275,686,589,1213,62,0,25,1,2022_anti-doping_testing_figures_en.pdf,wada_testing_2022_sport_totals.csv,0,TRUE,Softball,1,Softball,ARISF,Table 4 - AAF Outcomes - ARISF Sports/Disciplines,7,1,0,0,3,3,1,4,0.428571428571429,FALSE,FALSE,TRUE,1376,245,1621,TRUE,19.607843137254903,0.5380392156862746,0.4619607843137255,0.9513725490196079,0.04862745098039216,0,256769,1986,7.734578551149087,0.004965552695224112,0.012588116817724069,1621,1621,1376,245,0.0024676125848241827,3.1372549019607843,2.352941176470588,0.7843137254901961,6.313067387418263,0.49694620846487886,0.12,-0.002497940110399929,0.4969462084648789,35,18,46,TRUE,TRUE,TRUE,68,39,TRUE,TRUE,FALSE
2022,Para-Powerlifting,Para-Powerlifting,Para-Powerlifting,Paralympic sports/disciplines,1164,598,566,1059,105,0,24,1,2022_anti-doping_testing_figures_en.pdf,wada_testing_2022_sport_totals.csv,0,TRUE,Para-Powerlifting,1,Para-Powerlifting,IPC,Table 6 - AAF Outcomes - IPC Sports/Disciplines,24,5,0,0,1,18,0,18,0.75,FALSE,FALSE,TRUE,1376,245,1621,TRUE,20.61855670103093,0.5137457044673539,0.48625429553264604,0.9097938144329897,0.09020618556701031,0,256769,1986,7.734578551149087,0.004533257519404601,0.012084592145015106,1621,1621,1376,245,0.011104256631708822,15.463917525773196,15.463917525773196,0,6.313067387418263,2.4495093394048477,0.75,0.006570999112304222,2.4495093394048477,36,20,19,TRUE,TRUE,TRUE,31,37,TRUE,TRUE,FALSE
2022,Archery,Archery,Archery,ASOIF Summer Olympic sports | Other sports/disciplines from Code Signatories | Sports for Athletes with an Impairment,1088,642,446,1088,0,0,12,3,2022_anti-doping_testing_figures_en.pdf,wada_testing_2022_sport_totals.csv,0,TRUE,Archery,1,Archery,ASOIF | IMPAIRED,Table 2 - AAF Outcomes - ASOIF Sports/Disciplines | Table 7 - AAF Outcomes - Sports/Disciplines for Athletes with an Impairment,11,4,2,0,2,3,2,5,0.272727272727273,FALSE,FALSE,TRUE,1376,245,1621,TRUE,11.029411764705882,0.5900735294117647,0.4099264705882353,1,0,0,256769,1986,7.734578551149087,0.004237271633257909,0.006042296072507553,1621,1621,1376,245,0.0030845157310302285,4.595588235294118,2.7573529411764706,1.838235294117647,6.313067387418263,0.7279485475559749,0.25,-0.0011527559022276803,0.7279485475559749,37,30,37,TRUE,TRUE,TRUE,60,50,TRUE,TRUE,FALSE
2022,American Football,American Football,American Football,ARISF recognized sports | Other sports/disciplines from Code Signatories,1068,529,539,954,74,40,26,2,2022_anti-doping_testing_figures_en.pdf,wada_testing_2022_sport_totals.csv,0,TRUE,American Football,1,American Football,ARISF | OTHER-CSU,Table 4 - AAF Outcomes - ARISF Sports/Disciplines | Table 9 - AAF Outcomes - Other Sports (University) - Code Signatories,26,1,6,0,0,19,0,19,0.730769230769231,FALSE,FALSE,TRUE,1376,245,1621,TRUE,24.344569288389515,0.4953183520599251,0.5046816479400749,0.8932584269662921,0.06928838951310862,0.03745318352059925,256769,1986,7.734578551149087,0.004159380610587727,0.013091641490433032,1621,1621,1376,245,0.011721159777914868,17.790262172284642,17.790262172284642,0,6.313067387418263,2.818006062748523,0.7307692307692307,0.007561779167327141,2.818006062748523,38,17,17,TRUE,TRUE,TRUE,28,32,TRUE,TRUE,FALSE
2022,Equestrian,Equestrian,Equestrian,ASOIF Summer Olympic sports | Other sports/disciplines from Code Signatories | Sports for Athletes with an Impairment,1031,671,360,997,17,17,14,3,2022_anti-doping_testing_figures_en.pdf,wada_testing_2022_sport_totals.csv,0,TRUE,Equestrian,1,Equestrian,ASOIF | IMPAIRED,Table 2 - AAF Outcomes - ASOIF Sports/Disciplines | Table 7 - AAF Outcomes - Sports/Disciplines for Athletes with an Impairment,14,3,1,0,3,7,1,8,0.5,FALSE,FALSE,TRUE,1376,245,1621,TRUE,13.579049466537343,0.6508244422890398,0.34917555771096026,0.9670223084384093,0.016488845780795344,0.016488845780795344,256769,1986,7.734578551149087,0.00401528221864789,0.007049345417925478,1621,1621,1376,245,0.004935225169648365,7.759456838021339,6.789524733268672,0.9699321047526673,6.313067387418263,1.2291104089092542,0.5,9.199429510004754e-4,1.2291104089092542,39,28,32,TRUE,TRUE,TRUE,44,47,TRUE,TRUE,FALSE
2022,Bodybuilding,Bodybuilding,Bodybuilding,AIMS sports,971,547,424,802,169,0,141,1,2022_anti-doping_testing_figures_en.pdf,wada_testing_2022_sport_totals.csv,0,TRUE,Bodybuilding,1,Bodybuilding,AIMS,Table 5 - AAF Outcomes - AIMS Sports/Disciplines,141,1,2,0,25,113,36,149,0.801418439716312,FALSE,FALSE,TRUE,1376,245,1621,TRUE,145.21112255406797,0.5633367662203913,0.43666323377960864,0.8259526261585994,0.17404737384140062,0,256769,1986,7.734578551149087,0.0037816091506373433,0.07099697885196375,1621,1621,1376,245,0.0919185687847008,153.45005149330586,116.37487126673533,37.075180226570545,6.313067387418263,24.306734282470483,0.8014184397163121,0.08813695963406346,24.306734282470483,40,4,2,TRUE,TRUE,FALSE,2,1,TRUE,TRUE,FALSE
2022,Roller Sports,Roller Sports,Roller,ARISF recognized sports,871,512,359,818,53,0,5,1,2022_anti-doping_testing_figures_en.pdf,wada_testing_2022_sport_totals.csv,0,TRUE,Roller Sports,1,Roller Sports,ARISF,Table 4 - AAF Outcomes - ARISF Sports/Disciplines,5,1,0,0,1,3,0,3,0.6,FALSE,FALSE,TRUE,1376,245,1621,TRUE,5.7405281285878305,0.5878300803673938,0.4121699196326062,0.939150401836969,0.060849598163030996,0,256769,1986,7.734578551149087,0.0033921540372864327,0.0025176233635448137,1621,1621,1376,245,0.001850709438618137,3.4443168771526977,3.4443168771526977,0,6.313067387418263,0.5455853178467742,0.6,-0.0015414445986682958,0.5455853178467742,41,48,50,TRUE,TRUE,FALSE,67,77,TRUE,TRUE,FALSE
2022,Para-Nordic Skiing,Para-Nordic Skiing,Para-Nordic Skiing,Paralympic sports/disciplines,847,201,646,751,74,22,6,1,2022_anti-doping_testing_figures_en.pdf,wada_testing_2022_sport_totals.csv,0,TRUE,Para-Nordic Skiing,1,Para-Nordic Skiing,IPC,Table 6 - AAF Outcomes - IPC Sports/Disciplines,6,0,5,0,0,1,0,1,0.166666666666667,FALSE,FALSE,TRUE,1376,245,1621,TRUE,7.083825265643448,0.23730814639905548,0.7626918536009445,0.8866587957497049,0.08736717827626919,0.025974025974025976,256769,1986,7.734578551149087,0.003298684810082214,0.0030211480362537764,1621,1621,1376,245,6.169031462060457e-4,1.1806375442739079,1.1806375442739079,0,6.313067387418263,0.18701488069442754,0.16666666666666666,-0.0026817816638761683,0.18701488069442754,42,44,71,TRUE,TRUE,FALSE,88,70,TRUE,TRUE,FALSE
2022,Sailing,Sailing,Sailing,ASOIF Summer Olympic sports | Sports for Athletes with an Impairment,774,279,495,745,29,0,4,2,2022_anti-doping_testing_figures_en.pdf,wada_testing_2022_sport_totals.csv,0,TRUE,Sailing,1,Sailing,ASOIF | IMPAIRED,Table 2 - AAF Outcomes - ASOIF Sports/Disciplines | Table 7 - AAF Outcomes - Sports/Disciplines for Athletes with an Impairment,4,1,0,0,0,3,0,3,0.75,FALSE,FALSE,TRUE,1376,245,1621,TRUE,5.167958656330749,0.36046511627906974,0.6395348837209303,0.962532299741602,0.037467700258397935,0,256769,1986,7.734578551149087,0.003014382577336049,0.002014098690835851,1621,1621,1376,245,0.001850709438618137,3.875968992248062,3.875968992248062,0,6.313067387418263,0.6139597052255044,0.75,-0.0011636731387179122,0.6139597052255044,43,54,50,TRUE,TRUE,FALSE,64,80,TRUE,TRUE,FALSE
2022,Luge,Luge,Luge,AIOWF Winter Olympic sports,746,205,541,667,58,21,0,1,2022_anti-doping_testing_figures_en.pdf,wada_testing_2022_sport_totals.csv,0,TRUE,NA,NA,NA,NA,NA,0,0,0,0,0,0,0,0,NA,NA,NA,FALSE,1376,245,1621,TRUE,0,0.27479892761394104,0.725201072386059,0.8941018766756033,0.0777479892761394,0.028150134048257374,256769,1986,7.734578551149087,0.002905335145597794,0,1621,1621,1376,245,0,0,0,0,6.313067387418263,0,NA,-0.002905335145597794,0,44,101,93,TRUE,TRUE,FALSE,93,101,TRUE,TRUE,TRUE
2022,Modern Pentathlon,Modern Pentathlon,Modern Pentathlon,ASOIF Summer Olympic sports,718,272,446,693,21,4,0,1,2022_anti-doping_testing_figures_en.pdf,wada_testing_2022_sport_totals.csv,0,TRUE,NA,NA,NA,NA,NA,0,0,0,0,0,0,0,0,NA,NA,NA,FALSE,1376,245,1621,TRUE,0,0.3788300835654596,0.6211699164345403,0.9651810584958217,0.02924791086350975,0.005571030640668524,256769,1986,7.734578551149087,0.002796287713859539,0,1621,1621,1376,245,0,0,0,0,6.313067387418263,0,NA,-0.002796287713859539,0,45,101,93,TRUE,TRUE,FALSE,93,101,TRUE,TRUE,TRUE
2022,Sport Climbing,Sport Climbing,Sport Climbing,ARISF recognized sports | Sports for Athletes with an Impairment,689,364,325,662,25,2,1,2,2022_anti-doping_testing_figures_en.pdf,wada_testing_2022_sport_totals.csv,0,TRUE,Sport Climbing,1,Sport Climbing,ARISF,Table 4 - AAF Outcomes - ARISF Sports/Disciplines,1,0,0,0,0,1,0,1,1,FALSE,FALSE,TRUE,1376,245,1621,TRUE,1.4513788098693758,0.5283018867924528,0.4716981132075472,0.9608127721335269,0.036284470246734396,0.002902757619738752,256769,1986,7.734578551149087,0.002683345730987775,5.035246727089627e-4,1621,1621,1376,245,6.169031462060457e-4,1.4513788098693758,1.4513788098693758,0,6.313067387418263,0.2299007314197099,1,-0.002066442584781729,0.22990073141970993,46,86,71,TRUE,TRUE,FALSE,85,97,TRUE,TRUE,FALSE
2022,Curling,Curling,Curling,AIOWF Winter Olympic sports | Other sports/disciplines from Code Signatories | Sports for Athletes with an Impairment,601,251,350,570,15,16,9,3,2022_anti-doping_testing_figures_en.pdf,wada_testing_2022_sport_totals.csv,0,TRUE,Curling,1,Curling,IMPAIRED | WOF,Table 3 - AAF Outcomes - WOF Sports/Disciplines | Table 7 - AAF Outcomes - Sports/Disciplines for Athletes with an Impairment,9,2,6,0,0,1,0,1,0.111111111111111,FALSE,FALSE,TRUE,1376,245,1621,TRUE,14.975041597337771,0.4176372712146423,0.5823627287853578,0.9484193011647255,0.024958402662229616,0.026622296173044926,256769,1986,7.734578551149087,0.0023406252312389735,0.004531722054380665,1621,1621,1376,245,6.169031462060457e-4,1.663893510815308,1.663893510815308,0,6.313067387418263,0.2635634009121134,0.1111111111111111,-0.0017237220850329278,0.2635634009121134,47,36,71,TRUE,TRUE,FALSE,84,45,TRUE,TRUE,FALSE
2022,Kickboxing,Kickboxing,Kickboxing,ARISF recognized sports,576,362,214,546,20,10,32,1,2022_anti-doping_testing_figures_en.pdf,wada_testing_2022_sport_totals.csv,0,TRUE,Kickboxing,1,Kickboxing,ARISF,Table 4 - AAF Outcomes - ARISF Sports/Disciplines,27,5,1,0,0,21,1,22,0.777777777777778,FALSE,FALSE,TRUE,1376,245,1621,TRUE,55.55555555555555,0.6284722222222222,0.3715277777777778,0.9479166666666666,0.034722222222222224,0.017361111111111112,256769,1986,7.734578551149087,0.002243261452901246,0.016112789526686808,1621,1621,1376,245,0.013571869216533004,38.19444444444445,36.458333333333336,1.736111111111111,6.313067387418263,6.050061261909659,0.65625,0.011328607763631758,6.050061261909658,48,14,15,TRUE,TRUE,FALSE,14,12,TRUE,TRUE,FALSE
2022,Wushu,Wushu,Wushu,ARISF recognized sports,525,275,250,519,6,0,1,1,2022_anti-doping_testing_figures_en.pdf,wada_testing_2022_sport_totals.csv,0,TRUE,Wushu,1,Wushu,ARISF,Table 4 - AAF Outcomes - ARISF Sports/Disciplines,1,0,0,0,0,1,0,1,1,FALSE,FALSE,TRUE,1376,245,1621,TRUE,1.9047619047619047,0.5238095238095238,0.47619047619047616,0.9885714285714285,0.011428571428571429,0,256769,1986,7.734578551149087,0.0020446393450922816,5.035246727089627e-4,1621,1621,1376,245,6.169031462060457e-4,1.9047619047619047,1.9047619047619047,0,6.313067387418263,0.30171734085367646,1,-0.0014277361988862358,0.3017173408536764,49,86,71,TRUE,TRUE,FALSE,83,96,TRUE,TRUE,FALSE
2022,Sambo,Sambo,Sambo,ARISF recognized sports | Other sports/disciplines from Code Signatories,491,301,190,478,13,0,11,2,2022_anti-doping_testing_figures_en.pdf,wada_testing_2022_sport_totals.csv,0,TRUE,Sambo,1,Sambo,ARISF,Table 4 - AAF Outcomes - ARISF Sports/Disciplines,11,0,0,0,0,11,1,12,1,FALSE,FALSE,TRUE,1376,245,1621,TRUE,22.40325865580448,0.6130346232179226,0.3869653767820774,0.9735234215885947,0.026476578411405296,0,256769,1986,7.734578551149087,0.0019122246065529718,0.0055387713997985906,1621,1621,1376,245,0.007402837754472548,24.43991853360489,22.40325865580448,2.0366598778004072,6.313067387418263,3.871322296085869,1,0.005490613147919576,3.8713222960858684,50,33,25,TRUE,FALSE,FALSE,21,34,TRUE,TRUE,FALSE
2022,Underwater Sports,Underwater Sports,Underwater,ARISF recognized sports,481,372,109,466,15,0,3,1,2022_anti-doping_testing_figures_en.pdf,wada_testing_2022_sport_totals.csv,0,TRUE,Underwater Sports,1,Underwater Sports,ARISF,Table 4 - AAF Outcomes - ARISF Sports/Disciplines,3,0,0,0,0,3,0,3,1,FALSE,FALSE,TRUE,1376,245,1621,TRUE,6.237006237006238,0.7733887733887734,0.22661122661122662,0.9688149688149689,0.031185031185031187,0,256769,1986,7.734578551149087,0.0018732790952178807,0.0015105740181268882,1621,1621,1376,245,0.001850709438618137,6.237006237006238,6.237006237006238,0,6.313067387418263,0.9879517917765914,1,-2.256965659974382e-5,0.9879517917765912,51,62,50,TRUE,FALSE,FALSE,52,74,TRUE,TRUE,FALSE
2022,Motorcycling,Motorcycling,Motorcycling,ARISF recognized sports,438,423,15,426,12,0,8,1,2022_anti-doping_testing_figures_en.pdf,wada_testing_2022_sport_totals.csv,0,TRUE,Motorcycling,1,Motorcycle Racing,ARISF,Table 4 - AAF Outcomes - ARISF Sports/Disciplines,8,4,0,0,0,4,0,4,0.5,FALSE,FALSE,TRUE,1376,245,1621,TRUE,18.2648401826484,0.9657534246575342,0.03424657534246575,0.9726027397260274,0.0273972602739726,0,256769,1986,7.734578551149087,0.001705813396476989,0.004028197381671702,1621,1621,1376,245,0.0024676125848241827,9.1324200913242,9.1324200913242,0,6.313067387418263,1.4465899903943389,0.5,7.617991883471936e-4,1.446589990394339,52,41,46,TRUE,FALSE,FALSE,40,41,TRUE,TRUE,FALSE
2022,Jiu-Jitsu,Jiu-Jitsu,Ju-Jitsu,AIMS sports,436,337,99,422,14,0,3,1,2022_anti-doping_testing_figures_en.pdf,wada_testing_2022_sport_totals.csv,0,TRUE,Jiu-Jitsu,1,Ju-Jitsu,AIMS,Table 5 - AAF Outcomes - AIMS Sports/Disciplines,3,0,0,0,2,1,0,1,0.333333333333333,FALSE,FALSE,TRUE,1376,245,1621,TRUE,6.8807339449541285,0.7729357798165137,0.22706422018348624,0.9678899082568807,0.03211009174311927,0,256769,1986,7.734578551149087,0.0016980242942099709,0.0015105740181268882,1621,1621,1376,245,6.169031462060457e-4,2.293577981651376,2.293577981651376,0,6.313067387418263,0.36330643107380767,0.3333333333333333,-0.001081121148003925,0.36330643107380767,53,62,71,TRUE,FALSE,FALSE,80,73,TRUE,TRUE,FALSE
2022,Squash,Squash,Squash,ARISF recognized sports,430,239,191,415,15,0,3,1,2022_anti-doping_testing_figures_en.pdf,wada_testing_2022_sport_totals.csv,0,TRUE,Squash,1,Squash,ARISF,Table 4 - AAF Outcomes - ARISF Sports/Disciplines,3,1,0,0,0,2,0,2,0.666666666666667,FALSE,FALSE,TRUE,1376,245,1621,TRUE,6.976744186046512,0.5558139534883721,0.4441860465116279,0.9651162790697675,0.03488372093023256,0,256769,1986,7.734578551149087,0.0016746569874089162,0.0015105740181268882,1621,1621,1376,245,0.0012338062924120913,4.651162790697675,4.651162790697675,0,6.313067387418263,0.7367516462706053,0.6666666666666666,-4.4085069499682486e-4,0.7367516462706053,54,62,60,TRUE,FALSE,FALSE,59,72,TRUE,TRUE,FALSE
2022,Floorball,Floorball,Floorball,ARISF recognized sports,414,285,129,410,4,0,3,1,2022_anti-doping_testing_figures_en.pdf,wada_testing_2022_sport_totals.csv,0,TRUE,Floorball,1,Floorball,ARISF,Table 4 - AAF Outcomes - ARISF Sports/Disciplines,3,0,0,0,0,3,0,3,1,FALSE,FALSE,TRUE,1376,245,1621,TRUE,7.246376811594203,0.6884057971014492,0.3115942028985507,0.9903381642512077,0.00966183574879227,0,256769,1986,7.734578551149087,0.0016123441692727704,0.0015105740181268882,1621,1621,1376,245,0.001850709438618137,7.246376811594203,7.246376811594203,0,6.313067387418263,1.1478377097694212,1,2.3836526934536647e-4,1.1478377097694212,55,62,50,TRUE,FALSE,FALSE,49,69,TRUE,TRUE,FALSE
2022,Orienteering,Orienteering,Orienteering,ARISF recognized sports | Sports for Athletes with an Impairment,377,226,151,365,12,0,3,2,2022_anti-doping_testing_figures_en.pdf,wada_testing_2022_sport_totals.csv,0,TRUE,Orienteering,1,Orienteering,ARISF,Table 4 - AAF Outcomes - ARISF Sports/Disciplines,3,2,0,0,0,1,0,1,0.333333333333333,FALSE,FALSE,TRUE,1376,245,1621,TRUE,7.957559681697613,0.5994694960212201,0.4005305039787798,0.9681697612732095,0.03183023872679045,0,256769,1986,7.734578551149087,0.0014682457773329334,0.0015105740181268882,1621,1621,1376,245,6.169031462060457e-4,2.6525198938992043,2.6525198938992043,0,6.313067387418263,0.4201634056980906,0.3333333333333333,-8.513426311268878e-4,0.4201634056980906,56,62,71,TRUE,FALSE,FALSE,76,61,TRUE,TRUE,FALSE
2022,Golf,Golf,Golf,ASOIF Summer Olympic sports | Other sports/disciplines from Code Signatories,376,262,114,373,3,0,4,2,2022_anti-doping_testing_figures_en.pdf,wada_testing_2022_sport_totals.csv,0,TRUE,Golf,1,Golf,ASOIF,Table 2 - AAF Outcomes - ASOIF Sports/Disciplines,4,3,0,0,0,1,0,1,0.25,FALSE,FALSE,TRUE,1376,245,1621,TRUE,10.638297872340425,0.6968085106382979,0.30319148936170215,0.9920212765957447,0.007978723404255319,0,256769,1986,7.734578551149087,0.0014643512261994244,0.002014098690835851,1621,1621,1376,245,6.169031462060457e-4,2.6595744680851063,2.6595744680851063,0,6.313067387418263,0.4212808615643089,0.25,-8.474480799933788e-4,0.4212808615643089,57,54,71,TRUE,FALSE,FALSE,75,53,TRUE,TRUE,FALSE
2022,Para-Alpine Skiing,Para-Alpine Skiing,Para-Alpine Skiing,Paralympic sports/disciplines,365,101,264,354,10,1,2,1,2022_anti-doping_testing_figures_en.pdf,wada_testing_2022_sport_totals.csv,0,TRUE,Para-Alpine Skiing,1,Para-Alpine Skiing,IPC,Table 6 - AAF Outcomes - IPC Sports/Disciplines,2,1,1,0,0,0,0,0,0,FALSE,FALSE,TRUE,1376,245,1621,TRUE,5.47945205479452,0.27671232876712326,0.7232876712328767,0.9698630136986301,0.0273972602739726,0.0027397260273972603,256769,1986,7.734578551149087,0.0014215111637308241,0.0010070493454179255,1621,1621,1376,245,0,0,0,0,6.313067387418263,0,0,-0.0014215111637308241,0,58,75,93,TRUE,FALSE,FALSE,93,79,TRUE,TRUE,FALSE
2022,Mixed Martial Arts,Mixed Martial Arts,Mixed Martial Arts,Other sports/disciplines from Code Signatories,358,275,83,350,8,0,19,1,2022_anti-doping_testing_figures_en.pdf,wada_testing_2022_sport_totals.csv,0,TRUE,Mixed Martial Arts,1,Mixed Martial Arts,OTHER-CS,Table 8 - AAF Outcomes - Other Sports - Code Signatories,19,0,0,0,3,16,0,16,0.842105263157895,FALSE,FALSE,TRUE,1376,245,1621,TRUE,53.072625698324025,0.7681564245810056,0.23184357541899442,0.9776536312849162,0.0223463687150838,0,256769,1986,7.734578551149087,0.0013942493057962605,0.009566968781470292,1621,1621,1376,245,0.00987045033929673,44.6927374301676,44.6927374301676,0,6.313067387418263,7.079401293773413,0.8421052631578947,0.00847620103350047,7.079401293773414,59,23,21,TRUE,FALSE,FALSE,11,13,TRUE,TRUE,FALSE
2022,Muaythai,Muaythai,Muaythai,ARISF recognized sports,357,215,142,345,12,0,9,1,2022_anti-doping_testing_figures_en.pdf,wada_testing_2022_sport_totals.csv,0,TRUE,Muaythai,1,Muaythai,ARISF,Table 4 - AAF Outcomes - ARISF Sports/Disciplines,9,2,0,0,0,7,0,7,0.777777777777778,FALSE,FALSE,TRUE,1376,245,1621,TRUE,25.210084033613445,0.6022408963585434,0.39775910364145656,0.9663865546218487,0.03361344537815126,0,256769,1986,7.734578551149087,0.0013903547546627512,0.004531722054380665,1621,1621,1376,245,0.00431832202344232,19.607843137254903,19.607843137254903,0,6.313067387418263,3.105913802905493,0.7777777777777778,0.002927967268779568,3.105913802905493,60,36,34,TRUE,FALSE,FALSE,27,31,TRUE,TRUE,FALSE
2022,Automobile Sports,Automobile Sports,Automobile,ARISF recognized sports,325,268,57,325,0,0,6,1,2022_anti-doping_testing_figures_en.pdf,wada_testing_2022_sport_totals.csv,0,TRUE,Automobile Sports,1,Automobile Sports,ARISF,Table 4 - AAF Outcomes - ARISF Sports/Disciplines,6,4,1,0,0,1,0,1,0.166666666666667,FALSE,FALSE,TRUE,1376,245,1621,TRUE,18.461538461538463,0.8246153846153846,0.1753846153846154,1,0,0,256769,1986,7.734578551149087,0.00126572911839046,0.0030211480362537764,1621,1621,1376,245,6.169031462060457e-4,3.076923076923077,3.076923076923077,0,6.313067387418263,0.48738955060978506,0.16666666666666666,-6.488259721844143e-4,0.48738955060978506,61,44,71,TRUE,FALSE,FALSE,69,40,TRUE,TRUE,FALSE
2022,Shooting Para Sport,Shooting Para Sport,Shooting Para Sport,Paralympic sports/disciplines,298,216,82,298,0,0,8,1,2022_anti-doping_testing_figures_en.pdf,wada_testing_2022_sport_totals.csv,0,TRUE,Shooting Para Sport,1,Shooting Para Sport,IPC,Table 6 - AAF Outcomes - IPC Sports/Disciplines,8,4,0,0,0,4,0,4,0.5,FALSE,FALSE,TRUE,1376,245,1621,TRUE,26.845637583892618,0.7248322147651006,0.2751677852348993,1,0,0,256769,1986,7.734578551149087,0.001160576237785714,0.004028197381671702,1621,1621,1376,245,0.0024676125848241827,13.422818791946309,13.422818791946309,0,6.313067387418263,2.126196026150069,0.5,0.0013070363470384686,2.126196026150069,62,41,46,TRUE,FALSE,FALSE,33,28,TRUE,TRUE,FALSE
2022,Life Saving,Life Saving,Life Saving | Lifesaving,ARISF recognized sports | Other sports/disciplines from Code Signatories,265,218,47,251,14,0,2,2,2022_anti-doping_testing_figures_en.pdf,wada_testing_2022_sport_totals.csv,0,TRUE,Life Saving,1,Lifesaving,ARISF,Table 4 - AAF Outcomes - ARISF Sports/Disciplines,2,0,0,0,0,2,0,2,1,FALSE,FALSE,TRUE,1376,245,1621,TRUE,7.547169811320755,0.8226415094339623,0.17735849056603772,0.9471698113207547,0.052830188679245285,0,256769,1986,7.734578551149087,0.0010320560503799135,0.0010070493454179255,1621,1621,1376,245,0.0012338062924120913,7.547169811320755,7.547169811320755,0,6.313067387418263,1.1954838033824917,1,2.0175024203217783e-4,1.1954838033824915,63,75,60,TRUE,FALSE,FALSE,45,64,TRUE,TRUE,FALSE
2022,DanceSport,DanceSport,DanceSport,ARISF recognized sports,258,147,111,252,4,2,0,1,2022_anti-doping_testing_figures_en.pdf,wada_testing_2022_sport_totals.csv,0,TRUE,NA,NA,NA,NA,NA,0,0,0,0,0,0,0,0,NA,NA,NA,FALSE,1376,245,1621,TRUE,0,0.5697674418604651,0.43023255813953487,0.9767441860465116,0.015503875968992248,0.007751937984496124,256769,1986,7.734578551149087,0.0010047941924453496,0,1621,1621,1376,245,0,0,0,0,6.313067387418263,0,NA,-0.0010047941924453496,0,64,101,93,TRUE,FALSE,FALSE,93,101,TRUE,TRUE,TRUE
2022,Australian Rules Football,Australian Rules Football,Australian Rules Football,Other sports/disciplines from Code Signatories,253,78,175,253,0,0,0,1,2022_anti-doping_testing_figures_en.pdf,wada_testing_2022_sport_totals.csv,0,TRUE,NA,NA,NA,NA,NA,0,0,0,0,0,0,0,0,NA,NA,NA,FALSE,1376,245,1621,TRUE,0,0.308300395256917,0.691699604743083,1,0,0,256769,1986,7.734578551149087,9.853214367778042e-4,0,1621,1621,1376,245,0,0,0,0,6.313067387418263,0,NA,-9.853214367778042e-4,0,65,101,93,TRUE,FALSE,FALSE,93,101,TRUE,TRUE,TRUE
2022,Para-Ice Hockey,Para-Ice Hockey,Para-Ice Hockey,Paralympic sports/disciplines,245,43,202,231,13,1,0,1,2022_anti-doping_testing_figures_en.pdf,wada_testing_2022_sport_totals.csv,0,TRUE,NA,NA,NA,NA,NA,0,0,0,0,0,0,0,0,NA,NA,NA,FALSE,1376,245,1621,TRUE,0,0.17551020408163265,0.8244897959183674,0.9428571428571428,0.053061224489795916,0.004081632653061225,256769,1986,7.734578551149087,9.541650277097313e-4,0,1621,1621,1376,245,0,0,0,0,6.313067387418263,0,NA,-9.541650277097313e-4,0,66,101,93,TRUE,FALSE,FALSE,93,101,TRUE,TRUE,TRUE
2022,Surfing,Surfing,Surfing,ARISF recognized sports,244,144,100,233,9,2,5,1,2022_anti-doping_testing_figures_en.pdf,wada_testing_2022_sport_totals.csv,0,TRUE,Surfing,1,Surfing,ARISF,Table 4 - AAF Outcomes - ARISF Sports/Disciplines,5,4,0,0,0,1,0,1,0.2,FALSE,FALSE,TRUE,1376,245,1621,TRUE,20.491803278688522,0.5901639344262295,0.4098360655737705,0.9549180327868853,0.036885245901639344,0.00819672131147541,256769,1986,7.734578551149087,9.502704765762222e-4,0.0025176233635448137,1621,1621,1376,245,6.169031462060457e-4,4.0983606557377055,4.0983606557377055,0,6.313067387418263,0.6491869014269679,0.2,-3.333673303701765e-4,0.6491869014269678,67,48,71,TRUE,FALSE,FALSE,62,38,TRUE,TRUE,FALSE
2022,Arm Wrestling,Arm Wrestling,Arm Wrestling,AIMS sports | Sports for Athletes with an Impairment,236,172,64,230,6,0,24,2,2022_anti-doping_testing_figures_en.pdf,wada_testing_2022_sport_totals.csv,0,TRUE,Arm Wrestling,1,Arm Wrestling,AIMS | IMPAIRED,Table 5 - AAF Outcomes - AIMS Sports/Disciplines | Table 7 - AAF Outcomes - Sports/Disciplines for Athletes with an Impairment,25,0,0,0,2,23,0,23,0.92,FALSE,FALSE,TRUE,1376,245,1621,TRUE,101.6949152542373,0.7288135593220338,0.2711864406779661,0.9745762711864406,0.025423728813559324,0,256769,1986,7.734578551149087,9.191140675081493e-4,0.012084592145015106,1621,1621,1376,245,0.01418877236273905,97.45762711864407,97.45762711864407,0,6.313067387418263,15.437444452576878,0.9583333333333334,0.0132696582952309,15.437444452576878,68,20,13,TRUE,FALSE,FALSE,4,4,TRUE,TRUE,FALSE
2022,Netball,Netball,Netball,ARISF recognized sports,234,115,119,227,7,0,1,1,2022_anti-doping_testing_figures_en.pdf,wada_testing_2022_sport_totals.csv,0,TRUE,Netball,1,Netball,ARISF,Table 4 - AAF Outcomes - ARISF Sports/Disciplines,1,1,0,0,0,0,0,0,0,FALSE,FALSE,TRUE,1376,245,1621,TRUE,4.273504273504274,0.49145299145299143,0.5085470085470085,0.9700854700854701,0.029914529914529916,0,256769,1986,7.734578551149087,9.113249652411311e-4,5.035246727089627e-4,1621,1621,1376,245,0,0,0,0,6.313067387418263,0,0,-9.113249652411311e-4,0,69,86,93,TRUE,FALSE,FALSE,93,86,TRUE,TRUE,FALSE
2022,School Sports,School Sports,School,Other sports/disciplines from Code Signatories,229,185,44,202,27,0,4,1,2022_anti-doping_testing_figures_en.pdf,wada_testing_2022_sport_totals.csv,0,TRUE,School Sports,1,School Sports,OTHER-CS,Table 8 - AAF Outcomes - Other Sports - Code Signatories,4,0,0,0,0,4,1,5,1,FALSE,FALSE,TRUE,1376,245,1621,TRUE,17.46724890829694,0.8078602620087336,0.19213973799126638,0.8820960698689956,0.11790393013100436,0,256769,1986,7.734578551149087,8.918522095735856e-4,0.002014098690835851,1621,1621,1376,245,0.0030845157310302285,21.83406113537118,17.46724890829694,4.366812227074235,6.313067387418263,3.458550304545418,1,0.0021926635214566427,3.458550304545418,70,54,37,TRUE,FALSE,FALSE,25,42,TRUE,TRUE,FALSE
2022,Ski Mountaineering,Ski Mountaineering,Ski Mountaineering,ARISF recognized sports,206,91,115,192,14,0,0,1,2022_anti-doping_testing_figures_en.pdf,wada_testing_2022_sport_totals.csv,0,TRUE,NA,NA,NA,NA,NA,0,0,0,0,0,0,0,0,NA,NA,NA,FALSE,1376,245,1621,TRUE,0,0.441747572815534,0.558252427184466,0.9320388349514563,0.06796116504854369,0,256769,1986,7.734578551149087,8.022775335028761e-4,0,1621,1621,1376,245,0,0,0,0,6.313067387418263,0,NA,-8.022775335028761e-4,0,71,101,93,TRUE,FALSE,FALSE,93,101,TRUE,TRUE,TRUE
2022,Water Skiing,Water Skiing,Water Skiing,ARISF recognized sports | Sports for Athletes with an Impairment,203,151,52,195,8,0,2,2,2022_anti-doping_testing_figures_en.pdf,wada_testing_2022_sport_totals.csv,0,TRUE,Water Skiing,1,Waterskiing,ARISF,Table 4 - AAF Outcomes - ARISF Sports/Disciplines,2,0,0,0,0,2,0,2,1,FALSE,FALSE,TRUE,1376,245,1621,TRUE,9.852216748768473,0.7438423645320197,0.2561576354679803,0.9605911330049262,0.03940886699507389,0,256769,1986,7.734578551149087,7.905938801023488e-4,0.0010070493454179255,1621,1621,1376,245,0.0012338062924120913,9.852216748768473,9.852216748768473,0,6.313067387418263,1.5606069354500507,1,4.4321241230974257e-4,1.5606069354500507,72,75,60,TRUE,FALSE,FALSE,37,55,TRUE,TRUE,FALSE
2022,Rugby,Rugby,Rugby,Sports for Athletes with an Impairment,168,68,100,163,5,0,2,1,2022_anti-doping_testing_figures_en.pdf,wada_testing_2022_sport_totals.csv,0,TRUE,NA,NA,NA,NA,NA,0,0,0,0,0,0,0,0,NA,NA,NA,FALSE,1376,245,1621,TRUE,11.904761904761903,0.40476190476190477,0.5952380952380952,0.9702380952380952,0.02976190476190476,0,256769,1986,7.734578551149087,6.5428459042953e-4,0.0010070493454179255,1621,1621,1376,245,0,0,0,0,6.313067387418263,0,0,-6.5428459042953e-4,0,73,75,93,TRUE,FALSE,FALSE,93,48,TRUE,TRUE,TRUE
2022,Para-Snowboard,Para-Snowboard,Para-Snowboard,Paralympic sports/disciplines,165,50,115,160,5,0,1,1,2022_anti-doping_testing_figures_en.pdf,wada_testing_2022_sport_totals.csv,0,TRUE,Para-Snowboard,1,Para-Snowboard,IPC,Table 6 - AAF Outcomes - IPC Sports/Disciplines,1,0,0,0,0,1,0,1,1,FALSE,FALSE,TRUE,1376,245,1621,TRUE,6.0606060606060606,0.30303030303030304,0.696969696969697,0.9696969696969697,0.030303030303030304,0,256769,1986,7.734578551149087,6.426009370290027e-4,5.035246727089627e-4,1621,1621,1376,245,6.169031462060457e-4,6.0606060606060606,6.0606060606060606,0,6.313067387418263,0.9600097208980615,1,-2.5697790822957014e-5,0.9600097208980615,74,86,71,TRUE,FALSE,FALSE,53,76,TRUE,TRUE,FALSE
2022,Kabaddi,Kabaddi,Kabaddi,Other sports/disciplines from Code Signatories,156,126,30,156,0,0,4,1,2022_anti-doping_testing_figures_en.pdf,wada_testing_2022_sport_totals.csv,0,TRUE,Kabaddi,1,Kabaddi,ADO Specific-CS,Table 10 - AAF Outcomes - ADO Specific - Code Signatories,4,0,0,0,0,4,1,5,1,FALSE,FALSE,TRUE,1376,245,1621,TRUE,25.64102564102564,0.8076923076923077,0.19230769230769232,1,0,0,256769,1986,7.734578551149087,6.075499768274208e-4,0.002014098690835851,1621,1621,1376,245,0.0030845157310302285,32.05128205128205,25.64102564102564,6.41025641025641,6.313067387418263,5.076974485518594,1,0.0024769657542028077,5.076974485518594,75,54,37,TRUE,FALSE,FALSE,20,29,TRUE,TRUE,FALSE
2022,Gaelic Games,Gaelic Games,Gaelic Games,Other sports/disciplines - Non-Code Signatories | Other sports/disciplines from Code Signatories,152,59,93,125,27,0,0,2,2022_anti-doping_testing_figures_en.pdf,wada_testing_2022_sport_totals.csv,0,TRUE,NA,NA,NA,NA,NA,0,0,0,0,0,0,0,0,NA,NA,NA,FALSE,1376,245,1621,TRUE,0,0.3881578947368421,0.6118421052631579,0.8223684210526315,0.17763157894736842,0,256769,1986,7.734578551149087,5.919717722933844e-4,0,1621,1621,1376,245,0,0,0,0,6.313067387418263,0,NA,-5.919717722933844e-4,0,76,101,93,TRUE,FALSE,FALSE,93,101,TRUE,TRUE,TRUE
2022,Lacrosse,Lacrosse,Lacrosse,ARISF recognized sports,148,86,62,137,11,0,6,1,2022_anti-doping_testing_figures_en.pdf,wada_testing_2022_sport_totals.csv,0,TRUE,Lacrosse,1,Lacrosse,ARISF,Table 4 - AAF Outcomes - ARISF Sports/Disciplines,6,3,0,0,0,3,0,3,0.5,FALSE,FALSE,TRUE,1376,245,1621,TRUE,40.54054054054054,0.581081081081081,0.4189189189189189,0.9256756756756757,0.07432432432432433,0,256769,1986,7.734578551149087,5.763935677593479e-4,0.0030211480362537764,1621,1621,1376,245,0.001850709438618137,20.27027027027027,20.27027027027027,0,6.313067387418263,3.2108433232739215,0.5,0.001274315870858789,3.2108433232739215,77,44,50,TRUE,FALSE,FALSE,26,18,TRUE,TRUE,FALSE
2022,Sitting Volleyball,Sitting Volleyball,ParaVolley,Sports for Athletes with an Impairment,145,56,89,142,3,0,2,1,2022_anti-doping_testing_figures_en.pdf,wada_testing_2022_sport_totals.csv,0,TRUE,Sitting Volleyball,1,ParaVolley,IMPAIRED,Table 7 - AAF Outcomes - Sports/Disciplines for Athletes with an Impairment,2,0,0,0,1,1,1,2,0.5,FALSE,FALSE,TRUE,1376,245,1621,TRUE,13.793103448275861,0.38620689655172413,0.6137931034482759,0.9793103448275862,0.020689655172413793,0,256769,1986,7.734578551149087,5.647099143588206e-4,0.0010070493454179255,1621,1621,1376,245,0.0012338062924120913,13.793103448275861,6.896551724137931,6.896551724137931,6.313067387418263,2.1848497096300705,0.5,6.690963780532708e-4,2.184849709630071,78,75,60,TRUE,FALSE,FALSE,32,46,TRUE,TRUE,FALSE
2022,Bandy,Bandy,Bandy,ARISF recognized sports,136,108,28,136,0,0,3,1,2022_anti-doping_testing_figures_en.pdf,wada_testing_2022_sport_totals.csv,0,TRUE,Bandy,1,Bandy,ARISF,Table 4 - AAF Outcomes - ARISF Sports/Disciplines,3,0,0,0,0,3,0,3,1,FALSE,FALSE,TRUE,1376,245,1621,TRUE,22.058823529411764,0.7941176470588235,0.20588235294117646,1,0,0,256769,1986,7.734578551149087,5.296589541572386e-4,0.0015105740181268882,1621,1621,1376,245,0.001850709438618137,22.058823529411764,22.058823529411764,0,6.313067387418263,3.4941530282686797,1,0.0013210504844608983,3.4941530282686797,79,62,50,TRUE,FALSE,FALSE,24,36,TRUE,TRUE,FALSE
2022,Cheer,Cheer,Cheer | Cheerleading,ARISF recognized sports | Other sports/disciplines from Code Signatories,135,102,33,121,14,0,3,2,2022_anti-doping_testing_figures_en.pdf,wada_testing_2022_sport_totals.csv,0,TRUE,Cheer,1,Cheer,ARISF,Table 4 - AAF Outcomes - ARISF Sports/Disciplines,3,0,0,0,1,2,1,3,0.666666666666667,FALSE,FALSE,TRUE,1376,245,1621,TRUE,22.22222222222222,0.7555555555555555,0.24444444444444444,0.8962962962962963,0.1037037037037037,0,256769,1986,7.734578551149087,5.257644030237295e-4,0.0015105740181268882,1621,1621,1376,245,0.001850709438618137,22.22222222222222,14.814814814814815,7.407407407407407,6.313067387418263,3.520035643292892,0.6666666666666666,0.0013249450355944073,3.520035643292892,80,62,50,TRUE,FALSE,FALSE,23,35,TRUE,TRUE,FALSE
2022,Tug of War,Tug of War,Tug of War,ARISF recognized sports,135,64,71,122,13,0,1,1,2022_anti-doping_testing_figures_en.pdf,wada_testing_2022_sport_totals.csv,0,TRUE,Tug of War,1,Tug of War,ARISF,Table 4 - AAF Outcomes - ARISF Sports/Disciplines,1,0,0,0,0,1,0,1,1,FALSE,FALSE,TRUE,1376,245,1621,TRUE,7.407407407407407,0.4740740740740741,0.5259259259259259,0.9037037037037037,0.0962962962962963,0,256769,1986,7.734578551149087,5.257644030237295e-4,5.035246727089627e-4,1621,1621,1376,245,6.169031462060457e-4,7.407407407407407,7.407407407407407,0,6.313067387418263,1.173345214430964,1,9.113874318231619e-5,1.173345214430964,80,86,71,TRUE,FALSE,FALSE,47,66,TRUE,TRUE,FALSE
2022,Boules Sports,Boules Sports,Boules,ARISF recognized sports,127,84,43,127,0,0,3,1,2022_anti-doping_testing_figures_en.pdf,wada_testing_2022_sport_totals.csv,0,TRUE,Boules Sports,1,Boules Sports,ARISF,Table 4 - AAF Outcomes - ARISF Sports/Disciplines,3,0,0,0,2,1,0,1,0.333333333333333,FALSE,FALSE,TRUE,1376,245,1621,TRUE,23.62204724409449,0.6614173228346457,0.33858267716535434,1,0,0,256769,1986,7.734578551149087,4.946079939556566e-4,0.0015105740181268882,1621,1621,1376,245,6.169031462060457e-4,7.874015748031496,7.874015748031496,0,6.313067387418263,1.2472567240014185,0.3333333333333333,1.2229515225038907e-4,1.2472567240014185,82,62,71,TRUE,FALSE,FALSE,43,33,TRUE,TRUE,FALSE
2022,Sepaktakraw,Sepaktakraw,Sepaktakraw,AIMS sports,125,53,72,125,0,0,0,1,2022_anti-doping_testing_figures_en.pdf,wada_testing_2022_sport_totals.csv,0,TRUE,NA,NA,NA,NA,NA,0,0,0,0,0,0,0,0,NA,NA,NA,FALSE,1376,245,1621,TRUE,0,0.424,0.576,1,0,0,256769,1986,7.734578551149087,4.8681889168863843e-4,0,1621,1621,1376,245,0,0,0,0,6.313067387418263,0,NA,-4.8681889168863843e-4,0,83,101,93,TRUE,FALSE,FALSE,93,101,TRUE,TRUE,TRUE
2022,Boccia,Boccia,Boccia,Sports for Athletes with an Impairment,124,69,55,124,0,0,2,1,2022_anti-doping_testing_figures_en.pdf,wada_testing_2022_sport_totals.csv,0,TRUE,Boccia,1,Boccia,IMPAIRED,Table 7 - AAF Outcomes - Sports/Disciplines for Athletes with an Impairment,2,1,0,0,0,1,0,1,0.5,FALSE,FALSE,TRUE,1376,245,1621,TRUE,16.129032258064516,0.5564516129032258,0.4435483870967742,1,0,0,256769,1986,7.734578551149087,4.829243405551293e-4,0.0010070493454179255,1621,1621,1376,245,6.169031462060457e-4,8.064516129032258,8.064516129032258,0,6.313067387418263,1.2774322899046786,0.5,1.3397880565091635e-4,1.2774322899046786,84,75,71,TRUE,FALSE,FALSE,42,44,TRUE,TRUE,FALSE
2022,Basque Pelota,Basque Pelota,Basque Pelota,ARISF recognized sports,122,46,76,122,0,0,2,1,2022_anti-doping_testing_figures_en.pdf,wada_testing_2022_sport_totals.csv,0,TRUE,Basque Pelota,1,Basque Pelota,ARISF,Table 4 - AAF Outcomes - ARISF Sports/Disciplines,2,0,0,0,0,2,0,2,1,FALSE,FALSE,TRUE,1376,245,1621,TRUE,16.393442622950822,0.3770491803278688,0.6229508196721312,1,0,0,256769,1986,7.734578551149087,4.751352382881111e-4,0.0010070493454179255,1621,1621,1376,245,0.0012338062924120913,16.393442622950822,16.393442622950822,0,6.313067387418263,2.5967476057078716,1,7.586710541239803e-4,2.596747605707871,85,75,60,TRUE,FALSE,FALSE,30,43,TRUE,TRUE,FALSE
2022,Billiards,Billiards,Billiards,ARISF recognized sports,118,85,33,118,0,0,3,1,2022_anti-doping_testing_figures_en.pdf,wada_testing_2022_sport_totals.csv,0,TRUE,Billiards,1,Billiards Sports,ARISF,Table 4 - AAF Outcomes - ARISF Sports/Disciplines,4,2,0,0,0,2,0,2,0.5,FALSE,FALSE,TRUE,1376,245,1621,TRUE,25.423728813559325,0.7203389830508474,0.2796610169491525,1,0,0,256769,1986,7.734578551149087,4.5955703375407465e-4,0.0015105740181268882,1621,1621,1376,245,0.0012338062924120913,16.949152542372882,16.949152542372882,0,6.313067387418263,2.6847729482742397,0.6666666666666666,7.742492586580167e-4,2.6847729482742397,86,62,60,TRUE,FALSE,FALSE,29,30,TRUE,TRUE,FALSE
2022,Bowling,Bowling,Bowling,ARISF recognized sports | Sports for Athletes with an Impairment,115,58,57,115,0,0,1,2,2022_anti-doping_testing_figures_en.pdf,wada_testing_2022_sport_totals.csv,0,TRUE,Bowling,1,Bowling,ARISF,Table 4 - AAF Outcomes - ARISF Sports/Disciplines,1,0,0,0,0,1,0,1,1,FALSE,FALSE,TRUE,1376,245,1621,TRUE,8.695652173913043,0.5043478260869565,0.4956521739130435,1,0,0,256769,1986,7.734578551149087,4.478733803535474e-4,5.035246727089627e-4,1621,1621,1376,245,6.169031462060457e-4,8.695652173913043,8.695652173913043,0,6.313067387418263,1.3774052517233055,1,1.690297658524983e-4,1.3774052517233055,87,86,71,TRUE,FALSE,FALSE,41,58,TRUE,TRUE,FALSE
2022,Goalball,Goalball,Goalball,Sports for Athletes with an Impairment,111,65,46,109,2,0,5,1,2022_anti-doping_testing_figures_en.pdf,wada_testing_2022_sport_totals.csv,0,TRUE,Goalball,1,Goalball,IMPAIRED,Table 7 - AAF Outcomes - Sports/Disciplines for Athletes with an Impairment,5,0,4,0,1,0,0,0,0,FALSE,FALSE,TRUE,1376,245,1621,TRUE,45.04504504504504,0.5855855855855856,0.4144144144144144,0.9819819819819819,0.018018018018018018,0,256769,1986,7.734578551149087,4.3229517581951094e-4,0.0025176233635448137,1621,1621,1376,245,0,0,0,0,6.313067387418263,0,0,-4.3229517581951094e-4,0,88,48,93,TRUE,FALSE,FALSE,93,16,TRUE,TRUE,FALSE
2022,Pencak Silat,Pencak Silat,Pencak Silat,Other sports/disciplines - Non-Code Signatories | Other sports/disciplines from Code Signatories,110,84,26,109,1,0,0,2,2022_anti-doping_testing_figures_en.pdf,wada_testing_2022_sport_totals.csv,0,TRUE,NA,NA,NA,NA,NA,0,0,0,0,0,0,0,0,NA,NA,NA,FALSE,1376,245,1621,TRUE,0,0.7636363636363637,0.23636363636363636,0.990909090909091,0.00909090909090909,0,256769,1986,7.734578551149087,4.284006246860018e-4,0,1621,1621,1376,245,0,0,0,0,6.313067387418263,0,NA,-4.284006246860018e-4,0,89,101,93,TRUE,FALSE,FALSE,93,101,TRUE,TRUE,TRUE
2022,Football - IBSA Football,Football - IBSA Football,Football-IBSA Footbal,Sports for Athletes with an Impairment,107,71,36,106,1,0,4,1,2022_anti-doping_testing_figures_en.pdf,wada_testing_2022_sport_totals.csv,0,TRUE,Blind Football,1,Blind Football,IMPAIRED,Table 7 - AAF Outcomes - Sports/Disciplines for Athletes with an Impairment,4,0,3,0,0,1,0,1,0.25,FALSE,FALSE,TRUE,1376,245,1621,TRUE,37.38317757009346,0.6635514018691588,0.3364485981308411,0.9906542056074766,0.009345794392523364,0,256769,1986,7.734578551149087,4.167169712854745e-4,0.002014098690835851,1621,1621,1376,245,6.169031462060457e-4,9.345794392523365,9.345794392523365,0,6.313067387418263,1.4803888219456087,0.25,2.0018617492057118e-4,1.4803888219456087,90,54,71,TRUE,FALSE,FALSE,38,21,TRUE,TRUE,FALSE
2022,Korfball,Korfball,Korfball,ARISF recognized sports,84,51,33,81,3,0,0,1,2022_anti-doping_testing_figures_en.pdf,wada_testing_2022_sport_totals.csv,0,TRUE,NA,NA,NA,NA,NA,0,0,0,0,0,0,0,0,NA,NA,NA,FALSE,1376,245,1621,TRUE,0,0.6071428571428571,0.39285714285714285,0.9642857142857143,0.03571428571428571,0,256769,1986,7.734578551149087,3.27142295214765e-4,0,1621,1621,1376,245,0,0,0,0,6.313067387418263,0,NA,-3.27142295214765e-4,0,91,101,93,FALSE,FALSE,FALSE,NA,NA,TRUE,TRUE,TRUE
2022,Kettlebell Lifting,Kettlebell Lifting,Kettlebell Lifting,Other sports/disciplines from Code Signatories,79,78,1,79,0,0,4,1,2022_anti-doping_testing_figures_en.pdf,wada_testing_2022_sport_totals.csv,0,TRUE,Kettlebell Lifting,1,Kettlebell Lifting,OTHER-CS,Table 8 - AAF Outcomes - Other Sports - Code Signatories,4,0,0,0,0,4,1,5,1,FALSE,FALSE,TRUE,1376,245,1621,TRUE,50.63291139240506,0.9873417721518988,0.012658227848101266,1,0,0,256769,1986,7.734578551149087,3.076695395472195e-4,0.002014098690835851,1621,1621,1376,245,0.0030845157310302285,63.29113924050633,50.63291139240506,12.658227848101266,6.313067387418263,10.025417971403806,1,0.002776846191483009,10.025417971403806,92,54,37,FALSE,FALSE,FALSE,NA,NA,TRUE,TRUE,FALSE
2022,Football 7-a-Side,Football 7-a-Side,Football 7-a-Side,Sports for Athletes with an Impairment,78,32,46,77,1,0,4,1,2022_anti-doping_testing_figures_en.pdf,wada_testing_2022_sport_totals.csv,0,TRUE,Football 7-a-Side,1,Football 7-a-Side,IMPAIRED,Table 7 - AAF Outcomes - Sports/Disciplines for Athletes with an Impairment,4,0,0,0,0,4,0,4,1,FALSE,FALSE,TRUE,1376,245,1621,TRUE,51.28205128205128,0.41025641025641024,0.5897435897435898,0.9871794871794872,0.01282051282051282,0,256769,1986,7.734578551149087,3.037749884137104e-4,0.002014098690835851,1621,1621,1376,245,0.0024676125848241827,51.28205128205128,51.28205128205128,0,6.313067387418263,8.12315917682975,1,0.0021638375964104723,8.12315917682975,93,54,46,FALSE,FALSE,FALSE,NA,NA,TRUE,TRUE,FALSE
2022,Racquetball,Racquetball,Racquetball,ARISF recognized sports,71,33,38,70,1,0,2,1,2022_anti-doping_testing_figures_en.pdf,wada_testing_2022_sport_totals.csv,0,TRUE,Racquetball,1,Racquetball,ARISF,Table 4 - AAF Outcomes - ARISF Sports/Disciplines,2,2,0,0,0,0,0,0,0,FALSE,FALSE,TRUE,1376,245,1621,TRUE,28.169014084507044,0.4647887323943662,0.5352112676056338,0.9859154929577465,0.014084507042253521,0,256769,1986,7.734578551149087,2.765131304791466e-4,0.0010070493454179255,1621,1621,1376,245,0,0,0,0,6.313067387418263,0,0,-2.765131304791466e-4,0,94,75,93,FALSE,FALSE,FALSE,NA,NA,TRUE,TRUE,FALSE
2022,Savate,Savate,Savate,AIMS sports,69,50,19,65,4,0,3,1,2022_anti-doping_testing_figures_en.pdf,wada_testing_2022_sport_totals.csv,0,TRUE,Savate,1,Savate,AIMS,Table 5 - AAF Outcomes - AIMS Sports/Disciplines,3,0,0,0,0,3,0,3,1,FALSE,FALSE,TRUE,1376,245,1621,TRUE,43.47826086956522,0.7246376811594203,0.2753623188405797,0.9420289855072463,0.057971014492753624,0,256769,1986,7.734578551149087,2.687240282121284e-4,0.0015105740181268882,1621,1621,1376,245,0.001850709438618137,43.47826086956522,43.47826086956522,0,6.313067387418263,6.887026258616528,1,0.0015819854104060084,6.887026258616528,95,62,50,FALSE,FALSE,FALSE,NA,NA,TRUE,TRUE,FALSE
2022,Chess,Chess,Chess,ARISF recognized sports | Other sports/disciplines from Code Signatories,66,56,10,66,0,0,0,2,2022_anti-doping_testing_figures_en.pdf,wada_testing_2022_sport_totals.csv,0,TRUE,NA,NA,NA,NA,NA,0,0,0,0,0,0,0,0,NA,NA,NA,FALSE,1376,245,1621,TRUE,0,0.8484848484848485,0.15151515151515152,1,0,0,256769,1986,7.734578551149087,2.570403748116011e-4,0,1621,1621,1376,245,0,0,0,0,6.313067387418263,0,NA,-2.570403748116011e-4,0,96,101,93,FALSE,FALSE,FALSE,NA,NA,TRUE,TRUE,TRUE
2022,College,College,College,Other sports/disciplines from Code Signatories,65,54,11,65,0,0,0,1,2022_anti-doping_testing_figures_en.pdf,wada_testing_2022_sport_totals.csv,0,TRUE,NA,NA,NA,NA,NA,0,0,0,0,0,0,0,0,NA,NA,NA,FALSE,1376,245,1621,TRUE,0,0.8307692307692308,0.16923076923076924,1,0,0,256769,1986,7.734578551149087,2.5314582367809196e-4,0,1621,1621,1376,245,0,0,0,0,6.313067387418263,0,NA,-2.5314582367809196e-4,0,97,101,93,FALSE,FALSE,FALSE,NA,NA,TRUE,TRUE,TRUE
2022,Kurash,Kurash,Kurash,Other sports/disciplines from Code Signatories,63,40,23,63,0,0,5,1,2022_anti-doping_testing_figures_en.pdf,wada_testing_2022_sport_totals.csv,0,TRUE,Kurash,1,Kurash,OTHER-CS,Table 8 - AAF Outcomes - Other Sports - Code Signatories,5,0,0,0,0,5,0,5,1,FALSE,FALSE,TRUE,1376,245,1621,TRUE,79.36507936507937,0.6349206349206349,0.36507936507936506,1,0,0,256769,1986,7.734578551149087,2.4535672141107374e-4,0.0025176233635448137,1621,1621,1376,245,0.0030845157310302285,79.36507936507937,79.36507936507937,0,6.313067387418263,12.571555868903186,1,0.002839159009619155,12.571555868903188,98,48,37,FALSE,FALSE,FALSE,NA,NA,TRUE,TRUE,FALSE
2022,Mountaineering and Climbing,Mountaineering and Climbing,Mountaineering and Climbing,ARISF recognized sports,60,36,24,58,2,0,0,1,2022_anti-doping_testing_figures_en.pdf,wada_testing_2022_sport_totals.csv,0,TRUE,NA,NA,NA,NA,NA,0,0,0,0,0,0,0,0,NA,NA,NA,FALSE,1376,245,1621,TRUE,0,0.6,0.4,0.9666666666666667,0.03333333333333333,0,256769,1986,7.734578551149087,2.3367306801054644e-4,0,1621,1621,1376,245,0,0,0,0,6.313067387418263,0,NA,-2.3367306801054644e-4,0,99,101,93,FALSE,FALSE,FALSE,NA,NA,TRUE,TRUE,TRUE
2022,Bowls,Bowls,Bowls,Other sports/disciplines from Code Signatories,56,44,12,56,0,0,2,1,2022_anti-doping_testing_figures_en.pdf,wada_testing_2022_sport_totals.csv,0,TRUE,Bowls,1,Bowls,OTHER-CS,Table 8 - AAF Outcomes - Other Sports - Code Signatories,2,0,0,0,0,2,0,2,1,FALSE,FALSE,TRUE,1376,245,1621,TRUE,35.714285714285715,0.7857142857142857,0.21428571428571427,1,0,0,256769,1986,7.734578551149087,2.1809486347651002e-4,0.0010070493454179255,1621,1621,1376,245,0.0012338062924120913,35.714285714285715,35.714285714285715,0,6.313067387418263,5.657200141006434,1,0.0010157114289355814,5.657200141006434,100,75,60,FALSE,FALSE,FALSE,NA,NA,TRUE,TRUE,FALSE
2022,Bridge,Bridge,Bridge,ARISF recognized sports | Other sports/disciplines from Code Signatories,55,31,24,55,0,0,5,2,2022_anti-doping_testing_figures_en.pdf,wada_testing_2022_sport_totals.csv,0,TRUE,Bridge,1,Bridge,ARISF,Table 4 - AAF Outcomes - ARISF Sports/Disciplines,5,3,0,0,0,2,0,2,0.4,FALSE,FALSE,TRUE,1376,245,1621,TRUE,90.9090909090909,0.5636363636363636,0.43636363636363634,1,0,0,256769,1986,7.734578551149087,2.142003123430009e-4,0.0025176233635448137,1621,1621,1376,245,0.0012338062924120913,36.36363636363636,36.36363636363636,0,6.313067387418263,5.760058325388368,0.4,0.0010196059800690904,5.760058325388369,101,48,60,FALSE,FALSE,FALSE,NA,NA,TRUE,TRUE,FALSE
2022,Sumo,Sumo,Sumo,ARISF recognized sports,55,38,17,55,0,0,2,1,2022_anti-doping_testing_figures_en.pdf,wada_testing_2022_sport_totals.csv,0,TRUE,Sumo,1,Sumo,ARISF,Table 4 - AAF Outcomes - ARISF Sports/Disciplines,2,0,0,0,0,2,0,2,1,FALSE,FALSE,TRUE,1376,245,1621,TRUE,36.36363636363636,0.6909090909090909,0.3090909090909091,1,0,0,256769,1986,7.734578551149087,2.142003123430009e-4,0.0010070493454179255,1621,1621,1376,245,0.0012338062924120913,36.36363636363636,36.36363636363636,0,6.313067387418263,5.760058325388368,1,0.0010196059800690904,5.760058325388369,101,75,60,FALSE,FALSE,FALSE,NA,NA,TRUE,TRUE,FALSE
2022,Teqball,Teqball,Teqball,AIMS sports,53,34,19,48,5,0,0,1,2022_anti-doping_testing_figures_en.pdf,wada_testing_2022_sport_totals.csv,0,TRUE,NA,NA,NA,NA,NA,0,0,0,0,0,0,0,0,NA,NA,NA,FALSE,1376,245,1621,TRUE,0,0.6415094339622641,0.3584905660377358,0.9056603773584906,0.09433962264150944,0,256769,1986,7.734578551149087,2.064112100759827e-4,0,1621,1621,1376,245,0,0,0,0,6.313067387418263,0,NA,-2.064112100759827e-4,0,103,101,93,FALSE,FALSE,FALSE,NA,NA,TRUE,TRUE,TRUE
2022,Soft Tennis,Soft Tennis,Soft Tennis,AIMS sports,46,27,19,45,1,0,0,1,2022_anti-doping_testing_figures_en.pdf,wada_testing_2022_sport_totals.csv,0,TRUE,NA,NA,NA,NA,NA,0,0,0,0,0,0,0,0,NA,NA,NA,FALSE,1376,245,1621,TRUE,0,0.5869565217391305,0.41304347826086957,0.9782608695652174,0.021739130434782608,0,256769,1986,7.734578551149087,1.7914935214141895e-4,0,1621,1621,1376,245,0,0,0,0,6.313067387418263,0,NA,-1.7914935214141895e-4,0,104,101,93,FALSE,FALSE,FALSE,NA,NA,TRUE,TRUE,TRUE
2022,Powerboating,Powerboating,Powerboating,ARISF recognized sports,44,26,18,34,10,0,0,1,2022_anti-doping_testing_figures_en.pdf,wada_testing_2022_sport_totals.csv,0,TRUE,NA,NA,NA,NA,NA,0,0,0,0,0,0,0,0,NA,NA,NA,FALSE,1376,245,1621,TRUE,0,0.5909090909090909,0.4090909090909091,0.7727272727272727,0.22727272727272727,0,256769,1986,7.734578551149087,1.7136024987440072e-4,0,1621,1621,1376,245,0,0,0,0,6.313067387418263,0,NA,-1.7136024987440072e-4,0,105,101,93,FALSE,FALSE,FALSE,NA,NA,TRUE,TRUE,TRUE
2022,Functional Fitness,Functional Fitness,Functional Fitness,Other sports/disciplines from Code Signatories,42,16,26,38,4,0,0,1,2022_anti-doping_testing_figures_en.pdf,wada_testing_2022_sport_totals.csv,0,TRUE,Functional Fitness,1,NA,NA,NA,0,0,0,0,0,0,1,1,NA,FALSE,FALSE,TRUE,1376,245,1621,TRUE,0,0.38095238095238093,0.6190476190476191,0.9047619047619048,0.09523809523809523,0,256769,1986,7.734578551149087,1.635711476073825e-4,0,1621,1621,1376,245,6.169031462060457e-4,23.809523809523807,0,23.809523809523807,6.313067387418263,3.7714667606709553,NA,4.5333199859866314e-4,3.7714667606709558,106,101,71,FALSE,FALSE,FALSE,NA,NA,TRUE,TRUE,FALSE
2022,Brazilian Jiu-Jitsu,Brazilian Jiu-Jitsu,Brazilian Jiu-Jitsu,Other sports/disciplines from Code Signatories,36,26,10,35,1,0,3,1,2022_anti-doping_testing_figures_en.pdf,wada_testing_2022_sport_totals.csv,0,TRUE,Brazilian Jiu-Jitsu,1,Brazilian Jiu-Jitsu,ADO Specific-CS,Table 10 - AAF Outcomes - ADO Specific - Code Signatories,3,1,0,0,0,2,0,2,0.666666666666667,FALSE,FALSE,TRUE,1376,245,1621,TRUE,83.33333333333333,0.7222222222222222,0.2777777777777778,0.9722222222222222,0.027777777777777776,0,256769,1986,7.734578551149087,1.4020384080632787e-4,0.0015105740181268882,1621,1621,1376,245,0.0012338062924120913,55.55555555555555,55.55555555555555,0,6.313067387418263,8.800089108232228,0.6666666666666666,0.0010936024516057636,8.80008910823223,107,62,60,FALSE,FALSE,FALSE,NA,NA,TRUE,TRUE,FALSE
2022,Dragon Boat,Dragon Boat,Dragon Boat,AIMS sports,36,18,18,36,0,0,1,1,2022_anti-doping_testing_figures_en.pdf,wada_testing_2022_sport_totals.csv,0,TRUE,Dragon Boat,1,Dragon Boat,AIMS,Table 5 - AAF Outcomes - AIMS Sports/Disciplines,1,1,0,0,0,0,0,0,0,FALSE,FALSE,TRUE,1376,245,1621,TRUE,27.777777777777775,0.5,0.5,1,0,0,256769,1986,7.734578551149087,1.4020384080632787e-4,5.035246727089627e-4,1621,1621,1376,245,0,0,0,0,6.313067387418263,0,0,-1.4020384080632787e-4,0,107,86,93,FALSE,FALSE,FALSE,NA,NA,TRUE,TRUE,FALSE
2022,Para-Biathlon,Para-Biathlon,Para-Biathlon,Paralympic sports/disciplines,30,10,20,28,2,0,0,1,2022_anti-doping_testing_figures_en.pdf,wada_testing_2022_sport_totals.csv,0,TRUE,NA,NA,NA,NA,NA,0,0,0,0,0,0,0,0,NA,NA,NA,FALSE,1376,245,1621,TRUE,0,0.3333333333333333,0.6666666666666666,0.9333333333333333,0.06666666666666667,0,256769,1986,7.734578551149087,1.1683653400527322e-4,0,1621,1621,1376,245,0,0,0,0,6.313067387418263,0,NA,-1.1683653400527322e-4,0,109,101,93,FALSE,FALSE,FALSE,NA,NA,TRUE,TRUE,TRUE
2022,Air Sports,Air Sports,Air,ARISF recognized sports | Other sports/disciplines from Code Signatories,29,15,14,29,0,0,0,2,2022_anti-doping_testing_figures_en.pdf,wada_testing_2022_sport_totals.csv,0,TRUE,NA,NA,NA,NA,NA,0,0,0,0,0,0,0,0,NA,NA,NA,FALSE,1376,245,1621,TRUE,0,0.5172413793103449,0.4827586206896552,1,0,0,256769,1986,7.734578551149087,1.1294198287176411e-4,0,1621,1621,1376,245,0,0,0,0,6.313067387418263,0,NA,-1.1294198287176411e-4,0,110,101,93,FALSE,FALSE,FALSE,NA,NA,TRUE,TRUE,TRUE
2022,Icestocksport,Icestocksport,Icestocksport,ARISF recognized sports,29,20,9,25,4,0,1,1,2022_anti-doping_testing_figures_en.pdf,wada_testing_2022_sport_totals.csv,0,TRUE,Icestocksport,1,Icestocksport,ARISF,Table 4 - AAF Outcomes - ARISF Sports/Disciplines,1,1,0,0,0,0,0,0,0,FALSE,FALSE,TRUE,1376,245,1621,TRUE,34.48275862068965,0.6896551724137931,0.3103448275862069,0.8620689655172413,0.13793103448275862,0,256769,1986,7.734578551149087,1.1294198287176411e-4,5.035246727089627e-4,1621,1621,1376,245,0,0,0,0,6.313067387418263,0,0,-1.1294198287176411e-4,0,110,86,93,FALSE,FALSE,FALSE,NA,NA,TRUE,TRUE,FALSE
2022,Minigolf,Minigolf,Minigolf,AIMS sports,28,28,0,28,0,0,0,1,2022_anti-doping_testing_figures_en.pdf,wada_testing_2022_sport_totals.csv,0,TRUE,NA,NA,NA,NA,NA,0,0,0,0,0,0,0,0,NA,NA,NA,FALSE,1376,245,1621,TRUE,0,1,0,1,0,0,256769,1986,7.734578551149087,1.0904743173825501e-4,0,1621,1621,1376,245,0,0,0,0,6.313067387418263,0,NA,-1.0904743173825501e-4,0,112,101,93,FALSE,FALSE,FALSE,NA,NA,TRUE,TRUE,TRUE
2022,Sport Fishing,Sport Fishing,Sport Fishing,AIMS sports,28,18,10,28,0,0,3,1,2022_anti-doping_testing_figures_en.pdf,wada_testing_2022_sport_totals.csv,0,TRUE,Sport Fishing,1,Sport Fishing,AIMS,Table 5 - AAF Outcomes - AIMS Sports/Disciplines,3,2,0,0,0,1,0,1,0.333333333333333,FALSE,FALSE,TRUE,1376,245,1621,TRUE,107.14285714285714,0.6428571428571429,0.35714285714285715,1,0,0,256769,1986,7.734578551149087,1.0904743173825501e-4,0.0015105740181268882,1621,1621,1376,245,6.169031462060457e-4,35.714285714285715,35.714285714285715,0,6.313067387418263,5.657200141006434,0.3333333333333333,5.078557144677907e-4,5.657200141006434,112,62,71,FALSE,FALSE,FALSE,NA,NA,TRUE,TRUE,FALSE
2022,CP Football,CP Football,CP Football,Sports for Athletes with an Impairment,27,18,9,26,1,0,1,1,2022_anti-doping_testing_figures_en.pdf,wada_testing_2022_sport_totals.csv,0,TRUE,CP Football,1,CP Football,IMPAIRED,Table 7 - AAF Outcomes - Sports/Disciplines for Athletes with an Impairment,1,1,0,0,0,0,0,0,0,FALSE,FALSE,TRUE,1376,245,1621,TRUE,37.03703703703704,0.6666666666666666,0.3333333333333333,0.9629629629629629,0.037037037037037035,0,256769,1986,7.734578551149087,1.051528806047459e-4,5.035246727089627e-4,1621,1621,1376,245,0,0,0,0,6.313067387418263,0,0,-1.051528806047459e-4,0,114,86,93,FALSE,FALSE,FALSE,NA,NA,TRUE,TRUE,FALSE
2022,Camel Racing,Camel Racing,Camel Racing,Other sports/disciplines from Code Signatories,26,26,0,26,0,0,0,1,2022_anti-doping_testing_figures_en.pdf,wada_testing_2022_sport_totals.csv,0,TRUE,NA,NA,NA,NA,NA,0,0,0,0,0,0,0,0,NA,NA,NA,FALSE,1376,245,1621,TRUE,0,1,0,1,0,0,256769,1986,7.734578551149087,1.0125832947123679e-4,0,1621,1621,1376,245,0,0,0,0,6.313067387418263,0,NA,-1.0125832947123679e-4,0,115,101,93,FALSE,FALSE,FALSE,NA,NA,TRUE,TRUE,TRUE
2022,Fistball,Fistball,Fistball,AIMS sports,26,23,3,25,1,0,0,1,2022_anti-doping_testing_figures_en.pdf,wada_testing_2022_sport_totals.csv,0,TRUE,NA,NA,NA,NA,NA,0,0,0,0,0,0,0,0,NA,NA,NA,FALSE,1376,245,1621,TRUE,0,0.8846153846153846,0.11538461538461539,0.9615384615384616,0.038461538461538464,0,256769,1986,7.734578551149087,1.0125832947123679e-4,0,1621,1621,1376,245,0,0,0,0,6.313067387418263,0,NA,-1.0125832947123679e-4,0,115,101,93,FALSE,FALSE,FALSE,NA,NA,TRUE,TRUE,TRUE
2022,Electronic Sports,Electronic Sports,Electronic,Other sports/disciplines from Code Signatories,25,10,15,25,0,0,1,1,2022_anti-doping_testing_figures_en.pdf,wada_testing_2022_sport_totals.csv,0,TRUE,Electronic Sports,1,Electronic Sports,OTHER-CS,Table 8 - AAF Outcomes - Other Sports - Code Signatories,1,0,0,0,0,1,0,1,1,FALSE,FALSE,TRUE,1376,245,1621,TRUE,40,0.4,0.6,1,0,0,256769,1986,7.734578551149087,9.736377833772768e-5,5.035246727089627e-4,1621,1621,1376,245,6.169031462060457e-4,40,40,0,6.313067387418263,6.336064157927206,1,5.19539367868318e-4,6.336064157927206,117,86,71,FALSE,FALSE,FALSE,NA,NA,TRUE,TRUE,FALSE
2022,Polo,Polo,Polo,ARISF recognized sports,20,11,9,20,0,0,2,1,2022_anti-doping_testing_figures_en.pdf,wada_testing_2022_sport_totals.csv,0,TRUE,Polo,1,Polo,ARISF,Table 4 - AAF Outcomes - ARISF Sports/Disciplines,2,0,0,0,0,2,0,2,1,FALSE,FALSE,TRUE,1376,245,1621,TRUE,100,0.55,0.45,1,0,0,256769,1986,7.734578551149087,7.789102267018215e-5,0.0010070493454179255,1621,1621,1376,245,0.0012338062924120913,100,100,0,6.313067387418263,15.840160394818014,1,0.0011559152697419091,15.840160394818012,118,75,60,FALSE,FALSE,FALSE,NA,NA,TRUE,TRUE,FALSE
2022,Kho Kho,Kho Kho,Kho Kho,Other sports/disciplines from Code Signatories,18,18,0,18,0,0,0,1,2022_anti-doping_testing_figures_en.pdf,wada_testing_2022_sport_totals.csv,0,TRUE,NA,NA,NA,NA,NA,0,0,0,0,0,0,0,0,NA,NA,NA,FALSE,1376,245,1621,TRUE,0,1,0,1,0,0,256769,1986,7.734578551149087,7.010192040316393e-5,0,1621,1621,1376,245,0,0,0,0,6.313067387418263,0,NA,-7.010192040316393e-5,0,119,101,93,FALSE,FALSE,FALSE,NA,NA,TRUE,TRUE,TRUE
2022,CrossFit,CrossFit,CrossFit,Other sports/disciplines from Code Signatories,17,17,0,13,4,0,1,1,2022_anti-doping_testing_figures_en.pdf,wada_testing_2022_sport_totals.csv,0,TRUE,CrossFit,1,CrossFit,ADO Specific-CS,Table 10 - AAF Outcomes - ADO Specific - Code Signatories,1,0,0,0,0,1,0,1,1,FALSE,FALSE,TRUE,1376,245,1621,TRUE,58.8235294117647,1,0,0.7647058823529411,0.23529411764705882,0,256769,1986,7.734578551149087,6.620736926965482e-5,5.035246727089627e-4,1621,1621,1376,245,6.169031462060457e-4,58.8235294117647,58.8235294117647,0,6.313067387418263,9.317741408716477,1,5.506957769363908e-4,9.31774140871648,120,86,71,FALSE,FALSE,FALSE,NA,NA,TRUE,TRUE,FALSE
2022,Draughts,Draughts,Draughts,AIMS sports,17,14,3,17,0,0,1,1,2022_anti-doping_testing_figures_en.pdf,wada_testing_2022_sport_totals.csv,0,TRUE,Draughts,1,Draughts,AIMS,Table 5 - AAF Outcomes - AIMS Sports/Disciplines,1,0,0,0,1,0,0,0,0,FALSE,FALSE,TRUE,1376,245,1621,TRUE,58.8235294117647,0.8235294117647058,0.17647058823529413,1,0,0,256769,1986,7.734578551149087,6.620736926965482e-5,5.035246727089627e-4,1621,1621,1376,245,0,0,0,0,6.313067387418263,0,0,-6.620736926965482e-5,0,120,86,93,FALSE,FALSE,FALSE,NA,NA,TRUE,TRUE,FALSE
2022,Kendo,Kendo,Kendo,AIMS sports,17,13,4,16,1,0,0,1,2022_anti-doping_testing_figures_en.pdf,wada_testing_2022_sport_totals.csv,0,TRUE,NA,NA,NA,NA,NA,0,0,0,0,0,0,0,0,NA,NA,NA,FALSE,1376,245,1621,TRUE,0,0.7647058823529411,0.23529411764705882,0.9411764705882353,0.058823529411764705,0,256769,1986,7.734578551149087,6.620736926965482e-5,0,1621,1621,1376,245,0,0,0,0,6.313067387418263,0,NA,-6.620736926965482e-5,0,120,101,93,FALSE,FALSE,FALSE,NA,NA,TRUE,TRUE,TRUE
2022,Padel,Padel,Padel,Other sports/disciplines from Code Signatories,17,16,1,17,0,0,0,1,2022_anti-doping_testing_figures_en.pdf,wada_testing_2022_sport_totals.csv,0,TRUE,NA,NA,NA,NA,NA,0,0,0,0,0,0,0,0,NA,NA,NA,FALSE,1376,245,1621,TRUE,0,0.9411764705882353,0.058823529411764705,1,0,0,256769,1986,7.734578551149087,6.620736926965482e-5,0,1621,1621,1376,245,0,0,0,0,6.313067387418263,0,NA,-6.620736926965482e-5,0,120,101,93,FALSE,FALSE,FALSE,NA,NA,TRUE,TRUE,TRUE
2022,Firefighting and Rescuing,Firefighting and Rescuing,Firefighting and Rescuing,Other sports/disciplines from Code Signatories,16,16,0,16,0,0,0,1,2022_anti-doping_testing_figures_en.pdf,wada_testing_2022_sport_totals.csv,0,TRUE,NA,NA,NA,NA,NA,0,0,0,0,0,0,0,0,NA,NA,NA,FALSE,1376,245,1621,TRUE,0,1,0,1,0,0,256769,1986,7.734578551149087,6.231281813614571e-5,0,1621,1621,1376,245,0,0,0,0,6.313067387418263,0,NA,-6.231281813614571e-5,0,124,101,93,FALSE,FALSE,FALSE,NA,NA,TRUE,TRUE,TRUE
2022,Flying Disc,Flying Disc,Flying Disc,ARISF recognized sports,16,14,2,16,0,0,0,1,2022_anti-doping_testing_figures_en.pdf,wada_testing_2022_sport_totals.csv,0,TRUE,NA,NA,NA,NA,NA,0,0,0,0,0,0,0,0,NA,NA,NA,FALSE,1376,245,1621,TRUE,0,0.875,0.125,1,0,0,256769,1986,7.734578551149087,6.231281813614571e-5,0,1621,1621,1376,245,0,0,0,0,6.313067387418263,0,NA,-6.231281813614571e-5,0,124,101,93,FALSE,FALSE,FALSE,NA,NA,TRUE,TRUE,TRUE
2022,Military Sport Pentathlon,Military Sport Pentathlon,Military Sport Pentathlon,Other sports/disciplines from Code Signatories,16,14,2,16,0,0,0,1,2022_anti-doping_testing_figures_en.pdf,wada_testing_2022_sport_totals.csv,0,TRUE,NA,NA,NA,NA,NA,0,0,0,0,0,0,0,0,NA,NA,NA,FALSE,1376,245,1621,TRUE,0,0.875,0.125,1,0,0,256769,1986,7.734578551149087,6.231281813614571e-5,0,1621,1621,1376,245,0,0,0,0,6.313067387418263,0,NA,-6.231281813614571e-5,0,124,101,93,FALSE,FALSE,FALSE,NA,NA,TRUE,TRUE,TRUE
2022,Sleddog,Sleddog,Sleddog,AIMS sports,15,14,1,15,0,0,1,1,2022_anti-doping_testing_figures_en.pdf,wada_testing_2022_sport_totals.csv,0,TRUE,Sleddog,1,Sleddog,AIMS,Table 5 - AAF Outcomes - AIMS Sports/Disciplines,1,0,0,0,0,1,0,1,1,FALSE,FALSE,TRUE,1376,245,1621,TRUE,66.66666666666667,0.9333333333333333,0.06666666666666667,1,0,0,256769,1986,7.734578551149087,5.841826700263661e-5,5.035246727089627e-4,1621,1621,1376,245,6.169031462060457e-4,66.66666666666667,66.66666666666667,0,6.313067387418263,10.560106929878676,1,5.58484879203409e-4,10.560106929878676,127,86,71,FALSE,FALSE,FALSE,NA,NA,TRUE,TRUE,FALSE
2022,Darts,Darts,Darts,AIMS sports,14,14,0,14,0,0,0,1,2022_anti-doping_testing_figures_en.pdf,wada_testing_2022_sport_totals.csv,0,TRUE,NA,NA,NA,NA,NA,0,0,0,0,0,0,0,0,NA,NA,NA,FALSE,1376,245,1621,TRUE,0,1,0,1,0,0,256769,1986,7.734578551149087,5.4523715869127506e-5,0,1621,1621,1376,245,0,0,0,0,6.313067387418263,0,NA,-5.4523715869127506e-5,0,128,101,93,FALSE,FALSE,FALSE,NA,NA,TRUE,TRUE,TRUE
2022,Ringette,Ringette,Ringette,Other sports/disciplines from Code Signatories,13,7,6,13,0,0,0,1,2022_anti-doping_testing_figures_en.pdf,wada_testing_2022_sport_totals.csv,0,TRUE,NA,NA,NA,NA,NA,0,0,0,0,0,0,0,0,NA,NA,NA,FALSE,1376,245,1621,TRUE,0,0.5384615384615384,0.46153846153846156,1,0,0,256769,1986,7.734578551149087,5.0629164735618395e-5,0,1621,1621,1376,245,0,0,0,0,6.313067387418263,0,NA,-5.0629164735618395e-5,0,129,101,93,FALSE,FALSE,FALSE,NA,NA,TRUE,TRUE,TRUE
2022,Para-DanceSport,Para-DanceSport,Para-DanceSport,Paralympic sports/disciplines,12,11,1,12,0,0,0,1,2022_anti-doping_testing_figures_en.pdf,wada_testing_2022_sport_totals.csv,0,TRUE,NA,NA,NA,NA,NA,0,0,0,0,0,0,0,0,NA,NA,NA,FALSE,1376,245,1621,TRUE,0,0.9166666666666666,0.08333333333333333,1,0,0,256769,1986,7.734578551149087,4.673461360210929e-5,0,1621,1621,1376,245,0,0,0,0,6.313067387418263,0,NA,-4.673461360210929e-5,0,130,101,93,FALSE,FALSE,FALSE,NA,NA,TRUE,TRUE,TRUE
2022,Vovinam,Vovinam,Vovinam,Other sports/disciplines from Code Signatories,11,10,1,11,0,0,0,1,2022_anti-doping_testing_figures_en.pdf,wada_testing_2022_sport_totals.csv,0,TRUE,NA,NA,NA,NA,NA,0,0,0,0,0,0,0,0,NA,NA,NA,FALSE,1376,245,1621,TRUE,0,0.9090909090909091,0.09090909090909091,1,0,0,256769,1986,7.734578551149087,4.284006246860018e-5,0,1621,1621,1376,245,0,0,0,0,6.313067387418263,0,NA,-4.284006246860018e-5,0,131,101,93,FALSE,FALSE,FALSE,NA,NA,TRUE,TRUE,TRUE
2022,Casting,Casting,Casting,AIMS sports,9,9,0,9,0,0,0,1,2022_anti-doping_testing_figures_en.pdf,wada_testing_2022_sport_totals.csv,0,TRUE,NA,NA,NA,NA,NA,0,0,0,0,0,0,0,0,NA,NA,NA,FALSE,1376,245,1621,TRUE,0,1,0,1,0,0,256769,1986,7.734578551149087,3.505096020158197e-5,0,1621,1621,1376,245,0,0,0,0,6.313067387418263,0,NA,-3.505096020158197e-5,0,132,101,93,FALSE,FALSE,FALSE,NA,NA,TRUE,TRUE,TRUE
2022,Pole Sports,Pole Sports,Pole sports,Other sports/disciplines from Code Signatories,9,9,0,9,0,0,0,1,2022_anti-doping_testing_figures_en.pdf,wada_testing_2022_sport_totals.csv,0,TRUE,NA,NA,NA,NA,NA,0,0,0,0,0,0,0,0,NA,NA,NA,FALSE,1376,245,1621,TRUE,0,1,0,1,0,0,256769,1986,7.734578551149087,3.505096020158197e-5,0,1621,1621,1376,245,0,0,0,0,6.313067387418263,0,NA,-3.505096020158197e-5,0,132,101,93,FALSE,FALSE,FALSE,NA,NA,TRUE,TRUE,TRUE
2022,Baseball,Baseball,Baseball,Other sports/disciplines from Code Signatories,8,8,0,8,0,0,0,1,2022_anti-doping_testing_figures_en.pdf,wada_testing_2022_sport_totals.csv,0,TRUE,Baseball,1,Baseball,ARISF,Table 4 - AAF Outcomes - ARISF Sports/Disciplines,18,3,0,0,4,11,0,11,0.611111111111111,FALSE,FALSE,TRUE,1376,245,1621,TRUE,0,1,0,1,0,0,256769,1986,7.734578551149087,3.1156409068072857e-5,0,1621,1621,1376,245,0.006785934608266502,1375,1375,0,6.313067387418263,217.8022054287477,NA,0.006754778199198429,217.8022054287477,134,101,26,FALSE,FALSE,FALSE,NA,NA,TRUE,TRUE,FALSE
2022,Broomball,Broomball,Broomball,Other sports/disciplines from Code Signatories,7,7,0,7,0,0,1,1,2022_anti-doping_testing_figures_en.pdf,wada_testing_2022_sport_totals.csv,0,TRUE,Broomball,1,Broomball,ADO Specific-CS,Table 10 - AAF Outcomes - ADO Specific - Code Signatories,1,1,0,0,0,0,0,0,0,FALSE,FALSE,TRUE,1376,245,1621,TRUE,142.85714285714286,1,0,1,0,0,256769,1986,7.734578551149087,2.7261857934563753e-5,5.035246727089627e-4,1621,1621,1376,245,0,0,0,0,6.313067387418263,0,0,-2.7261857934563753e-5,0,135,86,93,FALSE,FALSE,FALSE,NA,NA,TRUE,TRUE,FALSE
2022,Course Camarguaise,Course Camarguaise,Course Camarguaise,Other sports/disciplines from Code Signatories,7,7,0,7,0,0,0,1,2022_anti-doping_testing_figures_en.pdf,wada_testing_2022_sport_totals.csv,0,TRUE,NA,NA,NA,NA,NA,0,0,0,0,0,0,0,0,NA,NA,NA,FALSE,1376,245,1621,TRUE,0,1,0,1,0,0,256769,1986,7.734578551149087,2.7261857934563753e-5,0,1621,1621,1376,245,0,0,0,0,6.313067387418263,0,NA,-2.7261857934563753e-5,0,135,101,93,FALSE,FALSE,FALSE,NA,NA,TRUE,TRUE,TRUE
2022,Go,Go,Go,AIMS sports,6,6,0,6,0,0,0,1,2022_anti-doping_testing_figures_en.pdf,wada_testing_2022_sport_totals.csv,0,TRUE,NA,NA,NA,NA,NA,0,0,0,0,0,0,0,0,NA,NA,NA,FALSE,1376,245,1621,TRUE,0,1,0,1,0,0,256769,1986,7.734578551149087,2.3367306801054646e-5,0,1621,1621,1376,245,0,0,0,0,6.313067387418263,0,NA,-2.3367306801054646e-5,0,137,101,93,FALSE,FALSE,FALSE,NA,NA,TRUE,TRUE,TRUE
2022,Kudo,Kudo,Kudo,Other sports/disciplines from Code Signatories,6,6,0,6,0,0,0,1,2022_anti-doping_testing_figures_en.pdf,wada_testing_2022_sport_totals.csv,0,TRUE,NA,NA,NA,NA,NA,0,0,0,0,0,0,0,0,NA,NA,NA,FALSE,1376,245,1621,TRUE,0,1,0,1,0,0,256769,1986,7.734578551149087,2.3367306801054646e-5,0,1621,1621,1376,245,0,0,0,0,6.313067387418263,0,NA,-2.3367306801054646e-5,0,137,101,93,FALSE,FALSE,FALSE,NA,NA,TRUE,TRUE,TRUE
2022,Practical Shooting,Practical Shooting,Practical Shooting,AIMS sports,6,6,0,6,0,0,0,1,2022_anti-doping_testing_figures_en.pdf,wada_testing_2022_sport_totals.csv,0,TRUE,NA,NA,NA,NA,NA,0,0,0,0,0,0,0,0,NA,NA,NA,FALSE,1376,245,1621,TRUE,0,1,0,1,0,0,256769,1986,7.734578551149087,2.3367306801054646e-5,0,1621,1621,1376,245,0,0,0,0,6.313067387418263,0,NA,-2.3367306801054646e-5,0,137,101,93,FALSE,FALSE,FALSE,NA,NA,TRUE,TRUE,TRUE
2022,Crossbow,Crossbow,Crossbow,Other sports/disciplines from Code Signatories,4,4,0,4,0,0,0,1,2022_anti-doping_testing_figures_en.pdf,wada_testing_2022_sport_totals.csv,0,TRUE,NA,NA,NA,NA,NA,0,0,0,0,0,0,0,0,NA,NA,NA,FALSE,1376,245,1621,TRUE,0,1,0,1,0,0,256769,1986,7.734578551149087,1.5578204534036428e-5,0,1621,1621,1376,245,0,0,0,0,6.313067387418263,0,NA,-1.5578204534036428e-5,0,140,101,93,FALSE,FALSE,FALSE,NA,NA,TRUE,TRUE,TRUE
2022,Rafting,Rafting,Rafting,Other sports/disciplines from Code Signatories,4,4,0,4,0,0,0,1,2022_anti-doping_testing_figures_en.pdf,wada_testing_2022_sport_totals.csv,0,TRUE,NA,NA,NA,NA,NA,0,0,0,0,0,0,0,0,NA,NA,NA,FALSE,1376,245,1621,TRUE,0,1,0,1,0,0,256769,1986,7.734578551149087,1.5578204534036428e-5,0,1621,1621,1376,245,0,0,0,0,6.313067387418263,0,NA,-1.5578204534036428e-5,0,140,101,93,FALSE,FALSE,FALSE,NA,NA,TRUE,TRUE,TRUE
2022,Ultra Triathlon,Ultra Triathlon,Ultra Triathlon,Other sports/disciplines from Code Signatories,3,3,0,3,0,0,0,1,2022_anti-doping_testing_figures_en.pdf,wada_testing_2022_sport_totals.csv,0,TRUE,NA,NA,NA,NA,NA,0,0,0,0,0,0,0,0,NA,NA,NA,FALSE,1376,245,1621,TRUE,0,1,0,1,0,0,256769,1986,7.734578551149087,1.1683653400527323e-5,0,1621,1621,1376,245,0,0,0,0,6.313067387418263,0,NA,-1.1683653400527323e-5,0,142,101,93,FALSE,FALSE,FALSE,NA,NA,TRUE,TRUE,TRUE
2022,Aikido,Aikido,Aikido,AIMS sports,2,2,0,2,0,0,0,1,2022_anti-doping_testing_figures_en.pdf,wada_testing_2022_sport_totals.csv,0,TRUE,NA,NA,NA,NA,NA,0,0,0,0,0,0,0,0,NA,NA,NA,FALSE,1376,245,1621,TRUE,0,1,0,1,0,0,256769,1986,7.734578551149087,7.789102267018214e-6,0,1621,1621,1376,245,0,0,0,0,6.313067387418263,0,NA,-7.789102267018214e-6,0,143,101,93,FALSE,FALSE,FALSE,NA,NA,TRUE,TRUE,TRUE
2022,CISS Sailing,CISS Sailing,CISS Sailing,Sports for Athletes with an Impairment,2,2,0,2,0,0,0,1,2022_anti-doping_testing_figures_en.pdf,wada_testing_2022_sport_totals.csv,0,TRUE,NA,NA,NA,NA,NA,0,0,0,0,0,0,0,0,NA,NA,NA,FALSE,1376,245,1621,TRUE,0,1,0,1,0,0,256769,1986,7.734578551149087,7.789102267018214e-6,0,1621,1621,1376,245,0,0,0,0,6.313067387418263,0,NA,-7.789102267018214e-6,0,143,101,93,FALSE,FALSE,FALSE,NA,NA,TRUE,TRUE,TRUE
2023,Athletics,Athletics,Athletics,ASOIF Summer Olympic sports | Military sports/disciplines from Code Signatories | Sports for Athletes with an Impairment | Sports/disciplines from Specific Code Signatories | University sports/disciplines from Code Signatories,42147,19127,23020,37370,3935,842,335,5,2023_anti_doping_testing_figures_en_0.pdf,wada_testing_2023_sport_totals.csv,0,TRUE,Athletics,1,Athletics,NA,NA,336,43,5,0,15,273,68,341,0.8125,FALSE,FALSE,TRUE,1654,343,1997,TRUE,7.948371177070729,0.45381640448905025,0.5461835955109497,0.8866585996630839,0.09336370322917407,0.01997769710774195,288865,2313,8.007200595433854,0.14590552680317795,0.14483354950281022,1997,1997,1654,343,0.17075613420130195,8.090730063824235,6.477329347284504,1.61340071653973,6.9132639814446195,1.1703198497178706,0.8149253731343283,0.024850607398124003,1.1703198497178706,1,1,1,TRUE,TRUE,TRUE,45,65,TRUE,TRUE,FALSE
2023,Football,Football,Football,ASOIF Summer Olympic sports | Military sports/disciplines from Code Signatories | Sports for Athletes with an Impairment | Sports/disciplines from Specific Code Signatories | University sports/disciplines from Code Signatories,35574,20664,14910,32996,2252,326,89,5,2023_anti_doping_testing_figures_en_0.pdf,wada_testing_2023_sport_totals.csv,0,TRUE,Football,1,Football,NA,NA,89,23,4,0,2,60,10,70,0.674157303370786,FALSE,FALSE,TRUE,1654,343,1997,TRUE,2.5018271771518523,0.5808736717827627,0.41912632821723733,0.9275313431157587,0.06330466070725811,0.00916399617698319,288865,2313,8.007200595433854,0.12315095286725633,0.038478166882836146,1997,1997,1654,343,0.03505257886830245,1.9677292404565132,1.6866250632484399,0.2811041772080733,6.9132639814446195,0.28463100002226877,0.6741573033707865,-0.08809837399895387,0.2846310000222687,2,6,8,TRUE,TRUE,TRUE,82,97,TRUE,TRUE,FALSE
2023,Cycling,Cycling,Cycling,ASOIF Summer Olympic sports | Military sports/disciplines from Code Signatories | Sports for Athletes with an Impairment,26121,12366,13755,23161,2824,136,191,3,2023_anti_doping_testing_figures_en_0.pdf,wada_testing_2023_sport_totals.csv,0,TRUE,Cycling,1,Cycling,NA,NA,191,37,19,4,10,121,47,168,0.633507853403141,FALSE,FALSE,TRUE,1654,343,1997,TRUE,7.312124344397228,0.47341219708280696,0.5265878029171931,0.8866812143486084,0.10811224685119253,0.005206538800199074,288865,2313,8.007200595433854,0.0904263237152303,0.0825767401642888,1997,1997,1654,343,0.08412618928392589,6.431606753187091,4.63228819723594,1.7993185559511504,6.9132639814446195,0.9303285351824682,0.6335078534031413,-0.006300134431304408,0.9303285351824682,3,3,3,TRUE,TRUE,TRUE,49,69,TRUE,TRUE,FALSE
2023,Aquatics,Aquatics,Aquatics,ASOIF Summer Olympic sports | Military sports/disciplines from Code Signatories | Sports for Athletes with an Impairment | University sports/disciplines from Code Signatories,17507,6857,10650,15917,1372,218,50,4,2023_anti_doping_testing_figures_en_0.pdf,wada_testing_2023_sport_totals.csv,0,TRUE,Aquatics,1,Aquatics,NA,NA,50,18,1,0,3,28,9,37,0.56,FALSE,FALSE,TRUE,1654,343,1997,TRUE,2.856000456960073,0.3916719026675044,0.6083280973324956,0.9091791854686697,0.07836865253898441,0.012452161992345919,288865,2313,8.007200595433854,0.060606165509840236,0.021616947686986597,1997,1997,1654,343,0.018527791687531298,2.113440338150454,1.599360255897641,0.5140800822528132,6.9132639814446195,0.30570803369045113,0.56,-0.04207837382230894,0.30570803369045113,4,12,12,TRUE,TRUE,TRUE,81,94,TRUE,TRUE,FALSE
2023,Weightlifting,Weightlifting,Weightlifting,ASOIF Summer Olympic sports | University sports/disciplines from Code Signatories,12108,5583,6525,10034,1828,246,214,2,2023_anti_doping_testing_figures_en_0.pdf,wada_testing_2023_sport_totals.csv,0,TRUE,Weightlifting,1,Weightlifting,NA,NA,214,16,3,0,13,182,37,219,0.850467289719626,FALSE,FALSE,TRUE,1654,343,1997,TRUE,17.674264948794185,0.46110009910802774,0.5388999008919723,0.8287082920383217,0.15097456227287745,0.020317145688800792,288865,2313,8.007200595433854,0.04191577380437229,0.09252053610030264,1997,1997,1654,343,0.10966449674511768,18.08721506442022,15.031384208787578,3.0558308556326397,6.9132639814446195,2.6163061490153967,0.8504672897196262,0.06774872294074538,2.6163061490153963,5,2,2,TRUE,TRUE,TRUE,23,37,TRUE,TRUE,FALSE
2023,Rugby Union,Rugby Union,Rugby Union,ASOIF Summer Olympic sports,10390,4397,5993,9437,743,210,58,1,2023_anti_doping_testing_figures_en_0.pdf,wada_testing_2023_sport_totals.csv,0,TRUE,Rugby Union,1,Rugby Union,NA,NA,63,10,2,0,2,49,2,51,0.777777777777778,FALSE,FALSE,TRUE,1654,343,1997,TRUE,5.582290664100096,0.4231953801732435,0.5768046198267565,0.9082771896053898,0.07151106833493744,0.02021174205967276,288865,2313,8.007200595433854,0.03596835892198778,0.025075659316904454,1997,1997,1654,343,0.02553830746119179,4.908565928777671,4.716073147256978,0.19249278152069296,6.9132639814446195,0.7100214807292748,0.8448275862068966,-0.010430051460795987,0.710021480729275,6,10,9,TRUE,TRUE,TRUE,57,77,TRUE,TRUE,FALSE
2023,Skiing,Skiing,Skiing,Military sports/disciplines from Code Signatories | Paralympic sports/discipline | Sports for Athletes with an Impairment | University sports/disciplines from Code Signatories | WOF Winter Olympic sports,7926,2700,5226,6875,1015,36,13,5,2023_anti_doping_testing_figures_en_0.pdf,wada_testing_2023_sport_totals.csv,0,TRUE,Skiing,1,Skiing,NA,NA,13,2,2,0,4,5,6,11,0.384615384615385,FALSE,FALSE,TRUE,1654,343,1997,TRUE,1.6401715871814282,0.34065102195306585,0.6593489780469342,0.8673984355286399,0.1280595508453192,0.004542013626040878,288865,2313,8.007200595433854,0.02743842279265401,0.005620406398616515,1997,1997,1654,343,0.005508262393590386,1.3878374968458238,0.6308352258390109,0.757002271006813,6.9132639814446195,0.2007499642094987,0.38461538461538464,-0.021930160399063623,0.2007499642094987,7,31,33,TRUE,TRUE,TRUE,89,100,TRUE,TRUE,FALSE
2023,Tennis,Tennis,Tennis,ASOIF Summer Olympic sports | Sports for Athletes with an Impairment | University sports/disciplines from Code Signatories,7831,4692,3139,6698,1021,112,13,3,2023_anti_doping_testing_figures_en_0.pdf,wada_testing_2023_sport_totals.csv,0,TRUE,Tennis,1,Tennis,NA,NA,12,4,1,0,1,6,6,12,0.5,FALSE,FALSE,TRUE,1654,343,1997,TRUE,1.6600689567105094,0.5991571957604392,0.4008428042395607,0.8553186055420764,0.13037926190780233,0.014302132550121313,288865,2313,8.007200595433854,0.027109549443511675,0.005620406398616515,1997,1997,1654,343,0.006009013520280421,1.532371344655855,0.7661856723279274,0.7661856723279274,6.9132639814446195,0.2216567093009582,0.46153846153846156,-0.021100535923231255,0.2216567093009582,8,31,28,TRUE,TRUE,TRUE,86,99,TRUE,TRUE,FALSE
2023,Wrestling,Wrestling,Wrestling,ASOIF Summer Olympic sports | Military sports/disciplines from Code Signatories | Sports for Athletes with an Impairment | Sports/disciplines from Specific Code Signatories | University sports/disciplines from Code Signatories,7461,3446,4015,6892,468,101,84,5,2023_anti_doping_testing_figures_en_0.pdf,wada_testing_2023_sport_totals.csv,0,TRUE,Wrestling,1,Wrestling,NA,NA,84,6,3,0,5,70,12,82,0.833333333333333,FALSE,FALSE,TRUE,1654,343,1997,TRUE,11.258544431041415,0.4618683822543895,0.5381316177456105,0.923736764508779,0.06272617611580217,0.013537059375418844,288865,2313,8.007200595433854,0.025828674294220484,0.03631647211413749,1997,1997,1654,343,0.041061592388582875,10.990483849349953,9.38212035920118,1.6083634901487736,6.9132639814446195,1.5897677101364418,0.8333333333333334,0.015232918094362391,1.5897677101364418,9,7,6,TRUE,TRUE,TRUE,37,55,TRUE,TRUE,FALSE
2023,Basketball,Basketball,Basketball,ASOIF Summer Olympic sports | Sports for Athletes with an Impairment | University sports/disciplines from Code Signatories,7206,3688,3518,6865,266,75,54,3,2023_anti_doping_testing_figures_en_0.pdf,wada_testing_2023_sport_totals.csv,0,TRUE,Basketball,1,Basketball,NA,NA,54,7,0,0,2,45,3,48,0.833333333333333,FALSE,FALSE,TRUE,1654,343,1997,TRUE,7.4937552039966695,0.5117957257840688,0.48820427421593116,0.9526783236192062,0.03691368304190952,0.010407993338884263,288865,2313,8.007200595433854,0.024945908988627905,0.023346303501945526,1997,1997,1654,343,0.024036054081121683,6.661115736885929,6.244796003330557,0.41631973355537055,6.9132639814446195,0.9635268890012788,0.8333333333333334,-9.098549075062211e-4,0.9635268890012788,10,11,10,TRUE,TRUE,TRUE,48,67,TRUE,TRUE,FALSE
2023,Rowing,Rowing,Rowing,ASOIF Summer Olympic sports | Sports for Athletes with an Impairment | University sports/disciplines from Code Signatories,6437,1682,4755,5584,758,95,27,3,2023_anti_doping_testing_figures_en_0.pdf,wada_testing_2023_sport_totals.csv,0,TRUE,Rowing,1,Rowing,NA,NA,27,8,3,0,2,14,3,17,0.518518518518518,FALSE,FALSE,TRUE,1654,343,1997,TRUE,4.194500543731552,0.2613018486872767,0.7386981513127233,0.8674848531924809,0.11775671896846357,0.01475842783905546,288865,2313,8.007200595433854,0.022283765772938915,0.011673151750972763,1997,1997,1654,343,0.008512769153730596,2.6409818238309772,2.1749262078608047,0.4660556159701724,6.9132639814446195,0.38201663221879584,0.5185185185185185,-0.013770996619208319,0.38201663221879584,11,19,26,TRUE,TRUE,TRUE,78,84,TRUE,TRUE,FALSE
2023,Boxing,Boxing,Boxing,ASOIF Summer Olympic sports | Military sports/disciplines from Code Signatories | Other sports/disciplines from Code Signatories | Sports/disciplines from Specific Code Signatories,5689,2194,3495,5246,375,68,74,4,2023_anti_doping_testing_figures_en_0.pdf,wada_testing_2023_sport_totals.csv,0,TRUE,Boxing,1,Boxing,NA,NA,74,3,4,0,4,63,9,72,0.851351351351351,FALSE,FALSE,TRUE,1654,343,1997,TRUE,13.007558446124099,0.38565653014589557,0.6143434698541044,0.922130427140095,0.06591668131481807,0.01195289154508701,288865,2313,8.007200595433854,0.01969432087653402,0.03199308257674016,1997,1997,1654,343,0.03605408112168253,12.656002812445069,11.074002460889435,1.5820003515556336,6.9132639814446195,1.830684152437128,0.8513513513513513,0.016359760245148507,1.8306841524371285,12,8,7,TRUE,TRUE,TRUE,32,44,TRUE,TRUE,FALSE
2023,Triathlon,Triathlon,Triathlon,ASOIF Summer Olympic sports | Other sports/disciplines from Code Signatories | Sports for Athletes with an Impairment,5554,2837,2717,4829,621,104,29,3,2023_anti_doping_testing_figures_en_0.pdf,wada_testing_2023_sport_totals.csv,0,TRUE,Triathlon,1,Triathlon,NA,NA,30,12,3,0,0,15,2,17,0.5,FALSE,FALSE,TRUE,1654,343,1997,TRUE,5.221462009362622,0.5108030248469572,0.48919697515304283,0.8694634497659345,0.11181130716600649,0.018725243068059057,288865,2313,8.007200595433854,0.019226974538279127,0.012537829658452227,1997,1997,1654,343,0.008512769153730596,3.060857039971192,2.700756211739287,0.360100828231905,6.9132639814446195,0.44275136146784094,0.5172413793103449,-0.010714205384548531,0.44275136146784094,13,18,26,TRUE,TRUE,TRUE,73,79,TRUE,TRUE,FALSE
2023,Judo,Judo,Judo,ASOIF Summer Olympic sports | Military sports/disciplines from Code Signatories | Sports for Athletes with an Impairment | University sports/disciplines from Code Signatories,5399,2215,3184,5080,279,40,62,4,2023_anti_doping_testing_figures_en_0.pdf,wada_testing_2023_sport_totals.csv,0,TRUE,Judo,1,Judo,NA,NA,61,9,9,0,0,43,2,45,0.704918032786885,FALSE,FALSE,TRUE,1654,343,1997,TRUE,11.483608075569549,0.4102611594739767,0.5897388405260233,0.9409149842563438,0.05167623634006297,0.007408779403593258,288865,2313,8.007200595433854,0.018690391705467952,0.02680501513186338,1997,1997,1654,343,0.022533800701051578,8.334876829042416,7.964437858862753,0.37043897017966293,6.9132639814446195,1.2056355509370744,0.6935483870967742,0.0038434089955836255,1.2056355509370742,14,9,11,TRUE,TRUE,TRUE,44,53,TRUE,TRUE,FALSE
2023,Canoe / Kayak,Canoe / Kayak,Canoe,ASOIF Summer Olympic sports | Sports for Athletes with an Impairment,5210,1958,3252,4784,369,57,36,2,2023_anti_doping_testing_figures_en_0.pdf,wada_testing_2023_sport_totals.csv,0,TRUE,Canoe,1,Canoe,NA,NA,36,4,12,0,1,19,2,21,0.527777777777778,FALSE,FALSE,TRUE,1654,343,1997,TRUE,6.90978886756238,0.37581573896353165,0.6241842610364683,0.9182341650671785,0.0708253358925144,0.010940499040307103,288865,2313,8.007200595433854,0.0180361068319111,0.01556420233463035,1997,1997,1654,343,0.010515773660490736,4.030710172744722,3.6468330134357005,0.3838771593090211,6.9132639814446195,0.5830401071857306,0.5277777777777778,-0.007520333171420363,0.5830401071857306,15,14,16,TRUE,TRUE,TRUE,64,70,TRUE,TRUE,FALSE
2023,Handball,Handball,Handball,ASOIF Summer Olympic sports | Sports for Athletes with an Impairment | University sports/disciplines from Code Signatories,5177,2445,2732,4729,341,107,17,3,2023_anti_doping_testing_figures_en_0.pdf,wada_testing_2023_sport_totals.csv,0,TRUE,Handball,1,Handball,NA,NA,17,3,5,0,0,9,1,10,0.529411764705882,FALSE,FALSE,TRUE,1654,343,1997,TRUE,3.283755070504153,0.47228124396368554,0.5277187560363145,0.913463395789067,0.0658682634730539,0.02066834073787908,288865,2313,8.007200595433854,0.017921866615893237,0.007349762213575443,1997,1997,1654,343,0.005007511266900351,1.9316206297083252,1.7384585667374928,0.19316206297083252,6.9132639814446195,0.27940790846304225,0.5294117647058824,-0.012914355348992886,0.27940790846304225,16,29,35,TRUE,TRUE,TRUE,83,89,TRUE,TRUE,FALSE
2023,Volleyball,Volleyball,Volleyball,ASOIF Summer Olympic sports | Military sports/disciplines from Code Signatories | Sports for Athletes with an Impairment | University sports/disciplines from Code Signatories,5161,2406,2755,4764,243,154,19,4,2023_anti_doping_testing_figures_en_0.pdf,wada_testing_2023_sport_totals.csv,0,TRUE,Volleyball,1,Volleyball,NA,NA,19,3,0,0,1,15,6,21,0.789473684210526,FALSE,FALSE,TRUE,1654,343,1997,TRUE,3.6814570819608603,0.4661887231156753,0.5338112768843247,0.9230769230769231,0.0470838984692889,0.029839178453788025,288865,2313,8.007200595433854,0.017866477420248213,0.008214440121054907,1997,1997,1654,343,0.010515773660490736,4.068978880062003,2.906413485758574,1.1625653943034295,6.9132639814446195,0.5885756555779221,0.7894736842105263,-0.0073507037597574775,0.5885756555779221,17,26,16,TRUE,TRUE,TRUE,62,87,TRUE,TRUE,FALSE
2023,Skating,Skating,Skating,Military sports/disciplines from Code Signatories | University sports/disciplines from Code Signatories | WOF Winter Olympic sports,4499,1735,2764,4061,408,30,13,3,2023_anti_doping_testing_figures_en_0.pdf,wada_testing_2023_sport_totals.csv,0,TRUE,Skating,1,Skating,NA,NA,13,5,3,0,0,5,0,5,0.384615384615385,FALSE,FALSE,TRUE,1654,343,1997,TRUE,2.88953100689042,0.38564125361191376,0.6143587463880863,0.9026450322293843,0.09068681929317626,0.006668148477439431,288865,2313,8.007200595433854,0.015574749450435325,0.005620406398616515,1997,1997,1654,343,0.0025037556334501754,1.1113580795732385,1.1113580795732385,0,6.9132639814446195,0.16075736187076792,0.38461538461538464,-0.01307099381698515,0.16075736187076792,18,31,43,TRUE,TRUE,TRUE,92,93,TRUE,TRUE,FALSE
2023,Para-Athletics,Para-Athletics,Para-Athletics Athletics,Paralympic sports/discipline,4231,1726,2505,3964,260,7,50,1,2023_anti_doping_testing_figures_en_0.pdf,wada_testing_2023_sport_totals.csv,0,TRUE,Para-Athletics,1,Para-Athletics,NA,NA,49,8,14,0,2,25,2,27,0.510204081632653,FALSE,FALSE,TRUE,1654,343,1997,TRUE,11.81753722524226,0.4079413850153628,0.5920586149846372,0.9368943512172063,0.06145119357125975,0.0016544552115339162,288865,2313,8.007200595433854,0.014646980423381164,0.021616947686986597,1997,1997,1654,343,0.013520280420630946,6.38147010163082,5.90876861262113,0.4727014890096904,6.9132639814446195,0.9230762948961376,0.5,-0.001126700002750218,0.9230762948961376,19,12,14,TRUE,TRUE,TRUE,50,50,TRUE,TRUE,FALSE
2023,Gymnastics,Gymnastics,Gymnastics,ASOIF Summer Olympic sports | University sports/disciplines from Code Signatories,3941,1690,2251,3618,259,64,11,2,2023_anti_doping_testing_figures_en_0.pdf,wada_testing_2023_sport_totals.csv,0,TRUE,Gymnastics,1,Gymnastics,NA,NA,11,5,1,0,0,5,0,5,0.454545454545455,FALSE,FALSE,TRUE,1654,343,1997,TRUE,2.791169753869576,0.4288251712763258,0.5711748287236742,0.9180411063181934,0.06571936056838366,0.01623953311342299,288865,2313,8.007200595433854,0.013643051252315096,0.004755728491137051,1997,1997,1654,343,0.0025037556334501754,1.268713524486171,1.268713524486171,0,6.9132639814446195,0.18351874424171144,0.45454545454545453,-0.01113929561886492,0.18351874424171147,20,38,43,TRUE,TRUE,TRUE,90,95,TRUE,TRUE,FALSE
2023,Powerlifting,Powerlifting,Powerlifting,AIMS sports | Sports for Athletes with an Impairment | Sports/disciplines from Specific Code Signatories,3735,2470,1265,3143,423,169,157,3,2023_anti_doping_testing_figures_en_0.pdf,wada_testing_2023_sport_totals.csv,0,TRUE,Powerlifting,1,Powerlifting,NA,NA,156,14,3,1,7,131,20,151,0.83974358974359,FALSE,FALSE,TRUE,1654,343,1997,TRUE,42.034805890227574,0.6613119143239625,0.3386880856760375,0.8414993306559572,0.11325301204819277,0.04524765729585007,288865,2313,8.007200595433854,0.012929915358385405,0.06787721573713791,1997,1997,1654,343,0.0756134201301953,40.42838018741633,35.073627844712185,5.35475234270415,6.9132639814446195,5.847943937324996,0.8343949044585988,0.0626835047718099,5.847943937324997,21,5,4,TRUE,TRUE,TRUE,7,11,TRUE,TRUE,FALSE
2023,Ice Hockey,Ice Hockey,Ice Hockey,Sports for Athletes with an Impairment | University sports/disciplines from Code Signatories | WOF Winter Olympic sports,3677,1719,1958,3298,249,130,27,3,2023_anti_doping_testing_figures_en_0.pdf,wada_testing_2023_sport_totals.csv,0,TRUE,Ice Hockey,1,Ice Hockey,NA,NA,26,6,0,0,0,20,0,20,0.769230769230769,FALSE,FALSE,TRUE,1654,343,1997,TRUE,7.342942616263258,0.4675006799020941,0.5324993200979059,0.896926842534675,0.0677182485722056,0.03535490889311939,288865,2313,8.007200595433854,0.01272912952417219,0.011673151750972763,1997,1997,1654,343,0.010015022533800702,5.4392167527875985,5.4392167527875985,0,6.9132639814446195,0.7867798434121129,0.7407407407407407,-0.002714106990371489,0.786779843412113,22,19,18,TRUE,TRUE,TRUE,55,68,TRUE,TRUE,FALSE
2023,Taekwondo,Taekwondo,Taekwondo | Taekwondo ITF-Austria,ASOIF Summer Olympic sports | Military sports/disciplines from Code Signatories | Other sports/disciplines from Code Signatories | Sports for Athletes with an Impairment | University sports/disciplines from Code Signatories | Other sports/disciplines from Code Signatories,3215,1598,1617,3027,160,28,21,6,2023_anti_doping_testing_figures_en_0.pdf,wada_testing_2023_sport_totals.csv,0,TRUE,Taekwondo,1,Taekwondo,NA,NA,21,2,0,0,3,16,2,18,0.761904761904762,FALSE,FALSE,TRUE,1654,343,1997,TRUE,6.531881804043546,0.49704510108864697,0.502954898911353,0.9415241057542768,0.049766718506998445,0.008709175738724729,288865,2313,8.007200595433854,0.011129766499922108,0.009079118028534372,1997,1997,1654,343,0.009013520280420632,5.598755832037325,4.976671850699844,0.6220839813374806,6.9132639814446195,0.8098570873417436,0.7619047619047619,-0.0021162462195014765,0.8098570873417437,23,23,25,TRUE,TRUE,TRUE,54,71,TRUE,TRUE,FALSE
2023,Badminton,Badminton,Badminton,ASOIF Summer Olympic sports | Sports for Athletes with an Impairment | University sports/disciplines from Code Signatories,3036,1243,1793,2631,377,28,11,3,2023_anti_doping_testing_figures_en_0.pdf,wada_testing_2023_sport_totals.csv,0,TRUE,Badminton,1,Badminton,NA,NA,11,4,2,0,2,3,0,3,0.272727272727273,FALSE,FALSE,TRUE,1654,343,1997,TRUE,3.6231884057971016,0.40942028985507245,0.5905797101449275,0.866600790513834,0.12417654808959157,0.00922266139657444,288865,2313,8.007200595433854,0.010510099873643397,0.004755728491137051,1997,1997,1654,343,0.0015022533800701052,0.9881422924901185,0.9881422924901185,0,6.9132639814446195,0.14293426305466103,0.2727272727272727,-0.009007846493573292,0.14293426305466106,24,38,50,TRUE,TRUE,TRUE,93,88,TRUE,TRUE,FALSE
2023,Fencing,Fencing,Fencing,ASOIF Summer Olympic sports | Sports for Athletes with an Impairment | University sports/disciplines from Code Signatories,2633,1190,1443,2532,97,4,8,3,2023_anti_doping_testing_figures_en_0.pdf,wada_testing_2023_sport_totals.csv,0,TRUE,Fencing,1,Fencing,NA,NA,8,5,0,0,1,2,0,2,0.25,FALSE,FALSE,TRUE,1654,343,1997,TRUE,3.038359285985568,0.4519559437903532,0.5480440562096468,0.9616407140144322,0.03684010634257501,0.0015191796429927839,288865,2313,8.007200595433854,0.009114984508334343,0.0034587116299178555,1997,1997,1654,343,0.00100150225338007,0.759589821496392,0.759589821496392,0,6.9132639814446195,0.10987426829572122,0.25,-0.008113482254954273,0.1098742682957212,25,44,57,TRUE,TRUE,TRUE,94,92,TRUE,TRUE,FALSE
2023,Biathlon,Biathlon,Biathlon,Military sports/disciplines from Code Signatories | University sports/disciplines from Code Signatories | WOF Winter Olympic sports,2620,984,1636,2314,298,8,2,3,2023_anti_doping_testing_figures_en_0.pdf,wada_testing_2023_sport_totals.csv,0,TRUE,Biathlon,1,Biathlon,NA,NA,2,0,0,0,0,2,2,4,1,FALSE,FALSE,TRUE,1654,343,1997,TRUE,0.7633587786259541,0.3755725190839695,0.6244274809160305,0.883206106870229,0.11374045801526718,0.0030534351145038168,288865,2313,8.007200595433854,0.009069980786872761,8.646779074794639e-4,1997,1997,1654,343,0.00200300450676014,1.5267175572519083,0.7633587786259541,0.7633587786259541,6.9132639814446195,0.22083889192567474,1,-0.0070669762801126215,0.22083889192567474,26,65,48,TRUE,TRUE,TRUE,87,103,TRUE,TRUE,FALSE
2023,Shooting,Shooting,Shooting,ASOIF Summer Olympic sports | Military sports/disciplines from Code Signatories | University sports/disciplines from Code Signatories,2514,1320,1194,2506,4,4,13,3,2023_anti_doping_testing_figures_en_0.pdf,wada_testing_2023_sport_totals.csv,0,TRUE,Shooting,1,Shooting,NA,NA,13,2,1,0,0,10,2,12,0.769230769230769,FALSE,FALSE,TRUE,1654,343,1997,TRUE,5.171042163882259,0.5250596658711217,0.47494033412887826,0.9968178202068417,0.0015910898965791568,0.0015910898965791568,288865,2313,8.007200595433854,0.008703027365724474,0.005620406398616515,1997,1997,1654,343,0.006009013520280421,4.773269689737471,3.977724741447892,0.7955449482895784,6.9132639814446195,0.6904509508893413,0.7692307692307693,-0.0026940138454440528,0.6904509508893412,27,31,28,TRUE,TRUE,TRUE,60,80,TRUE,TRUE,FALSE
2023,Para-Swimming,Para-Swimming,Para-Swimming Aquatics,Paralympic sports/discipline,2325,1039,1286,2179,140,6,22,1,2023_anti_doping_testing_figures_en_0.pdf,wada_testing_2023_sport_totals.csv,0,TRUE,Para-Swimming,1,Para-Swimming,NA,NA,22,9,8,0,1,4,0,4,0.181818181818182,FALSE,FALSE,TRUE,1654,343,1997,TRUE,9.46236559139785,0.44688172043010754,0.5531182795698925,0.9372043010752689,0.060215053763440864,0.0025806451612903226,288865,2313,8.007200595433854,0.008048742492167622,0.009511456982274102,1997,1997,1654,343,0.00200300450676014,1.7204301075268817,1.7204301075268817,0,6.9132639814446195,0.24885931047108298,0.18181818181818182,-0.006045737985407482,0.24885931047108292,28,22,48,TRUE,TRUE,TRUE,84,61,TRUE,TRUE,FALSE
2023,Field Hockey,Field Hockey,Field Hockey,ASOIF Summer Olympic sports | Sports for Athletes with an Impairment | University sports/disciplines from Code Signatories,2178,774,1404,1920,160,98,7,3,2023_anti_doping_testing_figures_en_0.pdf,wada_testing_2023_sport_totals.csv,0,TRUE,Field Hockey,1,Field Hockey,NA,NA,7,1,1,0,0,5,1,6,0.714285714285714,FALSE,FALSE,TRUE,1654,343,1997,TRUE,3.2139577594123048,0.35537190082644626,0.6446280991735537,0.8815426997245179,0.07346189164370982,0.04499540863177227,288865,2313,8.007200595433854,0.007539854257178959,0.0030263726761781237,1997,1997,1654,343,0.0030045067601402104,2.7548209366391188,2.295684113865932,0.4591368227731864,6.9132639814446195,0.39848340003117627,0.7142857142857143,-0.004535347497038749,0.39848340003117627,29,47,40,TRUE,TRUE,TRUE,76,90,TRUE,TRUE,FALSE
2023,Rugby League,Rugby League,Rugby League,Other sports/disciplines from Code Signatories,1945,668,1277,1762,175,8,18,1,2023_anti_doping_testing_figures_en_0.pdf,wada_testing_2023_sport_totals.csv,0,TRUE,Rugby League,1,Rugby League,NA,NA,18,0,0,0,0,18,2,20,1,FALSE,FALSE,TRUE,1654,343,1997,TRUE,9.254498714652957,0.34344473007712084,0.6565552699228792,0.9059125964010283,0.08997429305912596,0.004113110539845758,288865,2313,8.007200595433854,0.00673324909559829,0.007782101167315175,1997,1997,1654,343,0.010015022533800702,10.282776349614394,9.254498714652957,1.0282776349614395,6.9132639814446195,1.4873981924042874,1,0.003281773438202412,1.4873981924042878,30,28,18,TRUE,TRUE,TRUE,41,63,TRUE,TRUE,FALSE
2023,Baseball / Softball,Baseball / Softball,Baseball / Softball,ARISF recognized sports,1753,755,998,1585,97,71,32,1,2023_anti_doping_testing_figures_en_0.pdf,wada_testing_2023_sport_totals.csv,0,TRUE,Softball,1,Softball,NA,NA,6,3,0,0,0,3,0,3,0.5,FALSE,FALSE,TRUE,1654,343,1997,TRUE,18.25442099258414,0.4306902452937821,0.5693097547062179,0.9041642897889333,0.05533371363377068,0.040501996577296064,288865,2313,8.007200595433854,0.006068578747857996,0.013834846519671422,1997,1997,1654,343,0.0015022533800701052,1.7113519680547633,1.7113519680547633,0,6.9132639814446195,0.24754616236962404,0.09375,-0.004566325367787891,0.24754616236962404,31,17,50,TRUE,TRUE,TRUE,85,36,TRUE,TRUE,FALSE
2023,Table Tennis,Table Tennis,Table Tennis,ASOIF Summer Olympic sports | Sports for Athletes with an Impairment | University sports/disciplines from Code Signatories,1743,732,1011,1692,51,0,7,3,2023_anti_doping_testing_figures_en_0.pdf,wada_testing_2023_sport_totals.csv,0,TRUE,Table Tennis,1,Table Tennis,NA,NA,7,2,1,0,1,3,3,6,0.428571428571429,FALSE,FALSE,TRUE,1654,343,1997,TRUE,4.016064257028112,0.4199655765920826,0.5800344234079173,0.9707401032702238,0.029259896729776247,0,288865,2313,8.007200595433854,0.006033960500579856,0.0030263726761781237,1997,1997,1654,343,0.0030045067601402104,3.442340791738382,1.721170395869191,1.721170395869191,6.9132639814446195,0.4979327855811256,0.42857142857142855,-0.0030294537404396455,0.4979327855811256,32,47,40,TRUE,TRUE,TRUE,68,85,TRUE,TRUE,FALSE
2023,Archery,Archery,Archery,ASOIF Summer Olympic sports | Military sports/disciplines from Code Signatories | Sports for Athletes with an Impairment | University sports/disciplines from Code Signatories,1562,781,781,1545,6,11,10,4,2023_anti_doping_testing_figures_en_0.pdf,wada_testing_2023_sport_totals.csv,0,TRUE,Archery,1,Archery,NA,NA,10,5,0,0,0,5,0,5,0.5,FALSE,FALSE,TRUE,1654,343,1997,TRUE,6.402048655569782,0.5,0.5,0.9891165172855314,0.0038412291933418692,0.007042253521126761,288865,2313,8.007200595433854,0.005407370224845516,0.00432338953739732,1997,1997,1654,343,0.0025037556334501754,3.201024327784891,3.201024327784891,0,6.9132639814446195,0.46302648595171886,0.5,-0.002903614591395341,0.4630264859517189,33,41,43,TRUE,TRUE,TRUE,71,72,TRUE,TRUE,FALSE
2023,Bobsleigh,Bobsleigh,Bobsleigh,Sports for Athletes with an Impairment | WOF Winter Olympic sports,1560,405,1155,1355,159,46,2,2,2023_anti_doping_testing_figures_en_0.pdf,wada_testing_2023_sport_totals.csv,0,TRUE,Bobsleigh,1,Bobsleigh,NA,NA,2,1,1,0,0,0,5,5,0,FALSE,FALSE,TRUE,1654,343,1997,TRUE,1.2820512820512822,0.25961538461538464,0.7403846153846154,0.8685897435897436,0.10192307692307692,0.029487179487179487,288865,2313,8.007200595433854,0.005400446575389888,8.646779074794639e-4,1997,1997,1654,343,0.0025037556334501754,3.205128205128205,0,3.205128205128205,6.9132639814446195,0.46362010965165695,0,-0.002896690941939713,0.463620109651657,34,65,43,TRUE,TRUE,TRUE,70,101,TRUE,TRUE,FALSE
2023,Karate,Karate,Karate,ARISF recognized sports | Other sports/disciplines from Code Signatories | Sports for Athletes with an Impairment,1544,746,798,1432,73,39,12,3,2023_anti_doping_testing_figures_en_0.pdf,wada_testing_2023_sport_totals.csv,0,TRUE,Karate,1,Karate,NA,NA,12,2,0,0,1,9,0,9,0.75,FALSE,FALSE,TRUE,1654,343,1997,TRUE,7.772020725388601,0.483160621761658,0.5168393782383419,0.927461139896373,0.04727979274611399,0.025259067357512953,288865,2313,8.007200595433854,0.0053450573797448634,0.005188067444876783,1997,1997,1654,343,0.004506760140210316,5.829015544041451,5.829015544041451,0,6.9132639814446195,0.8431640336151897,0.75,-8.382972395345476e-4,0.8431640336151897,35,36,36,TRUE,TRUE,TRUE,53,66,TRUE,TRUE,FALSE
2023,Bodybuilding,Bodybuilding,Bodybuilding,AIMS sports | Sports/disciplines from Specific Code Signatories,1423,712,711,1016,164,243,158,2,2023_anti_doping_testing_figures_en_0.pdf,wada_testing_2023_sport_totals.csv,0,TRUE,Bodybuilding,1,Bodybuilding,NA,NA,153,0,1,0,54,98,49,147,0.640522875816993,FALSE,FALSE,TRUE,1654,343,1997,TRUE,111.03302881236823,0.500351370344343,0.49964862965565704,0.7139845397048489,0.11524947294448348,0.17076598735066761,288865,2313,8.007200595433854,0.004926176587679366,0.06830955469087764,1997,1997,1654,343,0.07361041562343515,103.30288123682361,68.86858749121575,34.434293745607874,6.9132639814446195,14.942707455420656,0.620253164556962,0.06868423903575578,14.942707455420656,36,4,5,TRUE,TRUE,TRUE,2,4,TRUE,TRUE,FALSE
2023,Para-Powerlifting,Para-Powerlifting,Para-Powerlifting,Paralympic sports/discipline,1411,614,797,1255,156,0,23,1,2023_anti_doping_testing_figures_en_0.pdf,wada_testing_2023_sport_totals.csv,0,TRUE,Para-Powerlifting,1,Para-Powerlifting,NA,NA,23,3,0,0,1,19,0,19,0.826086956521739,FALSE,FALSE,TRUE,1654,343,1997,TRUE,16.300496102055277,0.43515237420269315,0.5648476257973069,0.8894401133947555,0.1105598866052445,0,288865,2313,8.007200595433854,0.004884634690945597,0.009943795936013834,1997,1997,1654,343,0.009514271407110666,13.465627214741318,13.465627214741318,0,6.9132639814446195,1.9477958965379323,0.8260869565217391,0.0046296367161650686,1.9477958965379323,37,21,22,TRUE,TRUE,TRUE,31,38,TRUE,TRUE,FALSE
2023,Cricket,Cricket,Cricket,ARISF recognized sports,1394,540,854,1317,70,7,1,1,2023_anti_doping_testing_figures_en_0.pdf,wada_testing_2023_sport_totals.csv,0,TRUE,Cricket,1,Cricket,NA,NA,1,0,0,0,0,1,1,2,1,FALSE,FALSE,TRUE,1654,343,1997,TRUE,0.7173601147776184,0.38737446197991393,0.6126255380200861,0.9447632711621234,0.05021520803443329,0.005021520803443328,288865,2313,8.007200595433854,0.004825783670572759,4.3233895373973193e-4,1997,1997,1654,343,0.00100150225338007,1.4347202295552368,0.7173601147776184,0.7173601147776184,6.9132639814446195,0.207531526845505,1,-0.003824281417192689,0.20753152684550497,38,81,57,TRUE,TRUE,TRUE,88,104,TRUE,TRUE,FALSE
2023,Equestrian,Equestrian,Equestrian,ASOIF Summer Olympic sports | Sports for Athletes with an Impairment,1231,759,472,1200,29,2,14,2,2023_anti_doping_testing_figures_en_0.pdf,wada_testing_2023_sport_totals.csv,0,TRUE,Equestrian,1,Equestrian,NA,NA,13,10,0,0,0,3,2,5,0.230769230769231,FALSE,FALSE,TRUE,1654,343,1997,TRUE,11.372867587327375,0.6165718927701056,0.3834281072298944,0.974817221770918,0.023558082859463852,0.0016246953696181965,288865,2313,8.007200595433854,0.004261506239939072,0.0060527453523562475,1997,1997,1654,343,0.0025037556334501754,4.061738424045491,2.437043054427295,1.6246953696181965,6.9132639814446195,0.5875283274220835,0.21428571428571427,-0.0017577506064888966,0.5875283274220836,39,30,43,TRUE,TRUE,TRUE,63,54,TRUE,TRUE,FALSE
2023,American Football,American Football,American Football,ARISF recognized sports | University sports/disciplines from Code Signatories,1141,600,541,1032,72,37,34,2,2023_anti_doping_testing_figures_en_0.pdf,wada_testing_2023_sport_totals.csv,0,TRUE,American Football,1,American Football,NA,NA,31,13,0,0,1,17,3,20,0.548387096774194,FALSE,FALSE,TRUE,1654,343,1997,TRUE,29.798422436459244,0.5258545135845749,0.4741454864154251,0.9044697633654689,0.06310254163014899,0.03242769500438212,288865,2313,8.007200595433854,0.003949942014435809,0.014699524427150886,1997,1997,1654,343,0.010015022533800702,17.5284837861525,14.899211218229622,2.629272567922875,6.9132639814446195,2.535485963388554,0.5,0.006065080519364893,2.535485963388554,40,16,18,TRUE,TRUE,TRUE,24,19,TRUE,TRUE,FALSE
2023,Roller Sports,Roller Sports,Roller,ASOIF Summer Olympic sports,1128,654,474,1037,85,6,12,1,2023_anti_doping_testing_figures_en_0.pdf,wada_testing_2023_sport_totals.csv,0,TRUE,Roller Sports,1,Roller Sports,NA,NA,12,1,0,0,0,11,1,12,0.916666666666667,FALSE,FALSE,TRUE,1654,343,1997,TRUE,10.638297872340425,0.5797872340425532,0.42021276595744683,0.9193262411347518,0.07535460992907801,0.005319148936170213,288865,2313,8.007200595433854,0.0039049382929742266,0.005188067444876783,1997,1997,1654,343,0.006009013520280421,10.638297872340425,9.75177304964539,0.8865248226950354,6.9132639814446195,1.5388241937374145,0.9166666666666666,0.0021040752273061942,1.5388241937374147,41,36,28,TRUE,TRUE,TRUE,39,57,TRUE,TRUE,FALSE
2023,Sport Climbing,Sport Climbing,Sport Climbing,ASOIF Summer Olympic sports | Military sports/disciplines from Code Signatories | Sports for Athletes with an Impairment,1039,442,597,968,51,20,5,3,2023_anti_doping_testing_figures_en_0.pdf,wada_testing_2023_sport_totals.csv,0,TRUE,Sport Climbing,1,Sport Climbing,NA,NA,5,0,2,0,0,3,0,3,0.6,FALSE,FALSE,TRUE,1654,343,1997,TRUE,4.8123195380173245,0.42540904716073147,0.5745909528392685,0.931665062560154,0.04908565928777671,0.019249278152069296,288865,2313,8.007200595433854,0.003596835892198778,0.00216169476869866,1997,1997,1654,343,0.0015022533800701052,2.8873917228103942,2.8873917228103942,0,6.9132639814446195,0.4176596945466322,0.6,-0.002094582512128673,0.41765969454663227,42,55,50,TRUE,TRUE,TRUE,75,83,TRUE,TRUE,FALSE
2023,Modern Pentathlon,Modern Pentathlon,Modern Pentathlon,ASOIF Summer Olympic sports,901,331,570,824,53,24,0,1,2023_anti_doping_testing_figures_en_0.pdf,wada_testing_2023_sport_totals.csv,0,TRUE,Modern Pentathlon,1,Modern Pentathlon,NA,NA,0,0,0,0,0,0,2,2,NA,FALSE,FALSE,TRUE,1654,343,1997,TRUE,0,0.36736958934517205,0.632630410654828,0.9145394006659268,0.058823529411764705,0.026637069922308545,288865,2313,8.007200595433854,0.003119104079760442,0,1997,1997,1654,343,0.00100150225338007,2.2197558268590454,0,2.2197558268590454,6.9132639814446195,0.32108651323266807,NA,-0.002117601826380372,0.321086513232668,43,105,57,TRUE,TRUE,FALSE,79,105,TRUE,TRUE,FALSE
2023,Sailing,Sailing,Sailing,ASOIF Summer Olympic sports | Military sports/disciplines from Code Signatories | Sports for Athletes with an Impairment,887,267,620,854,33,0,1,3,2023_anti_doping_testing_figures_en_0.pdf,wada_testing_2023_sport_totals.csv,0,TRUE,Sailing,1,Sailing,NA,NA,1,0,0,0,0,1,0,1,1,FALSE,FALSE,TRUE,1654,343,1997,TRUE,1.1273957158962795,0.30101465614430667,0.6989853438556933,0.9627959413754228,0.03720405862457723,0,288865,2313,8.007200595433854,0.003070638533571045,4.3233895373973193e-4,1997,1997,1654,343,5.00751126690035e-4,1.1273957158962795,1.1273957158962795,0,6.9132639814446195,0.16307719753248812,1,-0.00256988740688101,0.16307719753248812,44,81,73,TRUE,TRUE,FALSE,91,102,TRUE,TRUE,FALSE
2023,Wushu,Wushu,Wushu,ARISF recognized sports,810,363,447,753,40,17,19,1,2023_anti_doping_testing_figures_en_0.pdf,wada_testing_2023_sport_totals.csv,0,TRUE,Wushu,1,Wushu,NA,NA,19,0,0,0,0,19,0,19,1,FALSE,FALSE,TRUE,1654,343,1997,TRUE,23.45679012345679,0.44814814814814813,0.5518518518518518,0.9296296296296296,0.04938271604938271,0.020987654320987655,288865,2313,8.007200595433854,0.002804078029529365,0.008214440121054907,1997,1997,1654,343,0.009514271407110666,23.45679012345679,23.45679012345679,0,6.9132639814446195,3.393012358043238,1,0.006710193377581301,3.393012358043238,45,26,22,TRUE,TRUE,FALSE,17,27,TRUE,TRUE,FALSE
2023,Luge,Luge,Luge,WOF Winter Olympic sports,654,172,482,582,61,11,0,1,2023_anti_doping_testing_figures_en_0.pdf,wada_testing_2023_sport_totals.csv,0,TRUE,NA,NA,NA,NA,NA,0,0,0,0,0,0,0,0,NA,NA,NA,FALSE,1654,343,1997,TRUE,0,0.26299694189602446,0.7370030581039755,0.8899082568807339,0.09327217125382263,0.016819571865443424,288865,2313,8.007200595433854,0.002264033371990376,0,1997,1997,1654,343,0,0,0,0,6.9132639814446195,0,NA,-0.002264033371990376,0,46,105,95,TRUE,TRUE,FALSE,95,105,TRUE,TRUE,TRUE
2023,Jiu-Jitsu,Jiu-Jitsu,Ju-Jitsu,AIMS sports,652,359,293,630,17,5,8,1,2023_anti_doping_testing_figures_en_0.pdf,wada_testing_2023_sport_totals.csv,0,TRUE,Jiu-Jitsu,1,Ju-Jitsu,NA,NA,8,0,0,0,1,7,0,7,0.875,FALSE,FALSE,TRUE,1654,343,1997,TRUE,12.269938650306749,0.5506134969325154,0.4493865030674847,0.9662576687116564,0.02607361963190184,0.007668711656441718,288865,2313,8.007200595433854,0.002257109722534748,0.0034587116299178555,1997,1997,1654,343,0.0035052578868302454,10.736196319018406,10.736196319018406,0,6.9132639814446195,1.5529851525754892,0.875,0.0012481481642954975,1.5529851525754892,47,44,39,TRUE,TRUE,FALSE,38,45,TRUE,TRUE,FALSE
2023,Kickboxing,Kickboxing,Kickboxing,ARISF recognized sports,625,309,316,599,23,3,21,1,2023_anti_doping_testing_figures_en_0.pdf,wada_testing_2023_sport_totals.csv,0,TRUE,Kickboxing,1,Kickboxing,NA,NA,21,2,0,0,0,19,0,19,0.904761904761905,FALSE,FALSE,TRUE,1654,343,1997,TRUE,33.6,0.4944,0.5056,0.9584,0.0368,0.0048,288865,2313,8.007200595433854,0.002163640454883769,0.009079118028534372,1997,1997,1654,343,0.009514271407110666,30.4,30.4,0,6.9132639814446195,4.397344016024036,0.9047619047619048,0.007350630952226897,4.397344016024036,48,23,22,TRUE,TRUE,FALSE,12,16,TRUE,TRUE,FALSE
2023,Curling,Curling,Curling,Sports for Athletes with an Impairment | University sports/disciplines from Code Signatories | WOF Winter Olympic sports,538,209,329,524,9,5,7,3,2023_anti_doping_testing_figures_en_0.pdf,wada_testing_2023_sport_totals.csv,0,TRUE,Curling,1,Curling,NA,NA,7,2,3,0,0,2,0,2,0.285714285714286,FALSE,FALSE,TRUE,1654,343,1997,TRUE,13.011152416356877,0.38847583643122674,0.6115241635687733,0.9739776951672863,0.016728624535315983,0.00929368029739777,288865,2313,8.007200595433854,0.0018624617035639486,0.0030263726761781237,1997,1997,1654,343,0.00100150225338007,3.717472118959108,3.717472118959108,0,6.9132639814446195,0.5377303874026653,0.2857142857142857,-8.609594501838786e-4,0.5377303874026653,49,47,57,TRUE,TRUE,FALSE,67,43,TRUE,TRUE,FALSE
2023,Sambo,Sambo,Sambo,ARISF recognized sports,530,315,215,496,34,0,11,1,2023_anti_doping_testing_figures_en_0.pdf,wada_testing_2023_sport_totals.csv,0,TRUE,Sambo,1,Sambo,NA,NA,11,0,1,0,0,10,1,11,0.909090909090909,FALSE,FALSE,TRUE,1654,343,1997,TRUE,20.754716981132074,0.5943396226415094,0.4056603773584906,0.9358490566037736,0.06415094339622641,0,288865,2313,8.007200595433854,0.0018347671057414364,0.004755728491137051,1997,1997,1654,343,0.005508262393590386,20.754716981132074,18.867924528301884,1.8867924528301887,6.9132639814446195,3.002158898725446,0.9090909090909091,0.0036734952878489492,3.0021588987254466,50,38,33,TRUE,TRUE,FALSE,20,33,TRUE,TRUE,FALSE
2023,Floorball,Floorball,Floorball,ARISF recognized sports,497,332,165,468,5,24,3,1,2023_anti_doping_testing_figures_en_0.pdf,wada_testing_2023_sport_totals.csv,0,TRUE,Floorball,1,Floorball,NA,NA,3,2,0,0,0,1,1,2,0.333333333333333,FALSE,FALSE,TRUE,1654,343,1997,TRUE,6.036217303822937,0.6680080482897385,0.3319919517102616,0.9416498993963782,0.01006036217303823,0.0482897384305835,288865,2313,8.007200595433854,0.0017205268897235732,0.0012970168612191958,1997,1997,1654,343,0.00100150225338007,4.024144869215292,2.012072434607646,2.012072434607646,6.9132639814446195,0.582090439482161,0.3333333333333333,-7.190246363435032e-4,0.5820904394821608,51,59,57,TRUE,FALSE,FALSE,65,74,TRUE,TRUE,FALSE
2023,Mixed Martial Arts,Mixed Martial Arts,Mixed Martial Arts,Other sports/disciplines from Code Signatories,461,354,107,449,8,4,35,1,2023_anti_doping_testing_figures_en_0.pdf,wada_testing_2023_sport_totals.csv,0,TRUE,Mixed Martial Arts,1,Mixed Martial Arts,NA,NA,34,0,0,0,0,34,0,34,1,FALSE,FALSE,TRUE,1654,343,1997,TRUE,75.92190889370933,0.7678958785249458,0.23210412147505424,0.9739696312364425,0.01735357917570499,0.008676789587852495,288865,2313,8.007200595433854,0.0015959011995222681,0.015131863380890618,1997,1997,1654,343,0.01702553830746119,73.7527114967462,73.7527114967462,0,6.9132639814446195,10.66829093966329,0.9714285714285714,0.015429637107938923,10.668290939663292,52,15,13,TRUE,FALSE,FALSE,4,5,TRUE,TRUE,FALSE
2023,Underwater Sports,Underwater Sports,Underwater,ARISF recognized sports,461,354,107,453,8,0,6,1,2023_anti_doping_testing_figures_en_0.pdf,wada_testing_2023_sport_totals.csv,0,TRUE,Underwater Sports,1,Underwater Sports,NA,NA,6,1,1,0,3,1,0,1,0.166666666666667,FALSE,FALSE,TRUE,1654,343,1997,TRUE,13.015184381778742,0.7678958785249458,0.23210412147505424,0.982646420824295,0.01735357917570499,0,288865,2313,8.007200595433854,0.0015959011995222681,0.0025940337224383916,1997,1997,1654,343,5.00751126690035e-4,2.1691973969631237,2.1691973969631237,0,6.9132639814446195,0.3137732629312733,0.16666666666666666,-0.0010951500728322331,0.3137732629312732,52,51,73,TRUE,FALSE,FALSE,80,42,TRUE,TRUE,FALSE
2023,Muaythai,Muaythai,Muaythai,ARISF recognized sports,441,283,158,425,16,0,10,1,2023_anti_doping_testing_figures_en_0.pdf,wada_testing_2023_sport_totals.csv,0,TRUE,Muaythai,1,Muaythai,NA,NA,10,0,1,0,0,9,3,12,0.9,FALSE,FALSE,TRUE,1654,343,1997,TRUE,22.675736961451246,0.6417233560090703,0.35827664399092973,0.963718820861678,0.036281179138321996,0,288865,2313,8.007200595433854,0.0015266647049659876,0.00432338953739732,1997,1997,1654,343,0.006009013520280421,27.210884353741495,20.408163265306122,6.802721088435374,6.9132639814446195,3.9360401145936588,0.9,0.004482348815314433,3.936040114593659,54,41,28,TRUE,FALSE,FALSE,16,31,TRUE,TRUE,FALSE
2023,Motorcycling,Motorcycling,Motorcycling,ARISF recognized sports,427,378,49,413,14,0,10,1,2023_anti_doping_testing_figures_en_0.pdf,wada_testing_2023_sport_totals.csv,0,TRUE,Motorcycle Racing,1,Motorcycle Racing,NA,NA,10,2,0,0,0,8,0,8,0.8,FALSE,FALSE,TRUE,1654,343,1997,TRUE,23.4192037470726,0.8852459016393442,0.11475409836065574,0.9672131147540983,0.03278688524590164,0,288865,2313,8.007200595433854,0.0014781991587765912,0.00432338953739732,1997,1997,1654,343,0.00400600901352028,18.73536299765808,18.73536299765808,0,6.9132639814446195,2.7100604067694047,0.8,0.002527809854743689,2.7100604067694043,55,41,37,TRUE,FALSE,FALSE,22,29,TRUE,TRUE,FALSE
2023,Squash,Squash,Squash,ARISF recognized sports,417,218,199,396,18,3,1,1,2023_anti_doping_testing_figures_en_0.pdf,wada_testing_2023_sport_totals.csv,0,TRUE,Squash,1,Squash,NA,NA,1,0,0,0,0,1,1,2,1,FALSE,FALSE,TRUE,1654,343,1997,TRUE,2.398081534772182,0.5227817745803357,0.47721822541966424,0.9496402877697842,0.04316546762589928,0.007194244604316547,288865,2313,8.007200595433854,0.0014435809114984508,4.3233895373973193e-4,1997,1997,1654,343,0.00100150225338007,4.796163069544364,2.398081534772182,2.398081534772182,6.9132639814446195,0.6937624662413283,1,-4.420786581183808e-4,0.6937624662413283,56,81,57,TRUE,FALSE,FALSE,59,98,TRUE,TRUE,FALSE
2023,Golf,Golf,Golf,ASOIF Summer Olympic sports | Military sports/disciplines from Code Signatories,415,258,157,414,1,0,5,2,2023_anti_doping_testing_figures_en_0.pdf,wada_testing_2023_sport_totals.csv,0,TRUE,Golf,1,Golf,NA,NA,5,2,0,0,1,2,0,2,0.4,FALSE,FALSE,TRUE,1654,343,1997,TRUE,12.048192771084338,0.6216867469879518,0.3783132530120482,0.9975903614457832,0.0024096385542168677,0,288865,2313,8.007200595433854,0.0014366572620428228,0.00216169476869866,1997,1997,1654,343,0.00100150225338007,4.819277108433735,4.819277108433735,0,6.9132639814446195,0.6971058998135758,0.4,-4.351550086627528e-4,0.6971058998135757,57,55,57,TRUE,FALSE,FALSE,58,47,TRUE,TRUE,FALSE
2023,DanceSport,DanceSport,DanceSport,ARISF recognized sports,395,217,178,382,8,5,2,1,2023_anti_doping_testing_figures_en_0.pdf,wada_testing_2023_sport_totals.csv,0,TRUE,DanceSport,1,DanceSport,NA,NA,2,0,0,0,0,2,0,2,1,FALSE,FALSE,TRUE,1654,343,1997,TRUE,5.063291139240507,0.549367088607595,0.4506329113924051,0.9670886075949368,0.020253164556962026,0.012658227848101266,288865,2313,8.007200595433854,0.0013674207674865423,8.646779074794639e-4,1997,1997,1654,343,0.00100150225338007,5.063291139240507,5.063291139240507,0,6.9132639814446195,0.7324024010699595,1,-3.6591851410647225e-4,0.7324024010699592,58,65,57,TRUE,FALSE,FALSE,56,81,TRUE,TRUE,FALSE
2023,Surfing,Surfing,Surfing,ASOIF Summer Olympic sports,370,229,141,354,16,0,1,1,2023_anti_doping_testing_figures_en_0.pdf,wada_testing_2023_sport_totals.csv,0,TRUE,Surfing,1,Surfing,NA,NA,1,0,0,0,0,1,0,1,1,FALSE,FALSE,TRUE,1654,343,1997,TRUE,2.7027027027027026,0.6189189189189189,0.3810810810810811,0.9567567567567568,0.043243243243243246,0,288865,2313,8.007200595433854,0.0012808751492911913,4.3233895373973193e-4,1997,1997,1654,343,5.00751126690035e-4,2.7027027027027026,2.7027027027027026,0,6.9132639814446195,0.3909445248954513,1,-7.801240226011563e-4,0.3909445248954513,59,81,73,TRUE,FALSE,FALSE,77,96,TRUE,TRUE,FALSE
2023,Australian Rules Football,Australian Rules Football,Australian Rules Football,Other sports/disciplines from Code Signatories,336,158,178,336,0,0,2,1,2023_anti_doping_testing_figures_en_0.pdf,wada_testing_2023_sport_totals.csv,0,TRUE,Australian Rules Football,1,Australian Rules Football,NA,NA,2,1,0,0,0,1,0,1,0.5,FALSE,FALSE,TRUE,1654,343,1997,TRUE,5.952380952380952,0.47023809523809523,0.5297619047619048,1,0,0,288865,2313,8.007200595433854,0.0011631731085455144,8.646779074794639e-4,1997,1997,1654,343,5.00751126690035e-4,2.976190476190476,2.976190476190476,0,6.9132639814446195,0.4305043875336814,0.5,-6.624219818554794e-4,0.4305043875336814,60,65,73,TRUE,FALSE,FALSE,74,75,TRUE,TRUE,FALSE
2023,Orienteering,Orienteering,Orienteering,ARISF recognized sports | Military sports/disciplines from Code Signatories | Sports for Athletes with an Impairment,334,197,137,321,13,0,0,3,2023_anti_doping_testing_figures_en_0.pdf,wada_testing_2023_sport_totals.csv,0,TRUE,NA,NA,NA,NA,NA,0,0,0,0,0,0,0,0,NA,NA,NA,FALSE,1654,343,1997,TRUE,0,0.5898203592814372,0.4101796407185629,0.9610778443113772,0.038922155688622756,0,288865,2313,8.007200595433854,0.0011562494590898864,0,1997,1997,1654,343,0,0,0,0,6.9132639814446195,0,NA,-0.0011562494590898864,0,61,105,95,TRUE,FALSE,FALSE,95,105,TRUE,TRUE,TRUE
2023,Dragon Boat,Dragon Boat,Dragon Boat,AIMS sports,315,82,233,246,33,36,1,1,2023_anti_doping_testing_figures_en_0.pdf,wada_testing_2023_sport_totals.csv,0,TRUE,Dragon Boat,1,Dragon Boat,NA,NA,1,0,1,0,0,0,0,0,0,FALSE,FALSE,TRUE,1654,343,1997,TRUE,3.1746031746031744,0.26031746031746034,0.7396825396825397,0.780952380952381,0.10476190476190476,0.11428571428571428,288865,2313,8.007200595433854,0.0010904747892614196,4.3233895373973193e-4,1997,1997,1654,343,0,0,0,0,6.9132639814446195,0,0,-0.0010904747892614196,0,62,81,95,TRUE,FALSE,FALSE,95,91,TRUE,TRUE,FALSE
2023,Netball,Netball,Netball,ARISF recognized sports,315,203,112,280,7,28,3,1,2023_anti_doping_testing_figures_en_0.pdf,wada_testing_2023_sport_totals.csv,0,TRUE,Netball,1,Netball,NA,NA,3,1,0,0,1,1,0,1,0.333333333333333,FALSE,FALSE,TRUE,1654,343,1997,TRUE,9.5238095238095255,0.6444444444444445,0.35555555555555557,0.8888888888888888,0.022222222222222223,0.08888888888888889,288865,2313,8.007200595433854,0.0010904747892614196,0.0012970168612191958,1997,1997,1654,343,5.00751126690035e-4,3.1746031746031744,3.1746031746031744,0,6.9132639814446195,0.4592046800359269,0.3333333333333333,-5.897236625713846e-4,0.4592046800359269,62,59,73,TRUE,FALSE,FALSE,72,60,TRUE,TRUE,FALSE
2023,Arm Wrestling,Arm Wrestling,Arm Wrestling,AIMS sports | Sports for Athletes with an Impairment,311,196,115,286,13,12,21,2,2023_anti_doping_testing_figures_en_0.pdf,wada_testing_2023_sport_totals.csv,0,TRUE,Arm Wrestling,1,Arm Wrestling,NA,NA,21,0,0,0,1,20,4,24,0.952380952380952,FALSE,FALSE,TRUE,1654,343,1997,TRUE,67.52411575562701,0.6302250803858521,0.36977491961414793,0.9196141479099679,0.04180064308681672,0.03858520900321544,288865,2313,8.007200595433854,0.0010766274903501636,0.009079118028534372,1997,1997,1654,343,0.012018027040560842,77.17041800643088,64.30868167202571,12.861736334405144,6.9132639814446195,11.162660389297775,0.9523809523809523,0.010941399550210678,11.162660389297773,64,23,15,TRUE,FALSE,FALSE,3,7,TRUE,TRUE,FALSE
2023,Para-Nordic Skiing,Para-Nordic Skiing,Para-Nordic Skiing,Paralympic sports/discipline,298,56,242,284,14,0,0,1,2023_anti_doping_testing_figures_en_0.pdf,wada_testing_2023_sport_totals.csv,0,TRUE,Para-Nordic Skiing,1,Para-Nordic Skiing,NA,NA,0,0,0,0,0,0,1,1,NA,FALSE,FALSE,TRUE,1654,343,1997,TRUE,0,0.18791946308724833,0.8120805369127517,0.9530201342281879,0.04697986577181208,0,288865,2313,8.007200595433854,0.0010316237688885812,0,1997,1997,1654,343,5.00751126690035e-4,3.3557046979865772,0,3.3557046979865772,6.9132639814446195,0.4854009201722046,NA,-5.308726421985462e-4,0.48540092017220454,65,105,73,TRUE,FALSE,FALSE,69,105,TRUE,TRUE,FALSE
2023,Shooting Para Sport,Shooting Para Sport,Shooting Para Sport,Paralympic sports/discipline,287,187,100,287,0,0,3,1,2023_anti_doping_testing_figures_en_0.pdf,wada_testing_2023_sport_totals.csv,0,TRUE,Shooting Para Sport,1,Shooting Para Sport,NA,NA,3,1,0,0,0,2,0,2,0.666666666666667,FALSE,FALSE,TRUE,1654,343,1997,TRUE,10.452961672473869,0.6515679442508711,0.34843205574912894,1,0,0,288865,2313,8.007200595433854,9.935436968826269e-4,0.0012970168612191958,1997,1997,1654,343,0.00100150225338007,6.968641114982578,6.968641114982578,0,6.9132639814446195,1.0080102732495957,0.6666666666666666,7.958556497443146e-6,1.0080102732495955,66,59,57,TRUE,FALSE,FALSE,47,59,TRUE,TRUE,FALSE
2023,Automobile Sports,Automobile Sports,Automobile,ARISF recognized sports,283,239,44,283,0,0,7,1,2023_anti_doping_testing_figures_en_0.pdf,wada_testing_2023_sport_totals.csv,0,TRUE,Automobile Sports,1,Automobile Sports,NA,NA,7,3,0,0,1,3,0,3,0.428571428571429,FALSE,FALSE,TRUE,1654,343,1997,TRUE,24.734982332155475,0.8445229681978799,0.15547703180212014,1,0,0,288865,2313,8.007200595433854,9.796963979713707e-4,0.0030263726761781237,1997,1997,1654,343,0.0015022533800701052,10.60070671378092,10.60070671378092,0,6.9132639814446195,1.5333866524167878,0.42857142857142855,5.225569820987346e-4,1.5333866524167878,67,47,50,TRUE,FALSE,FALSE,40,25,TRUE,TRUE,FALSE
2023,Sitting Volleyball,Sitting Volleyball,ParaVolley,Sports for Athletes with an Impairment,275,76,199,273,2,0,3,1,2023_anti_doping_testing_figures_en_0.pdf,wada_testing_2023_sport_totals.csv,0,TRUE,ParaVolley,1,ParaVolley,NA,NA,3,1,0,0,0,2,0,2,0.666666666666667,FALSE,FALSE,TRUE,1654,343,1997,TRUE,10.90909090909091,0.27636363636363637,0.7236363636363636,0.9927272727272727,0.007272727272727273,0,288865,2313,8.007200595433854,9.520018001488585e-4,0.0012970168612191958,1997,1997,1654,343,0.00100150225338007,7.2727272727272725,7.2727272727272725,0,6.9132639814446195,1.0519961760823053,0.6666666666666666,4.9500453231211524e-5,1.0519961760823051,68,59,57,TRUE,FALSE,FALSE,46,56,TRUE,TRUE,FALSE
2023,Electronic Sports,Electronic Sports,Electronic,Other sports/disciplines from Code Signatories,253,14,239,253,0,0,1,1,2023_anti_doping_testing_figures_en_0.pdf,wada_testing_2023_sport_totals.csv,0,TRUE,Electronic Sports,1,Electronic Sports,NA,NA,1,0,0,0,0,1,0,1,1,FALSE,FALSE,TRUE,1654,343,1997,TRUE,3.952569169960474,0.05533596837944664,0.9446640316205533,1,0,0,288865,2313,8.007200595433854,8.758416561369498e-4,4.3233895373973193e-4,1997,1997,1654,343,5.00751126690035e-4,3.952569169960474,3.952569169960474,0,6.9132639814446195,0.5717370522186441,1,-3.750905294469148e-4,0.5717370522186441,69,81,73,TRUE,FALSE,FALSE,66,86,TRUE,TRUE,FALSE
2023,Goalball,Goalball,Goalball,Sports for Athletes with an Impairment,243,101,142,236,7,0,6,1,2023_anti_doping_testing_figures_en_0.pdf,wada_testing_2023_sport_totals.csv,0,TRUE,Goalball,1,Goalball,NA,NA,6,1,5,0,0,0,0,0,0,FALSE,FALSE,TRUE,1654,343,1997,TRUE,24.691358024691358,0.4156378600823045,0.5843621399176955,0.9711934156378601,0.02880658436213992,0,288865,2313,8.007200595433854,8.412234088588094e-4,0.0025940337224383916,1997,1997,1654,343,0,0,0,0,6.9132639814446195,0,0,-8.412234088588094e-4,0,70,51,95,TRUE,FALSE,FALSE,95,26,TRUE,TRUE,FALSE
2023,Ski Mountaineering,Ski Mountaineering,Ski Mountaineering,ARISF recognized sports | Military sports/disciplines from Code Signatories,239,74,165,221,18,0,0,2,2023_anti_doping_testing_figures_en_0.pdf,wada_testing_2023_sport_totals.csv,0,TRUE,NA,NA,NA,NA,NA,0,0,0,0,0,0,0,0,NA,NA,NA,FALSE,1654,343,1997,TRUE,0,0.30962343096234307,0.6903765690376569,0.9246861924686193,0.07531380753138076,0,288865,2313,8.007200595433854,8.273761099475533e-4,0,1997,1997,1654,343,0,0,0,0,6.9132639814446195,0,NA,-8.273761099475533e-4,0,71,105,95,TRUE,FALSE,FALSE,95,105,TRUE,TRUE,TRUE
2023,Kabaddi,Kabaddi,Kabaddi,Sports/disciplines from Specific Code Signatories,236,91,145,224,10,2,8,1,2023_anti_doping_testing_figures_en_0.pdf,wada_testing_2023_sport_totals.csv,0,TRUE,Kabaddi,1,Kabaddi,NA,NA,8,0,0,0,1,7,1,8,0.875,FALSE,FALSE,TRUE,1654,343,1997,TRUE,33.898305084745765,0.3855932203389831,0.614406779661017,0.9491525423728814,0.0423728813559322,0.00847457627118644,288865,2313,8.007200595433854,8.169906357641112e-4,0.0034587116299178555,1997,1997,1654,343,0.00400600901352028,33.898305084745765,29.661016949152543,4.237288135593221,6.9132639814446195,4.903372007163288,0.875,0.003189018377756169,4.903372007163287,72,44,37,TRUE,FALSE,FALSE,10,14,TRUE,TRUE,FALSE
2023,Boccia,Boccia,Boccia,Sports for Athletes with an Impairment,229,100,129,229,0,0,2,1,2023_anti_doping_testing_figures_en_0.pdf,wada_testing_2023_sport_totals.csv,0,TRUE,Boccia,1,Boccia,NA,NA,2,1,0,0,0,1,0,1,0.5,FALSE,FALSE,TRUE,1654,343,1997,TRUE,8.73362445414847,0.4366812227074236,0.5633187772925764,1,0,0,288865,2313,8.007200595433854,7.927578626694131e-4,8.646779074794639e-4,1997,1997,1654,343,5.00751126690035e-4,4.366812227074235,4.366812227074235,0,6.9132639814446195,0.6316570926258382,0.5,-2.9200673597937806e-4,0.6316570926258382,73,65,73,TRUE,FALSE,FALSE,61,64,TRUE,TRUE,FALSE
2023,Rugby,Rugby,Rugby,Sports for Athletes with an Impairment | University sports/disciplines from Code Signatories,223,104,119,218,5,0,5,2,2023_anti_doping_testing_figures_en_0.pdf,wada_testing_2023_sport_totals.csv,0,TRUE,NA,NA,NA,NA,NA,0,0,0,0,0,0,0,0,NA,NA,NA,FALSE,1654,343,1997,TRUE,22.42152466367713,0.4663677130044843,0.5336322869955157,0.9775784753363229,0.02242152466367713,0,288865,2313,8.007200595433854,7.719869143025289e-4,0.00216169476869866,1997,1997,1654,343,0,0,0,0,6.9132639814446195,0,0,-7.719869143025289e-4,0,74,55,95,TRUE,FALSE,FALSE,95,32,TRUE,TRUE,TRUE
2023,Sepaktakraw,Sepaktakraw,Sepaktakraw,AIMS sports,219,75,144,206,0,13,0,1,2023_anti_doping_testing_figures_en_0.pdf,wada_testing_2023_sport_totals.csv,0,TRUE,NA,NA,NA,NA,NA,0,0,0,0,0,0,0,0,NA,NA,NA,FALSE,1654,343,1997,TRUE,0,0.3424657534246575,0.6575342465753424,0.9406392694063926,0,0.0593607305936073,288865,2313,8.007200595433854,7.581396153912728e-4,0,1997,1997,1654,343,0,0,0,0,6.9132639814446195,0,NA,-7.581396153912728e-4,0,75,105,95,TRUE,FALSE,FALSE,95,105,TRUE,TRUE,TRUE
2023,Kurash,Kurash,Kurash,Other sports/disciplines from Code Signatories,214,88,126,204,5,5,13,1,2023_anti_doping_testing_figures_en_0.pdf,wada_testing_2023_sport_totals.csv,0,TRUE,Kurash,1,Kurash,NA,NA,13,0,0,0,1,12,0,12,0.923076923076923,FALSE,FALSE,TRUE,1654,343,1997,TRUE,60.74766355140187,0.411214953271028,0.5887850467289719,0.9532710280373832,0.02336448598130841,0.02336448598130841,288865,2313,8.007200595433854,7.408304917522026e-4,0.005620406398616515,1997,1997,1654,343,0.006009013520280421,56.074766355140184,56.074766355140184,0,6.9132639814446195,8.111185469793474,0.9230769230769231,0.005268183028528218,8.111185469793476,76,31,28,TRUE,FALSE,FALSE,5,8,TRUE,TRUE,FALSE
2023,Gaelic Games,Gaelic Games,Gaelic Games,Sports/disciplines from Specific Code Signatories,200,65,135,152,36,12,1,1,2023_anti_doping_testing_figures_en_0.pdf,wada_testing_2023_sport_totals.csv,0,TRUE,Gaelic Games,1,Gaelic Games,NA,NA,1,1,0,0,0,0,0,0,0,FALSE,FALSE,TRUE,1654,343,1997,TRUE,5,0.325,0.675,0.76,0.18,0.06,288865,2313,8.007200595433854,6.923649455628061e-4,4.3233895373973193e-4,1997,1997,1654,343,0,0,0,0,6.9132639814446195,0,0,-6.923649455628061e-4,0,77,81,95,TRUE,FALSE,FALSE,95,82,TRUE,TRUE,FALSE
2023,Football - IBSA Football,Football - IBSA Football,Football-IBSA Football,Sports for Athletes with an Impairment,193,101,92,181,12,0,5,1,2023_anti_doping_testing_figures_en_0.pdf,wada_testing_2023_sport_totals.csv,0,TRUE,Blind Football,1,Blind Football,NA,NA,5,1,4,0,0,0,0,0,0,FALSE,FALSE,TRUE,1654,343,1997,TRUE,25.906735751295336,0.5233160621761658,0.47668393782383417,0.9378238341968912,0.06217616580310881,0,288865,2313,8.007200595433854,6.681321724681079e-4,0.00216169476869866,1997,1997,1654,343,0,0,0,0,6.9132639814446195,0,0,-6.681321724681079e-4,0,78,55,95,TRUE,FALSE,FALSE,95,24,TRUE,TRUE,FALSE
2023,Water Skiing,Water Skiing,Water Skiing,ARISF recognized sports,193,149,44,192,0,1,6,1,2023_anti_doping_testing_figures_en_0.pdf,wada_testing_2023_sport_totals.csv,0,TRUE,Water Skiing,1,Waterskiing,NA,NA,6,1,0,0,2,3,0,3,0.5,FALSE,FALSE,TRUE,1654,343,1997,TRUE,31.088082901554404,0.772020725388601,0.22797927461139897,0.9948186528497409,0,0.0051813471502590676,288865,2313,8.007200595433854,6.681321724681079e-4,0.0025940337224383916,1997,1997,1654,343,0.0015022533800701052,15.544041450777202,15.544041450777202,0,6.9132639814446195,2.248437422973839,0.5,8.341212076019973e-4,2.248437422973839,78,51,50,TRUE,FALSE,FALSE,27,18,TRUE,TRUE,FALSE
2023,Life Saving,Life Saving,Life Saving,ARISF recognized sports,190,153,37,180,4,6,1,1,2023_anti_doping_testing_figures_en_0.pdf,wada_testing_2023_sport_totals.csv,0,TRUE,Life Saving,1,Lifesaving,NA,NA,1,1,0,0,0,0,0,0,0,FALSE,FALSE,TRUE,1654,343,1997,TRUE,5.263157894736842,0.8052631578947368,0.19473684210526315,0.9473684210526315,0.021052631578947368,0.031578947368421054,288865,2313,8.007200595433854,6.577466982846658e-4,4.3233895373973193e-4,1997,1997,1654,343,0,0,0,0,6.9132639814446195,0,0,-6.577466982846658e-4,0,80,81,95,TRUE,FALSE,FALSE,95,78,TRUE,TRUE,FALSE
2023,Bowling,Bowling,Bowling,ARISF recognized sports | Sports for Athletes with an Impairment,174,111,63,174,0,0,2,2,2023_anti_doping_testing_figures_en_0.pdf,wada_testing_2023_sport_totals.csv,0,TRUE,Bowling,1,Bowling,NA,NA,2,0,2,0,0,0,2,2,0,FALSE,FALSE,TRUE,1654,343,1997,TRUE,11.494252873563218,0.6379310344827587,0.3620689655172414,1,0,0,288865,2313,8.007200595433854,6.023575026396414e-4,8.646779074794639e-4,1997,1997,1654,343,0.00100150225338007,11.494252873563218,0,11.494252873563218,6.9132639814446195,1.6626376346128386,0,3.9914475074042863e-4,1.6626376346128386,81,65,57,TRUE,FALSE,FALSE,36,52,TRUE,TRUE,FALSE
2023,Chess,Chess,Chess,ARISF recognized sports | Sports for Athletes with an Impairment,170,74,96,170,0,0,1,2,2023_anti_doping_testing_figures_en_0.pdf,wada_testing_2023_sport_totals.csv,0,TRUE,Chess,1,Chess,NA,NA,1,0,0,0,0,1,0,1,1,FALSE,FALSE,TRUE,1654,343,1997,TRUE,5.88235294117647,0.43529411764705883,0.5647058823529412,1,0,0,288865,2313,8.007200595433854,5.885102037283853e-4,4.3233895373973193e-4,1997,1997,1654,343,5.00751126690035e-4,5.88235294117647,5.88235294117647,0,6.9132639814446195,0.8508792600665703,1,-8.775907703835028e-5,0.8508792600665703,82,81,73,TRUE,FALSE,FALSE,52,76,TRUE,TRUE,FALSE
2023,Para-Alpine Skiing,Para-Alpine Skiing,Para-Alpine Skiing,Paralympic sports/discipline,162,29,133,155,7,0,1,1,2023_anti_doping_testing_figures_en_0.pdf,wada_testing_2023_sport_totals.csv,0,TRUE,Para-Alpine Skiing,1,Para-Alpine Skiing,NA,NA,1,0,0,0,0,1,0,1,1,FALSE,FALSE,TRUE,1654,343,1997,TRUE,6.172839506172839,0.17901234567901234,0.8209876543209876,0.9567901234567902,0.043209876543209874,0,288865,2313,8.007200595433854,5.60815605905873e-4,4.3233895373973193e-4,1997,1997,1654,343,5.00751126690035e-4,6.172839506172839,6.172839506172839,0,6.9132639814446195,0.8928979889587467,1,-6.006447921583799e-5,0.8928979889587466,83,81,73,TRUE,FALSE,FALSE,51,73,TRUE,TRUE,FALSE
2023,Para-Ice Hockey,Para-Ice Hockey,Para-Ice Hockey,Paralympic sports/discipline,158,68,90,152,6,0,0,1,2023_anti_doping_testing_figures_en_0.pdf,wada_testing_2023_sport_totals.csv,0,TRUE,NA,NA,NA,NA,NA,0,0,0,0,0,0,0,0,NA,NA,NA,FALSE,1654,343,1997,TRUE,0,0.43037974683544306,0.569620253164557,0.9620253164556962,0.0379746835443038,0,288865,2313,8.007200595433854,5.469683069946169e-4,0,1997,1997,1654,343,0,0,0,0,6.9132639814446195,0,NA,-5.469683069946169e-4,0,84,105,95,TRUE,FALSE,FALSE,95,105,TRUE,TRUE,TRUE
2023,Billiards,Billiards,Billiards,ARISF recognized sports,150,118,32,150,0,0,3,1,2023_anti_doping_testing_figures_en_0.pdf,wada_testing_2023_sport_totals.csv,0,TRUE,Billiards Sports,1,Billiards Sports,NA,NA,3,0,0,0,0,3,0,3,1,FALSE,FALSE,TRUE,1654,343,1997,TRUE,20,0.7866666666666666,0.21333333333333335,1,0,0,288865,2313,8.007200595433854,5.192737091721046e-4,0.0012970168612191958,1997,1997,1654,343,0.0015022533800701052,20,20,0,6.9132639814446195,2.8929894842263395,1,9.829796708980005e-4,2.8929894842263395,85,59,50,TRUE,FALSE,FALSE,21,34,TRUE,TRUE,FALSE
2023,Bandy,Bandy,Bandy,ARISF recognized sports,135,97,38,135,0,0,2,1,2023_anti_doping_testing_figures_en_0.pdf,wada_testing_2023_sport_totals.csv,0,TRUE,Bandy,1,Bandy,NA,NA,2,0,0,0,0,2,0,2,1,FALSE,FALSE,TRUE,1654,343,1997,TRUE,14.814814814814815,0.7185185185185186,0.2814814814814815,1,0,0,288865,2313,8.007200595433854,4.6734633825489414e-4,8.646779074794639e-4,1997,1997,1654,343,0.00100150225338007,14.814814814814815,14.814814814814815,0,6.9132639814446195,2.1429551735009924,1,5.341559151251759e-4,2.142955173500992,86,65,57,TRUE,FALSE,FALSE,30,41,TRUE,TRUE,FALSE
2023,Cheer,Cheer,Cheer | Cheerleading,ARISF recognized sports | Other sports/disciplines from Code Signatories,134,109,25,120,14,0,2,2,2023_anti_doping_testing_figures_en_0.pdf,wada_testing_2023_sport_totals.csv,0,TRUE,Cheer,1,Cheer,NA,NA,2,0,0,0,1,1,1,2,0.5,FALSE,FALSE,TRUE,1654,343,1997,TRUE,14.925373134328359,0.8134328358208955,0.1865671641791045,0.8955223880597015,0.1044776119402985,0,288865,2313,8.007200595433854,4.6388451352708015e-4,8.646779074794639e-4,1997,1997,1654,343,0.00100150225338007,14.925373134328359,7.462686567164179,7.462686567164179,6.9132639814446195,2.158947376288313,0.5,5.376177398529899e-4,2.158947376288313,87,65,57,TRUE,FALSE,FALSE,29,40,TRUE,TRUE,FALSE
2023,School Sports,School Sports,School,Other sports/disciplines from Code Signatories,131,36,95,131,0,0,0,1,2023_anti_doping_testing_figures_en_0.pdf,wada_testing_2023_sport_totals.csv,0,TRUE,School Sports,1,School Sports,NA,NA,0,0,0,0,0,0,2,2,NA,FALSE,FALSE,TRUE,1654,343,1997,TRUE,0,0.2748091603053435,0.7251908396946565,1,0,0,288865,2313,8.007200595433854,4.5349903934363805e-4,0,1997,1997,1654,343,0.00100150225338007,15.267175572519083,0,15.267175572519083,6.9132639814446195,2.2083889192567474,NA,5.48003214036432e-4,2.2083889192567474,88,105,57,TRUE,FALSE,FALSE,28,105,TRUE,TRUE,FALSE
2023,Lacrosse,Lacrosse,Lacrosse,ARISF recognized sports,128,36,92,116,12,0,3,1,2023_anti_doping_testing_figures_en_0.pdf,wada_testing_2023_sport_totals.csv,0,TRUE,Lacrosse,1,Lacrosse,NA,NA,3,0,0,0,0,3,0,3,1,FALSE,FALSE,TRUE,1654,343,1997,TRUE,23.4375,0.28125,0.71875,0.90625,0.09375,0,288865,2313,8.007200595433854,4.4311356516019596e-4,0.0012970168612191958,1997,1997,1654,343,0.0015022533800701052,23.4375,23.4375,0,6.9132639814446195,3.3902220518277417,1,0.0010591398149099093,3.3902220518277417,89,59,50,TRUE,FALSE,FALSE,18,28,TRUE,TRUE,FALSE
2023,Functional Fitness,Functional Fitness,Functional Fitness,Sports/disciplines from Specific Code Signatories,126,74,52,100,0,26,6,1,2023_anti_doping_testing_figures_en_0.pdf,wada_testing_2023_sport_totals.csv,0,TRUE,Functional Fitness,1,Functional Fitness,NA,NA,6,0,0,0,0,6,0,6,1,FALSE,FALSE,TRUE,1654,343,1997,TRUE,47.61904761904761,0.5873015873015873,0.4126984126984127,0.7936507936507936,0,0.20634920634920634,288865,2313,8.007200595433854,4.3618991570456786e-4,0.0025940337224383916,1997,1997,1654,343,0.0030045067601402104,47.61904761904761,47.61904761904761,0,6.9132639814446195,6.888070200538903,1,0.0025683168444356427,6.8880702005389045,90,51,40,TRUE,FALSE,FALSE,6,10,TRUE,TRUE,FALSE
2023,Bridge,Bridge,Bridge,ARISF recognized sports,107,19,88,107,0,0,2,1,2023_anti_doping_testing_figures_en_0.pdf,wada_testing_2023_sport_totals.csv,0,TRUE,Bridge,1,Bridge,NA,NA,2,1,0,0,0,1,0,1,0.5,FALSE,FALSE,TRUE,1654,343,1997,TRUE,18.69158878504673,0.17757009345794392,0.822429906542056,1,0,0,288865,2313,8.007200595433854,3.704152458761013e-4,8.646779074794639e-4,1997,1997,1654,343,5.00751126690035e-4,9.345794392523365,9.345794392523365,0,6.9132639814446195,1.3518642449655793,0.5,1.303358808139337e-4,1.351864244965579,91,65,73,TRUE,FALSE,FALSE,43,35,TRUE,TRUE,FALSE
2023,Mountaineering and Climbing,Mountaineering and Climbing,Mountaineering and Climbing,ARISF recognized sports,106,66,40,103,2,1,1,1,2023_anti_doping_testing_figures_en_0.pdf,wada_testing_2023_sport_totals.csv,0,TRUE,Mountaineering and Climbing,1,Mountaineering and Climbing,NA,NA,1,1,0,0,0,0,1,1,0,FALSE,FALSE,TRUE,1654,343,1997,TRUE,9.433962264150942,0.6226415094339622,0.37735849056603776,0.9716981132075472,0.018867924528301886,0.009433962264150943,288865,2313,8.007200595433854,3.6695342114828725e-4,4.3233895373973193e-4,1997,1997,1654,343,5.00751126690035e-4,9.433962264150942,0,9.433962264150942,6.9132639814446195,1.3646176812388393,0,1.3379770554174775e-4,1.3646176812388393,92,81,73,TRUE,FALSE,FALSE,42,62,TRUE,TRUE,FALSE
2023,Racquetball,Racquetball,Racquetball,ARISF recognized sports,95,47,48,95,0,0,1,1,2023_anti_doping_testing_figures_en_0.pdf,wada_testing_2023_sport_totals.csv,0,TRUE,Racquetball,1,Racquetball,NA,NA,1,0,0,0,1,0,0,0,0,FALSE,FALSE,TRUE,1654,343,1997,TRUE,10.526315789473683,0.49473684210526314,0.5052631578947369,1,0,0,288865,2313,8.007200595433854,3.288733491423329e-4,4.3233895373973193e-4,1997,1997,1654,343,0,0,0,0,6.9132639814446195,0,0,-3.288733491423329e-4,0,93,81,95,FALSE,FALSE,FALSE,NA,NA,TRUE,TRUE,FALSE
2023,Soft Tennis,Soft Tennis,Soft Tennis,AIMS sports,90,33,57,87,0,3,0,1,2023_anti_doping_testing_figures_en_0.pdf,wada_testing_2023_sport_totals.csv,0,TRUE,NA,NA,NA,NA,NA,0,0,0,0,0,0,0,0,NA,NA,NA,FALSE,1654,343,1997,TRUE,0,0.36666666666666664,0.6333333333333333,0.9666666666666667,0,0.03333333333333333,288865,2313,8.007200595433854,3.115642255032628e-4,0,1997,1997,1654,343,0,0,0,0,6.9132639814446195,0,NA,-3.115642255032628e-4,0,94,105,95,FALSE,FALSE,FALSE,NA,NA,TRUE,TRUE,TRUE
2023,Teqball,Teqball,Teqball,AIMS sports,85,51,34,81,4,0,1,1,2023_anti_doping_testing_figures_en_0.pdf,wada_testing_2023_sport_totals.csv,0,TRUE,Teqball,1,Teqball,NA,NA,1,0,0,0,0,1,0,1,1,FALSE,FALSE,TRUE,1654,343,1997,TRUE,11.76470588235294,0.6,0.4,0.9529411764705882,0.047058823529411764,0,288865,2313,8.007200595433854,2.9425510186419264e-4,4.3233895373973193e-4,1997,1997,1654,343,5.00751126690035e-4,11.76470588235294,11.76470588235294,0,6.9132639814446195,1.7017585201331407,1,2.0649602482584236e-4,1.7017585201331407,95,81,73,FALSE,FALSE,FALSE,NA,NA,TRUE,TRUE,FALSE
2023,Basque Pelota,Basque Pelota,Basque Pelota,ARISF recognized sports,84,50,34,83,1,0,1,1,2023_anti_doping_testing_figures_en_0.pdf,wada_testing_2023_sport_totals.csv,0,TRUE,Basque Pelota,1,Basque Pelota,NA,NA,1,0,0,0,0,1,0,1,1,FALSE,FALSE,TRUE,1654,343,1997,TRUE,11.904761904761903,0.5952380952380952,0.40476190476190477,0.9880952380952381,0.011904761904761904,0,288865,2313,8.007200595433854,2.907932771363786e-4,4.3233895373973193e-4,1997,1997,1654,343,5.00751126690035e-4,11.904761904761903,11.904761904761903,0,6.9132639814446195,1.7220175501347257,1,2.099578495536564e-4,1.7220175501347257,96,81,73,FALSE,FALSE,FALSE,NA,NA,TRUE,TRUE,FALSE
2023,Tug of War,Tug of War,Tug of War,ARISF recognized sports,84,62,22,79,2,3,1,1,2023_anti_doping_testing_figures_en_0.pdf,wada_testing_2023_sport_totals.csv,0,TRUE,Tug of War,1,Tug of War,NA,NA,1,0,0,0,0,1,0,1,1,FALSE,FALSE,TRUE,1654,343,1997,TRUE,11.904761904761903,0.7380952380952381,0.2619047619047619,0.9404761904761905,0.023809523809523808,0.03571428571428571,288865,2313,8.007200595433854,2.907932771363786e-4,4.3233895373973193e-4,1997,1997,1654,343,5.00751126690035e-4,11.904761904761903,11.904761904761903,0,6.9132639814446195,1.7220175501347257,1,2.099578495536564e-4,1.7220175501347257,96,81,73,FALSE,FALSE,FALSE,NA,NA,TRUE,TRUE,FALSE
2023,Boules Sports,Boules Sports,Boules,ARISF recognized sports,82,69,13,82,0,0,1,1,2023_anti_doping_testing_figures_en_0.pdf,wada_testing_2023_sport_totals.csv,0,TRUE,Boules Sports,1,Boules Sports,NA,NA,1,0,0,0,1,0,0,0,0,FALSE,FALSE,TRUE,1654,343,1997,TRUE,12.195121951219512,0.8414634146341463,0.15853658536585366,1,0,0,288865,2313,8.007200595433854,2.8386962768075054e-4,4.3233895373973193e-4,1997,1997,1654,343,0,0,0,0,6.9132639814446195,0,0,-2.8386962768075054e-4,0,98,81,95,FALSE,FALSE,FALSE,NA,NA,TRUE,TRUE,FALSE
2023,Kettlebell Lifting,Kettlebell Lifting,Kettlebell Lifting,Other sports/disciplines from Code Signatories,80,78,2,72,8,0,0,1,2023_anti_doping_testing_figures_en_0.pdf,wada_testing_2023_sport_totals.csv,0,TRUE,NA,NA,NA,NA,NA,0,0,0,0,0,0,0,0,NA,NA,NA,FALSE,1654,343,1997,TRUE,0,0.975,0.025,0.9,0.1,0,288865,2313,8.007200595433854,2.7694597822512245e-4,0,1997,1997,1654,343,0,0,0,0,6.9132639814446195,0,NA,-2.7694597822512245e-4,0,99,105,95,FALSE,FALSE,FALSE,NA,NA,TRUE,TRUE,TRUE
2023,Savate,Savate,Savate,AIMS sports,73,45,28,69,4,0,2,1,2023_anti_doping_testing_figures_en_0.pdf,wada_testing_2023_sport_totals.csv,0,TRUE,Savate,1,Savate,NA,NA,2,0,0,0,0,2,0,2,1,FALSE,FALSE,TRUE,1654,343,1997,TRUE,27.397260273972602,0.6164383561643836,0.3835616438356164,0.9452054794520548,0.0547945205479452,0,288865,2313,8.007200595433854,2.5271320513042426e-4,8.646779074794639e-4,1997,1997,1654,343,0.00100150225338007,27.397260273972602,27.397260273972602,0,6.9132639814446195,3.9629992934607388,1,7.487890482496457e-4,3.9629992934607383,100,65,57,FALSE,FALSE,FALSE,NA,NA,TRUE,TRUE,FALSE
2023,College,College,College,Sports/disciplines from Specific Code Signatories,68,64,4,68,0,0,2,1,2023_anti_doping_testing_figures_en_0.pdf,wada_testing_2023_sport_totals.csv,0,TRUE,College Sports,1,College Sports,NA,NA,2,2,0,0,0,0,0,0,0,FALSE,FALSE,TRUE,1654,343,1997,TRUE,29.41176470588235,0.9411764705882353,0.058823529411764705,1,0,0,288865,2313,8.007200595433854,2.354040814913541e-4,8.646779074794639e-4,1997,1997,1654,343,0,0,0,0,6.9132639814446195,0,0,-2.354040814913541e-4,0,101,65,95,FALSE,FALSE,FALSE,NA,NA,TRUE,TRUE,FALSE
2023,Go,Go,Go,AIMS sports,64,15,49,64,0,0,2,1,2023_anti_doping_testing_figures_en_0.pdf,wada_testing_2023_sport_totals.csv,0,TRUE,Go,1,Go,NA,NA,2,1,0,0,0,1,0,1,0.5,FALSE,FALSE,TRUE,1654,343,1997,TRUE,31.25,0.234375,0.765625,1,0,0,288865,2313,8.007200595433854,2.2155678258009798e-4,8.646779074794639e-4,1997,1997,1654,343,5.00751126690035e-4,15.625,15.625,0,6.9132639814446195,2.2601480345518277,0.5,2.79194344109937e-4,2.2601480345518272,102,65,73,FALSE,FALSE,FALSE,NA,NA,TRUE,TRUE,FALSE
2023,Football 7-a-Side,Football 7-a-Side,Football 7-a-Side,Sports for Athletes with an Impairment,62,42,20,60,2,0,1,1,2023_anti_doping_testing_figures_en_0.pdf,wada_testing_2023_sport_totals.csv,0,TRUE,Football 7-a-Side,1,Football 7-a-Side,NA,NA,1,0,0,0,0,1,0,1,1,FALSE,FALSE,TRUE,1654,343,1997,TRUE,16.129032258064516,0.6774193548387096,0.3225806451612903,0.967741935483871,0.03225806451612903,0,288865,2313,8.007200595433854,2.146331331244699e-4,4.3233895373973193e-4,1997,1997,1654,343,5.00751126690035e-4,16.129032258064516,16.129032258064516,0,6.9132639814446195,2.3330560356664027,1,2.861179935655651e-4,2.3330560356664027,103,81,73,FALSE,FALSE,FALSE,NA,NA,TRUE,TRUE,FALSE
2023,Korfball,Korfball,Korfball,ARISF recognized sports,60,54,6,55,5,0,0,1,2023_anti_doping_testing_figures_en_0.pdf,wada_testing_2023_sport_totals.csv,0,TRUE,NA,NA,NA,NA,NA,0,0,0,0,0,0,0,0,NA,NA,NA,FALSE,1654,343,1997,TRUE,0,0.9,0.1,0.9166666666666666,0.08333333333333333,0,288865,2313,8.007200595433854,2.0770948366884183e-4,0,1997,1997,1654,343,0,0,0,0,6.9132639814446195,0,NA,-2.0770948366884183e-4,0,104,105,95,FALSE,FALSE,FALSE,NA,NA,TRUE,TRUE,TRUE
2023,Pencak Silat,Pencak Silat,Pensak Silat,Sports/disciplines from Specific Code Signatories,59,23,36,58,1,0,2,1,2023_anti_doping_testing_figures_en_0.pdf,wada_testing_2023_sport_totals.csv,0,TRUE,Pencak Silat,1,Pencak Silat,NA,NA,2,0,0,0,0,2,0,2,1,FALSE,FALSE,TRUE,1654,343,1997,TRUE,33.898305084745765,0.3898305084745763,0.6101694915254238,0.9830508474576272,0.01694915254237288,0,288865,2313,8.007200595433854,2.042476589410278e-4,8.646779074794639e-4,1997,1997,1654,343,0.00100150225338007,33.898305084745765,33.898305084745765,0,6.9132639814446195,4.903372007163288,1,7.972545944390422e-4,4.903372007163287,105,65,57,FALSE,FALSE,FALSE,NA,NA,TRUE,TRUE,FALSE
2023,Sumo,Sumo,Sumo,ARISF recognized sports,51,43,8,50,1,0,0,1,2023_anti_doping_testing_figures_en_0.pdf,wada_testing_2023_sport_totals.csv,0,TRUE,NA,NA,NA,NA,NA,0,0,0,0,0,0,0,0,NA,NA,NA,FALSE,1654,343,1997,TRUE,0,0.8431372549019608,0.1568627450980392,0.9803921568627451,0.0196078431372549,0,288865,2313,8.007200595433854,1.7655306111851558e-4,0,1997,1997,1654,343,0,0,0,0,6.9132639814446195,0,NA,-1.7655306111851558e-4,0,106,105,95,FALSE,FALSE,FALSE,NA,NA,TRUE,TRUE,TRUE
2023,Para-Snowboard,Para-Snowboard,Para-Snowboard,Paralympic sports/discipline,48,19,29,47,1,0,0,1,2023_anti_doping_testing_figures_en_0.pdf,wada_testing_2023_sport_totals.csv,0,TRUE,Para-Snowboard,1,Para-Snowboard,NA,NA,0,0,0,0,0,0,1,1,NA,FALSE,FALSE,TRUE,1654,343,1997,TRUE,0,0.3958333333333333,0.6041666666666666,0.9791666666666666,0.020833333333333332,0,288865,2313,8.007200595433854,1.6616758693507348e-4,0,1997,1997,1654,343,5.00751126690035e-4,20.833333333333332,0,20.833333333333332,6.9132639814446195,3.0135307127357702,NA,3.345835397549615e-4,3.01353071273577,107,105,73,FALSE,FALSE,FALSE,NA,NA,TRUE,TRUE,FALSE
2023,Powerboating,Powerboating,Powerboating,ARISF recognized sports,44,30,14,41,3,0,1,1,2023_anti_doping_testing_figures_en_0.pdf,wada_testing_2023_sport_totals.csv,0,TRUE,Powerboating,1,Powerboating,NA,NA,1,0,0,0,1,0,0,0,0,FALSE,FALSE,TRUE,1654,343,1997,TRUE,22.727272727272727,0.6818181818181818,0.3181818181818182,0.9318181818181818,0.06818181818181818,0,288865,2313,8.007200595433854,1.5232028802381737e-4,4.3233895373973193e-4,1997,1997,1654,343,0,0,0,0,6.9132639814446195,0,0,-1.5232028802381737e-4,0,108,81,95,FALSE,FALSE,FALSE,NA,NA,TRUE,TRUE,FALSE
2023,Para-Biathlon,Para-Biathlon,Para-Biathlon,Paralympic sports/discipline,42,26,16,40,2,0,0,1,2023_anti_doping_testing_figures_en_0.pdf,wada_testing_2023_sport_totals.csv,0,TRUE,NA,NA,NA,NA,NA,0,0,0,0,0,0,0,0,NA,NA,NA,FALSE,1654,343,1997,TRUE,0,0.6190476190476191,0.38095238095238093,0.9523809523809523,0.047619047619047616,0,288865,2313,8.007200595433854,1.453966385681893e-4,0,1997,1997,1654,343,0,0,0,0,6.9132639814446195,0,NA,-1.453966385681893e-4,0,109,105,95,FALSE,FALSE,FALSE,NA,NA,TRUE,TRUE,TRUE
2023,Bowls,Bowls,Bowls,Other sports/disciplines from Code Signatories,38,15,23,38,0,0,1,1,2023_anti_doping_testing_figures_en_0.pdf,wada_testing_2023_sport_totals.csv,0,TRUE,Bowls,1,Bowls,NA,NA,1,0,1,0,0,0,0,0,0,FALSE,FALSE,TRUE,1654,343,1997,TRUE,26.31578947368421,0.39473684210526316,0.6052631578947368,1,0,0,288865,2313,8.007200595433854,1.3154933965693318e-4,4.3233895373973193e-4,1997,1997,1654,343,0,0,0,0,6.9132639814446195,0,0,-1.3154933965693318e-4,0,110,81,95,FALSE,FALSE,FALSE,NA,NA,TRUE,TRUE,FALSE
2023,Baseball,Baseball,Baseball,Sports/disciplines from Specific Code Signatories,37,37,0,37,0,0,0,1,2023_anti_doping_testing_figures_en_0.pdf,wada_testing_2023_sport_totals.csv,0,TRUE,Baseball,1,Baseball,NA,NA,27,5,0,3,1,18,2,20,0.666666666666667,FALSE,FALSE,TRUE,1654,343,1997,TRUE,0,1,0,1,0,0,288865,2313,8.007200595433854,1.2808751492911913e-4,0,1997,1997,1654,343,0.010015022533800702,540.5405405405405,486.4864864864865,54.054054054054056,6.9132639814446195,78.18890497909025,NA,0.009886935018871583,78.18890497909027,111,105,18,FALSE,FALSE,FALSE,NA,NA,TRUE,TRUE,FALSE
2023,Padel,Padel,Padel,Sports/disciplines from Specific Code Signatories,37,32,5,37,0,0,0,1,2023_anti_doping_testing_figures_en_0.pdf,wada_testing_2023_sport_totals.csv,0,TRUE,NA,NA,NA,NA,NA,0,0,0,0,0,0,0,0,NA,NA,NA,FALSE,1654,343,1997,TRUE,0,0.8648648648648649,0.13513513513513514,1,0,0,288865,2313,8.007200595433854,1.2808751492911913e-4,0,1997,1997,1654,343,0,0,0,0,6.9132639814446195,0,NA,-1.2808751492911913e-4,0,111,105,95,FALSE,FALSE,FALSE,NA,NA,TRUE,TRUE,TRUE
2023,Military Sport Pentathlon,Military Sport Pentathlon,Military Sport Pentathlon,Military sports/disciplines from Code Signatories,36,12,24,36,0,0,0,1,2023_anti_doping_testing_figures_en_0.pdf,wada_testing_2023_sport_totals.csv,0,TRUE,NA,NA,NA,NA,NA,0,0,0,0,0,0,0,0,NA,NA,NA,FALSE,1654,343,1997,TRUE,0,0.3333333333333333,0.6666666666666666,1,0,0,288865,2313,8.007200595433854,1.246256902013051e-4,0,1997,1997,1654,343,0,0,0,0,6.9132639814446195,0,NA,-1.246256902013051e-4,0,113,105,95,FALSE,FALSE,FALSE,NA,NA,TRUE,TRUE,TRUE
2023,CP Football,CP Football,CP Football,Sports for Athletes with an Impairment,35,20,15,31,4,0,0,1,2023_anti_doping_testing_figures_en_0.pdf,wada_testing_2023_sport_totals.csv,0,TRUE,NA,NA,NA,NA,NA,0,0,0,0,0,0,0,0,NA,NA,NA,FALSE,1654,343,1997,TRUE,0,0.5714285714285714,0.42857142857142855,0.8857142857142857,0.11428571428571428,0,288865,2313,8.007200595433854,1.2116386547349108e-4,0,1997,1997,1654,343,0,0,0,0,6.9132639814446195,0,NA,-1.2116386547349108e-4,0,114,105,95,FALSE,FALSE,FALSE,NA,NA,TRUE,TRUE,TRUE
2023,Brazilian Jiu-Jitsu,Brazilian Jiu-Jitsu,Brazilian Jiu-Jitsu,Sports/disciplines from Specific Code Signatories,34,16,18,34,0,0,0,1,2023_anti_doping_testing_figures_en_0.pdf,wada_testing_2023_sport_totals.csv,0,TRUE,NA,NA,NA,NA,NA,0,0,0,0,0,0,0,0,NA,NA,NA,FALSE,1654,343,1997,TRUE,0,0.47058823529411764,0.5294117647058824,1,0,0,288865,2313,8.007200595433854,1.1770204074567705e-4,0,1997,1997,1654,343,0,0,0,0,6.9132639814446195,0,NA,-1.1770204074567705e-4,0,115,105,95,FALSE,FALSE,FALSE,NA,NA,TRUE,TRUE,TRUE
2023,Darts,Darts,Darts,AIMS sports,34,34,0,34,0,0,2,1,2023_anti_doping_testing_figures_en_0.pdf,wada_testing_2023_sport_totals.csv,0,TRUE,Darts,1,Darts,NA,NA,2,0,0,0,1,1,0,1,0.5,FALSE,FALSE,TRUE,1654,343,1997,TRUE,58.8235294117647,1,0,1,0,0,288865,2313,8.007200595433854,1.1770204074567705e-4,8.646779074794639e-4,1997,1997,1654,343,5.00751126690035e-4,29.41176470588235,29.41176470588235,0,6.9132639814446195,4.254396300332852,0.5,3.8304908594435797e-4,4.254396300332852,115,65,73,FALSE,FALSE,FALSE,NA,NA,TRUE,TRUE,FALSE
2023,Kendo,Kendo,Kendo,AIMS sports,34,28,6,33,1,0,1,1,2023_anti_doping_testing_figures_en_0.pdf,wada_testing_2023_sport_totals.csv,0,TRUE,Kendo,1,Kendo,NA,NA,1,0,0,0,0,1,0,1,1,FALSE,FALSE,TRUE,1654,343,1997,TRUE,29.41176470588235,0.8235294117647058,0.17647058823529413,0.9705882352941176,0.029411764705882353,0,288865,2313,8.007200595433854,1.1770204074567705e-4,4.3233895373973193e-4,1997,1997,1654,343,5.00751126690035e-4,29.41176470588235,29.41176470588235,0,6.9132639814446195,4.254396300332852,1,3.8304908594435797e-4,4.254396300332852,115,81,73,FALSE,FALSE,FALSE,NA,NA,TRUE,TRUE,FALSE
2023,Sport Fishing,Sport Fishing,Sport Fishing,AIMS sports,27,24,3,27,0,0,2,1,2023_anti_doping_testing_figures_en_0.pdf,wada_testing_2023_sport_totals.csv,0,TRUE,Sport Fishing,1,Sport Fishing,NA,NA,2,0,0,0,1,1,0,1,0.5,FALSE,FALSE,TRUE,1654,343,1997,TRUE,74.07407407407408,0.8888888888888888,0.1111111111111111,1,0,0,288865,2313,8.007200595433854,9.346926765097884e-5,8.646779074794639e-4,1997,1997,1654,343,5.00751126690035e-4,37.03703703703704,37.03703703703704,0,6.9132639814446195,5.357387933752481,0.5,4.0728185903905615e-4,5.35738793375248,118,65,73,FALSE,FALSE,FALSE,NA,NA,TRUE,TRUE,FALSE
2023,Air Sports,Air Sports,Air,ARISF recognized sports | Military sports/disciplines from Code Signatories,26,19,7,26,0,0,0,2,2023_anti_doping_testing_figures_en_0.pdf,wada_testing_2023_sport_totals.csv,0,TRUE,NA,NA,NA,NA,NA,0,0,0,0,0,0,0,0,NA,NA,NA,FALSE,1654,343,1997,TRUE,0,0.7307692307692307,0.2692307692307692,1,0,0,288865,2313,8.007200595433854,9.00074429231648e-5,0,1997,1997,1654,343,0,0,0,0,6.9132639814446195,0,NA,-9.00074429231648e-5,0,119,105,95,FALSE,FALSE,FALSE,NA,NA,TRUE,TRUE,TRUE
2023,CrossFit,CrossFit,CrossFit,Sports/disciplines from Specific Code Signatories,26,26,0,24,2,0,1,1,2023_anti_doping_testing_figures_en_0.pdf,wada_testing_2023_sport_totals.csv,0,TRUE,CrossFit,1,CrossFit,NA,NA,1,0,0,0,1,0,0,0,0,FALSE,FALSE,TRUE,1654,343,1997,TRUE,38.46153846153847,1,0,0.9230769230769231,0.07692307692307693,0,288865,2313,8.007200595433854,9.00074429231648e-5,4.3233895373973193e-4,1997,1997,1654,343,0,0,0,0,6.9132639814446195,0,0,-9.00074429231648e-5,0,119,81,95,FALSE,FALSE,FALSE,NA,NA,TRUE,TRUE,FALSE
2023,Kho Kho,Kho Kho,Kho Kho,Sports/disciplines from Specific Code Signatories,25,25,0,25,0,0,0,1,2023_anti_doping_testing_figures_en_0.pdf,wada_testing_2023_sport_totals.csv,0,TRUE,NA,NA,NA,NA,NA,0,0,0,0,0,0,0,0,NA,NA,NA,FALSE,1654,343,1997,TRUE,0,1,0,1,0,0,288865,2313,8.007200595433854,8.654561819535076e-5,0,1997,1997,1654,343,0,0,0,0,6.9132639814446195,0,NA,-8.654561819535076e-5,0,121,105,95,FALSE,FALSE,FALSE,NA,NA,TRUE,TRUE,TRUE
2023,Pole Sports,Pole Sports,Pole sports,Other sports/disciplines from Code Signatories,25,25,0,25,0,0,1,1,2023_anti_doping_testing_figures_en_0.pdf,wada_testing_2023_sport_totals.csv,0,TRUE,Pole sports,1,Pole sports,NA,NA,1,0,0,0,0,1,0,1,1,FALSE,FALSE,TRUE,1654,343,1997,TRUE,40,1,0,1,0,0,288865,2313,8.007200595433854,8.654561819535076e-5,4.3233895373973193e-4,1997,1997,1654,343,5.00751126690035e-4,40,40,0,6.9132639814446195,5.785978968452679,1,4.1420550849468425e-4,5.785978968452679,121,81,73,FALSE,FALSE,FALSE,NA,NA,TRUE,TRUE,FALSE
2023,Hornussen,Hornussen,Hornussen,Sports/disciplines from Specific Code Signatories,22,22,0,22,0,0,0,1,2023_anti_doping_testing_figures_en_0.pdf,wada_testing_2023_sport_totals.csv,0,TRUE,NA,NA,NA,NA,NA,0,0,0,0,0,0,0,0,NA,NA,NA,FALSE,1654,343,1997,TRUE,0,1,0,1,0,0,288865,2313,8.007200595433854,7.616014401190868e-5,0,1997,1997,1654,343,0,0,0,0,6.9132639814446195,0,NA,-7.616014401190868e-5,0,123,105,95,FALSE,FALSE,FALSE,NA,NA,TRUE,TRUE,TRUE
2023,Firefighting and Rescuing,Firefighting and Rescuing,Firefighting and Rescuing,Sports/disciplines from Specific Code Signatories,20,18,2,20,0,0,0,1,2023_anti_doping_testing_figures_en_0.pdf,wada_testing_2023_sport_totals.csv,0,TRUE,NA,NA,NA,NA,NA,0,0,0,0,0,0,0,0,NA,NA,NA,FALSE,1654,343,1997,TRUE,0,0.9,0.1,1,0,0,288865,2313,8.007200595433854,6.923649455628061e-5,0,1997,1997,1654,343,0,0,0,0,6.9132639814446195,0,NA,-6.923649455628061e-5,0,124,105,95,FALSE,FALSE,FALSE,NA,NA,TRUE,TRUE,TRUE
2023,Icestocksport,Icestocksport,Icestocksport,ARISF recognized sports,20,10,10,17,3,0,0,1,2023_anti_doping_testing_figures_en_0.pdf,wada_testing_2023_sport_totals.csv,0,TRUE,NA,NA,NA,NA,NA,0,0,0,0,0,0,0,0,NA,NA,NA,FALSE,1654,343,1997,TRUE,0,0.5,0.5,0.85,0.15,0,288865,2313,8.007200595433854,6.923649455628061e-5,0,1997,1997,1654,343,0,0,0,0,6.9132639814446195,0,NA,-6.923649455628061e-5,0,124,105,95,FALSE,FALSE,FALSE,NA,NA,TRUE,TRUE,TRUE
2023,Power Press,Power Press,Power Press,Sports/disciplines from Specific Code Signatories,18,12,6,18,0,0,0,1,2023_anti_doping_testing_figures_en_0.pdf,wada_testing_2023_sport_totals.csv,0,TRUE,NA,NA,NA,NA,NA,0,0,0,0,0,0,0,0,NA,NA,NA,FALSE,1654,343,1997,TRUE,0,0.6666666666666666,0.3333333333333333,1,0,0,288865,2313,8.007200595433854,6.231284510065255e-5,0,1997,1997,1654,343,0,0,0,0,6.9132639814446195,0,NA,-6.231284510065255e-5,0,126,105,95,FALSE,FALSE,FALSE,NA,NA,TRUE,TRUE,TRUE
2023,Xiangqi,Xiangqi,Xiangqi,Sports/disciplines from Specific Code Signatories,18,3,15,18,0,0,0,1,2023_anti_doping_testing_figures_en_0.pdf,wada_testing_2023_sport_totals.csv,0,TRUE,NA,NA,NA,NA,NA,0,0,0,0,0,0,0,0,NA,NA,NA,FALSE,1654,343,1997,TRUE,0,0.16666666666666666,0.8333333333333334,1,0,0,288865,2313,8.007200595433854,6.231284510065255e-5,0,1997,1997,1654,343,0,0,0,0,6.9132639814446195,0,NA,-6.231284510065255e-5,0,126,105,95,FALSE,FALSE,FALSE,NA,NA,TRUE,TRUE,TRUE
2023,Minigolf,Minigolf,Minigolf,AIMS sports,17,17,0,17,0,0,0,1,2023_anti_doping_testing_figures_en_0.pdf,wada_testing_2023_sport_totals.csv,0,TRUE,NA,NA,NA,NA,NA,0,0,0,0,0,0,0,0,NA,NA,NA,FALSE,1654,343,1997,TRUE,0,1,0,1,0,0,288865,2313,8.007200595433854,5.8851020372838524e-5,0,1997,1997,1654,343,0,0,0,0,6.9132639814446195,0,NA,-5.8851020372838524e-5,0,128,105,95,FALSE,FALSE,FALSE,NA,NA,TRUE,TRUE,TRUE
2023,Para-DanceSport,Para-DanceSport,Para-DanceSport,Paralympic sports/discipline,17,15,2,17,0,0,0,1,2023_anti_doping_testing_figures_en_0.pdf,wada_testing_2023_sport_totals.csv,0,TRUE,NA,NA,NA,NA,NA,0,0,0,0,0,0,0,0,NA,NA,NA,FALSE,1654,343,1997,TRUE,0,0.8823529411764706,0.11764705882352941,1,0,0,288865,2313,8.007200595433854,5.8851020372838524e-5,0,1997,1997,1654,343,0,0,0,0,6.9132639814446195,0,NA,-5.8851020372838524e-5,0,128,105,95,FALSE,FALSE,FALSE,NA,NA,TRUE,TRUE,TRUE
2023,Flying Disc,Flying Disc,Flying Disc,ARISF recognized sports,16,12,4,14,2,0,0,1,2023_anti_doping_testing_figures_en_0.pdf,wada_testing_2023_sport_totals.csv,0,TRUE,NA,NA,NA,NA,NA,0,0,0,0,0,0,0,0,NA,NA,NA,FALSE,1654,343,1997,TRUE,0,0.75,0.25,0.875,0.125,0,288865,2313,8.007200595433854,5.5389195645024495e-5,0,1997,1997,1654,343,0,0,0,0,6.9132639814446195,0,NA,-5.5389195645024495e-5,0,130,105,95,FALSE,FALSE,FALSE,NA,NA,TRUE,TRUE,TRUE
2023,Sleddog,Sleddog,Sleddog,AIMS sports,16,16,0,16,0,0,0,1,2023_anti_doping_testing_figures_en_0.pdf,wada_testing_2023_sport_totals.csv,0,TRUE,NA,NA,NA,NA,NA,0,0,0,0,0,0,0,0,NA,NA,NA,FALSE,1654,343,1997,TRUE,0,1,0,1,0,0,288865,2313,8.007200595433854,5.5389195645024495e-5,0,1997,1997,1654,343,0,0,0,0,6.9132639814446195,0,NA,-5.5389195645024495e-5,0,130,105,95,FALSE,FALSE,FALSE,NA,NA,TRUE,TRUE,TRUE
2023,Fistball,Fistball,Fistball,AIMS sports,15,10,5,14,1,0,0,1,2023_anti_doping_testing_figures_en_0.pdf,wada_testing_2023_sport_totals.csv,0,TRUE,NA,NA,NA,NA,NA,0,0,0,0,0,0,0,0,NA,NA,NA,FALSE,1654,343,1997,TRUE,0,0.6666666666666666,0.3333333333333333,0.9333333333333333,0.06666666666666667,0,288865,2313,8.007200595433854,5.192737091721046e-5,0,1997,1997,1654,343,0,0,0,0,6.9132639814446195,0,NA,-5.192737091721046e-5,0,132,105,95,FALSE,FALSE,FALSE,NA,NA,TRUE,TRUE,TRUE
2023,Ringette,Ringette,Ringette,Sports/disciplines from Specific Code Signatories,15,12,3,15,0,0,0,1,2023_anti_doping_testing_figures_en_0.pdf,wada_testing_2023_sport_totals.csv,0,TRUE,NA,NA,NA,NA,NA,0,0,0,0,0,0,0,0,NA,NA,NA,FALSE,1654,343,1997,TRUE,0,0.8,0.2,1,0,0,288865,2313,8.007200595433854,5.192737091721046e-5,0,1997,1997,1654,343,0,0,0,0,6.9132639814446195,0,NA,-5.192737091721046e-5,0,132,105,95,FALSE,FALSE,FALSE,NA,NA,TRUE,TRUE,TRUE
2023,Heavy Events,Heavy Events,Heavy Events,Sports/disciplines from Specific Code Signatories,14,10,4,14,0,0,0,1,2023_anti_doping_testing_figures_en_0.pdf,wada_testing_2023_sport_totals.csv,0,TRUE,NA,NA,NA,NA,NA,0,0,0,0,0,0,0,0,NA,NA,NA,FALSE,1654,343,1997,TRUE,0,0.7142857142857143,0.2857142857142857,1,0,0,288865,2313,8.007200595433854,4.846554618939643e-5,0,1997,1997,1654,343,0,0,0,0,6.9132639814446195,0,NA,-4.846554618939643e-5,0,134,105,95,FALSE,FALSE,FALSE,NA,NA,TRUE,TRUE,TRUE
2023,Draughts,Draughts,Draughts,AIMS sports,13,13,0,13,0,0,2,1,2023_anti_doping_testing_figures_en_0.pdf,wada_testing_2023_sport_totals.csv,0,TRUE,Draughts,1,Draughts,NA,NA,2,1,0,0,1,0,0,0,0,FALSE,FALSE,TRUE,1654,343,1997,TRUE,153.84615384615387,1,0,1,0,0,288865,2313,8.007200595433854,4.50037214615824e-5,8.646779074794639e-4,1997,1997,1654,343,0,0,0,0,6.9132639814446195,0,0,-4.50037214615824e-5,0,135,65,95,FALSE,FALSE,FALSE,NA,NA,TRUE,TRUE,FALSE
2023,Touch Football,Touch Football,Touch Football,Sports/disciplines from Specific Code Signatories,13,13,0,13,0,0,0,1,2023_anti_doping_testing_figures_en_0.pdf,wada_testing_2023_sport_totals.csv,0,TRUE,NA,NA,NA,NA,NA,0,0,0,0,0,0,0,0,NA,NA,NA,FALSE,1654,343,1997,TRUE,0,1,0,1,0,0,288865,2313,8.007200595433854,4.50037214615824e-5,0,1997,1997,1654,343,0,0,0,0,6.9132639814446195,0,NA,-4.50037214615824e-5,0,135,105,95,FALSE,FALSE,FALSE,NA,NA,TRUE,TRUE,TRUE
2023,Kudo,Kudo,Kudo,Other sports/disciplines from Code Signatories,11,8,3,11,0,0,0,1,2023_anti_doping_testing_figures_en_0.pdf,wada_testing_2023_sport_totals.csv,0,TRUE,NA,NA,NA,NA,NA,0,0,0,0,0,0,0,0,NA,NA,NA,FALSE,1654,343,1997,TRUE,0,0.7272727272727273,0.2727272727272727,1,0,0,288865,2313,8.007200595433854,3.808007200595434e-5,0,1997,1997,1654,343,0,0,0,0,6.9132639814446195,0,NA,-3.808007200595434e-5,0,137,105,95,FALSE,FALSE,FALSE,NA,NA,TRUE,TRUE,TRUE
2023,Practical Shooting,Practical Shooting,Practical Shooting,AIMS sports,11,11,0,11,0,0,0,1,2023_anti_doping_testing_figures_en_0.pdf,wada_testing_2023_sport_totals.csv,0,TRUE,NA,NA,NA,NA,NA,0,0,0,0,0,0,0,0,NA,NA,NA,FALSE,1654,343,1997,TRUE,0,1,0,1,0,0,288865,2313,8.007200595433854,3.808007200595434e-5,0,1997,1997,1654,343,0,0,0,0,6.9132639814446195,0,NA,-3.808007200595434e-5,0,137,105,95,FALSE,FALSE,FALSE,NA,NA,TRUE,TRUE,TRUE
2023,Strongman,Strongman,Strongest Man,Sports/disciplines from Specific Code Signatories,11,6,5,11,0,0,0,1,2023_anti_doping_testing_figures_en_0.pdf,wada_testing_2023_sport_totals.csv,0,TRUE,NA,NA,NA,NA,NA,0,0,0,0,0,0,0,0,NA,NA,NA,FALSE,1654,343,1997,TRUE,0,0.5454545454545454,0.45454545454545453,1,0,0,288865,2313,8.007200595433854,3.808007200595434e-5,0,1997,1997,1654,343,0,0,0,0,6.9132639814446195,0,NA,-3.808007200595434e-5,0,137,105,95,FALSE,FALSE,FALSE,NA,NA,TRUE,TRUE,TRUE
2023,Kempo,Kempo,Kempo,Sports/disciplines from Specific Code Signatories,10,10,0,10,0,0,0,1,2023_anti_doping_testing_figures_en_0.pdf,wada_testing_2023_sport_totals.csv,0,TRUE,NA,NA,NA,NA,NA,0,0,0,0,0,0,0,0,NA,NA,NA,FALSE,1654,343,1997,TRUE,0,1,0,1,0,0,288865,2313,8.007200595433854,3.4618247278140306e-5,0,1997,1997,1654,343,0,0,0,0,6.9132639814446195,0,NA,-3.4618247278140306e-5,0,140,105,95,FALSE,FALSE,FALSE,NA,NA,TRUE,TRUE,TRUE
2023,Chin-up,Chin-up,Chin-up,Sports/disciplines from Specific Code Signatories,9,7,2,9,0,0,0,1,2023_anti_doping_testing_figures_en_0.pdf,wada_testing_2023_sport_totals.csv,0,TRUE,NA,NA,NA,NA,NA,0,0,0,0,0,0,0,0,NA,NA,NA,FALSE,1654,343,1997,TRUE,0,0.7777777777777778,0.2222222222222222,1,0,0,288865,2313,8.007200595433854,3.1156422550326276e-5,0,1997,1997,1654,343,0,0,0,0,6.9132639814446195,0,NA,-3.1156422550326276e-5,0,141,105,95,FALSE,FALSE,FALSE,NA,NA,TRUE,TRUE,TRUE
2023,Broomball,Broomball,Broomball,Sports/disciplines from Specific Code Signatories,8,8,0,8,0,0,1,1,2023_anti_doping_testing_figures_en_0.pdf,wada_testing_2023_sport_totals.csv,0,TRUE,Broomball,1,Broomball,NA,NA,1,1,0,0,0,0,0,0,0,FALSE,FALSE,TRUE,1654,343,1997,TRUE,125,1,0,1,0,0,288865,2313,8.007200595433854,2.7694597822512247e-5,4.3233895373973193e-4,1997,1997,1654,343,0,0,0,0,6.9132639814446195,0,0,-2.7694597822512247e-5,0,142,81,95,FALSE,FALSE,FALSE,NA,NA,TRUE,TRUE,FALSE
2023,Jump Rope,Jump Rope,Jump Rope,Other sports/disciplines from Code Signatories,8,8,0,8,0,0,0,1,2023_anti_doping_testing_figures_en_0.pdf,wada_testing_2023_sport_totals.csv,0,TRUE,NA,NA,NA,NA,NA,0,0,0,0,0,0,0,0,NA,NA,NA,FALSE,1654,343,1997,TRUE,0,1,0,1,0,0,288865,2313,8.007200595433854,2.7694597822512247e-5,0,1997,1997,1654,343,0,0,0,0,6.9132639814446195,0,NA,-2.7694597822512247e-5,0,142,105,95,FALSE,FALSE,FALSE,NA,NA,TRUE,TRUE,TRUE
2023,Polo,Polo,Polo,ARISF recognized sports,8,8,0,8,0,0,0,1,2023_anti_doping_testing_figures_en_0.pdf,wada_testing_2023_sport_totals.csv,0,TRUE,NA,NA,NA,NA,NA,0,0,0,0,0,0,0,0,NA,NA,NA,FALSE,1654,343,1997,TRUE,0,1,0,1,0,0,288865,2313,8.007200595433854,2.7694597822512247e-5,0,1997,1997,1654,343,0,0,0,0,6.9132639814446195,0,NA,-2.7694597822512247e-5,0,142,105,95,FALSE,FALSE,FALSE,NA,NA,TRUE,TRUE,TRUE
2023,Inline Skater Hockey,Inline Skater Hockey,Inline Skater Hockey,Sports/disciplines from Specific Code Signatories,7,7,0,7,0,0,0,1,2023_anti_doping_testing_figures_en_0.pdf,wada_testing_2023_sport_totals.csv,0,TRUE,NA,NA,NA,NA,NA,0,0,0,0,0,0,0,0,NA,NA,NA,FALSE,1654,343,1997,TRUE,0,1,0,1,0,0,288865,2313,8.007200595433854,2.4232773094698215e-5,0,1997,1997,1654,343,0,0,0,0,6.9132639814446195,0,NA,-2.4232773094698215e-5,0,145,105,95,FALSE,FALSE,FALSE,NA,NA,TRUE,TRUE,TRUE
2023,Camel Racing,Camel Racing,Camel Racing,Sports/disciplines from Specific Code Signatories,6,6,0,6,0,0,0,1,2023_anti_doping_testing_figures_en_0.pdf,wada_testing_2023_sport_totals.csv,0,TRUE,NA,NA,NA,NA,NA,0,0,0,0,0,0,0,0,NA,NA,NA,FALSE,1654,343,1997,TRUE,0,1,0,1,0,0,288865,2313,8.007200595433854,2.0770948366884185e-5,0,1997,1997,1654,343,0,0,0,0,6.9132639814446195,0,NA,-2.0770948366884185e-5,0,146,105,95,FALSE,FALSE,FALSE,NA,NA,TRUE,TRUE,TRUE
2023,Highland Games,Highland Games,Highland Games,Sports/disciplines from Specific Code Signatories,6,6,0,6,0,0,0,1,2023_anti_doping_testing_figures_en_0.pdf,wada_testing_2023_sport_totals.csv,0,TRUE,NA,NA,NA,NA,NA,0,0,0,0,0,0,0,0,NA,NA,NA,FALSE,1654,343,1997,TRUE,0,1,0,1,0,0,288865,2313,8.007200595433854,2.0770948366884185e-5,0,1997,1997,1654,343,0,0,0,0,6.9132639814446195,0,NA,-2.0770948366884185e-5,0,146,105,95,FALSE,FALSE,FALSE,NA,NA,TRUE,TRUE,TRUE
2023,Longue Paume,Longue Paume,Longue Paume,Sports/disciplines from Specific Code Signatories,6,6,0,6,0,0,0,1,2023_anti_doping_testing_figures_en_0.pdf,wada_testing_2023_sport_totals.csv,0,TRUE,NA,NA,NA,NA,NA,0,0,0,0,0,0,0,0,NA,NA,NA,FALSE,1654,343,1997,TRUE,0,1,0,1,0,0,288865,2313,8.007200595433854,2.0770948366884185e-5,0,1997,1997,1654,343,0,0,0,0,6.9132639814446195,0,NA,-2.0770948366884185e-5,0,146,105,95,FALSE,FALSE,FALSE,NA,NA,TRUE,TRUE,TRUE
2023,Aesthetic Group Gymnastics,Aesthetic Group Gymnastics,Aesthetic Group Gymnastics,Sports/disciplines from Specific Code Signatories,5,5,0,5,0,0,0,1,2023_anti_doping_testing_figures_en_0.pdf,wada_testing_2023_sport_totals.csv,0,TRUE,NA,NA,NA,NA,NA,0,0,0,0,0,0,0,0,NA,NA,NA,FALSE,1654,343,1997,TRUE,0,1,0,1,0,0,288865,2313,8.007200595433854,1.7309123639070153e-5,0,1997,1997,1654,343,0,0,0,0,6.9132639814446195,0,NA,-1.7309123639070153e-5,0,149,105,95,FALSE,FALSE,FALSE,NA,NA,TRUE,TRUE,TRUE
2023,Aikido,Aikido,Aikido,AIMS sports,4,4,0,4,0,0,0,1,2023_anti_doping_testing_figures_en_0.pdf,wada_testing_2023_sport_totals.csv,0,TRUE,NA,NA,NA,NA,NA,0,0,0,0,0,0,0,0,NA,NA,NA,FALSE,1654,343,1997,TRUE,0,1,0,1,0,0,288865,2313,8.007200595433854,1.3847298911256124e-5,0,1997,1997,1654,343,0,0,0,0,6.9132639814446195,0,NA,-1.3847298911256124e-5,0,150,105,95,FALSE,FALSE,FALSE,NA,NA,TRUE,TRUE,TRUE
2023,Casting,Casting,Casting,AIMS sports,4,4,0,4,0,0,0,1,2023_anti_doping_testing_figures_en_0.pdf,wada_testing_2023_sport_totals.csv,0,TRUE,NA,NA,NA,NA,NA,0,0,0,0,0,0,0,0,NA,NA,NA,FALSE,1654,343,1997,TRUE,0,1,0,1,0,0,288865,2313,8.007200595433854,1.3847298911256124e-5,0,1997,1997,1654,343,0,0,0,0,6.9132639814446195,0,NA,-1.3847298911256124e-5,0,150,105,95,FALSE,FALSE,FALSE,NA,NA,TRUE,TRUE,TRUE
2023,Ultra Triathlon,Ultra Triathlon,Ultra Triathlon,Sports/disciplines from Specific Code Signatories,3,3,0,3,0,0,1,1,2023_anti_doping_testing_figures_en_0.pdf,wada_testing_2023_sport_totals.csv,0,TRUE,Ultra Triathlon,1,Ultra Triathlon,NA,NA,1,0,0,0,1,0,0,0,0,FALSE,FALSE,TRUE,1654,343,1997,TRUE,333.3333333333333,1,0,1,0,0,288865,2313,8.007200595433854,1.0385474183442093e-5,4.3233895373973193e-4,1997,1997,1654,343,0,0,0,0,6.9132639814446195,0,0,-1.0385474183442093e-5,0,152,81,95,FALSE,FALSE,FALSE,NA,NA,TRUE,TRUE,FALSE
2023,Showdown,Showdown,Showdown,Sports for Athletes with an Impairment,2,2,0,2,0,0,0,1,2023_anti_doping_testing_figures_en_0.pdf,wada_testing_2023_sport_totals.csv,0,TRUE,NA,NA,NA,NA,NA,0,0,0,0,0,0,0,0,NA,NA,NA,FALSE,1654,343,1997,TRUE,0,1,0,1,0,0,288865,2313,8.007200595433854,6.923649455628062e-6,0,1997,1997,1654,343,0,0,0,0,6.9132639814446195,0,NA,-6.923649455628062e-6,0,153,105,95,FALSE,FALSE,FALSE,NA,NA,TRUE,TRUE,TRUE
2023,Shuttlecock,Shuttlecock,Shuttlecock,Sports/disciplines from Specific Code Signatories,2,2,0,2,0,0,0,1,2023_anti_doping_testing_figures_en_0.pdf,wada_testing_2023_sport_totals.csv,0,TRUE,NA,NA,NA,NA,NA,0,0,0,0,0,0,0,0,NA,NA,NA,FALSE,1654,343,1997,TRUE,0,1,0,1,0,0,288865,2313,8.007200595433854,6.923649455628062e-6,0,1997,1997,1654,343,0,0,0,0,6.9132639814446195,0,NA,-6.923649455628062e-6,0,153,105,95,FALSE,FALSE,FALSE,NA,NA,TRUE,TRUE,TRUE
2023,Vovinam,Vovinam,Vovinam,Sports/disciplines from Specific Code Signatories,1,0,1,1,0,0,0,1,2023_anti_doping_testing_figures_en_0.pdf,wada_testing_2023_sport_totals.csv,0,TRUE,NA,NA,NA,NA,NA,0,0,0,0,0,0,0,0,NA,NA,NA,FALSE,1654,343,1997,TRUE,0,0,1,1,0,0,288865,2313,8.007200595433854,3.461824727814031e-6,0,1997,1997,1654,343,0,0,0,0,6.9132639814446195,0,NA,-3.461824727814031e-6,0,155,105,95,FALSE,FALSE,FALSE,NA,NA,TRUE,TRUE,TRUE
2024,Athletics,Athletics,Athletics,ASOIF Summer Olympic sports | Military sports/disciplines from Code Signatories | Sports for Athletes with an Impairment | Sports/disciplines from Specific Code Signatories | University sports/disciplines from Code Signatories,44336,18765,25571,38943,4835,558,323,5,NA,wada_testing_2024_sport_totals.csv,0,TRUE,NA,NA,NA,NA,NA,NA,NA,NA,NA,NA,NA,NA,NA,NA,NA,NA,FALSE,NA,NA,NA,FALSE,7.285276073619632,0.4232452183327319,0.5767547816672681,0.8783607001082642,0.10905359076145796,0.012585709130277878,297965,2310,7.752588391254006,0.14879599953014616,0.13982683982683983,NA,NA,NA,NA,NA,NA,NA,NA,NA,NA,NA,NA,NA,1,1,NA,TRUE,TRUE,TRUE,NA,68,TRUE,FALSE,FALSE
2024,Football,Football,Football,ASOIF Summer Olympic sports | Sports for Athletes with an Impairment | Sports/disciplines from Specific Code Signatories | University sports/disciplines from Code Signatories,37338,21497,15841,35155,1918,265,93,4,NA,wada_testing_2024_sport_totals.csv,0,TRUE,NA,NA,NA,NA,NA,NA,NA,NA,NA,NA,NA,NA,NA,NA,NA,NA,FALSE,NA,NA,NA,FALSE,2.4907600835609833,0.5757405324334458,0.4242594675665542,0.9415340939525416,0.051368578927634044,0.007097327119824308,297965,2310,7.752588391254006,0.1253100196331784,0.04025974025974026,NA,NA,NA,NA,NA,NA,NA,NA,NA,NA,NA,NA,NA,2,7,NA,TRUE,TRUE,TRUE,NA,93,TRUE,FALSE,FALSE
2024,Cycling,Cycling,Cycling,ASOIF Summer Olympic sports | Military sports/disciplines from Code Signatories | Sports for Athletes with an Impairment | University sports/disciplines from Code Signatories,27680,12421,15259,23759,3536,385,228,4,NA,wada_testing_2024_sport_totals.csv,0,TRUE,NA,NA,NA,NA,NA,NA,NA,NA,NA,NA,NA,NA,NA,NA,NA,NA,FALSE,NA,NA,NA,FALSE,8.236994219653178,0.448735549132948,0.551264450867052,0.8583453757225433,0.12774566473988438,0.013908959537572254,297965,2310,7.752588391254006,0.09289681674022117,0.0987012987012987,NA,NA,NA,NA,NA,NA,NA,NA,NA,NA,NA,NA,NA,3,2,NA,TRUE,TRUE,TRUE,NA,63,TRUE,FALSE,FALSE
2024,Aquatics,Aquatics,Aquatics,ASOIF Summer Olympic sports | Military sports/disciplines from Code Signatories | Sports for Athletes with an Impairment | University sports/disciplines from Code Signatories,17553,6710,10843,15689,1531,333,48,4,NA,wada_testing_2024_sport_totals.csv,0,TRUE,NA,NA,NA,NA,NA,NA,NA,NA,NA,NA,NA,NA,NA,NA,NA,NA,FALSE,NA,NA,NA,FALSE,2.73457528627585,0.3822708368939782,0.6177291631060218,0.8938073263829545,0.0872215575685068,0.01897111604853871,297965,2310,7.752588391254006,0.05890960347691843,0.02077922077922078,NA,NA,NA,NA,NA,NA,NA,NA,NA,NA,NA,NA,NA,4,13,NA,TRUE,TRUE,TRUE,NA,91,TRUE,FALSE,FALSE
2024,Weightlifting,Weightlifting,Weightlifting,ASOIF Summer Olympic sports | University sports/disciplines from Code Signatories,13377,5748,7629,11182,2001,194,156,2,NA,wada_testing_2024_sport_totals.csv,0,TRUE,NA,NA,NA,NA,NA,NA,NA,NA,NA,NA,NA,NA,NA,NA,NA,NA,FALSE,NA,NA,NA,FALSE,11.661807580174926,0.42969275622336844,0.5703072437766316,0.8359123869327951,0.14958510876878223,0.014502504298422666,297965,2310,7.752588391254006,0.04489453459298911,0.06753246753246753,NA,NA,NA,NA,NA,NA,NA,NA,NA,NA,NA,NA,NA,5,4,NA,TRUE,TRUE,TRUE,NA,50,TRUE,FALSE,FALSE
2024,Rugby Union,Rugby Union,Rugby Union,ASOIF Summer Olympic sports,9583,4152,5431,8530,778,275,62,1,NA,wada_testing_2024_sport_totals.csv,0,TRUE,NA,NA,NA,NA,NA,NA,NA,NA,NA,NA,NA,NA,NA,NA,NA,NA,FALSE,NA,NA,NA,FALSE,6.469790253574037,0.4332672440780549,0.5667327559219452,0.8901179171449441,0.08118543253678388,0.02869665031827194,297965,2310,7.752588391254006,0.032161495477656774,0.02683982683982684,NA,NA,NA,NA,NA,NA,NA,NA,NA,NA,NA,NA,NA,6,10,NA,TRUE,TRUE,TRUE,NA,70,TRUE,FALSE,FALSE
2024,Tennis,Tennis,Tennis,ASOIF Summer Olympic sports | Sports for Athletes with an Impairment | University sports/disciplines from Code Signatories,9386,6006,3380,8145,1119,122,29,3,NA,wada_testing_2024_sport_totals.csv,0,TRUE,NA,NA,NA,NA,NA,NA,NA,NA,NA,NA,NA,NA,NA,NA,NA,NA,FALSE,NA,NA,NA,FALSE,3.0897080758576605,0.6398891966759003,0.3601108033240997,0.8677818026848497,0.11922011506499042,0.012998082250159812,297965,2310,7.752588391254006,0.031500344000134246,0.012554112554112554,NA,NA,NA,NA,NA,NA,NA,NA,NA,NA,NA,NA,NA,7,20,NA,TRUE,TRUE,TRUE,NA,87,TRUE,FALSE,FALSE
2024,Skiing,Skiing,Skiing,Sports for Athletes with an Impairment | University sports/disciplines from Code Signatories | WOF Winter Olympic sports,8275,2494,5781,7166,991,118,20,3,NA,wada_testing_2024_sport_totals.csv,0,TRUE,NA,NA,NA,NA,NA,NA,NA,NA,NA,NA,NA,NA,NA,NA,NA,NA,FALSE,NA,NA,NA,FALSE,2.416918429003021,0.30138972809667675,0.6986102719033233,0.8659818731117824,0.1197583081570997,0.014259818731117825,297965,2310,7.752588391254006,0.02777171815481684,0.008658008658008658,NA,NA,NA,NA,NA,NA,NA,NA,NA,NA,NA,NA,NA,8,25,NA,TRUE,TRUE,TRUE,NA,94,TRUE,FALSE,FALSE
2024,Wrestling,Wrestling,Wrestling,ASOIF Summer Olympic sports | Military sports/disciplines from Code Signatories | Sports for Athletes with an Impairment | Sports/disciplines from Specific Code Signatories | University sports/disciplines from Code Signatories,7710,3352,4358,6995,578,137,100,5,NA,wada_testing_2024_sport_totals.csv,0,TRUE,NA,NA,NA,NA,NA,NA,NA,NA,NA,NA,NA,NA,NA,NA,NA,NA,FALSE,NA,NA,NA,FALSE,12.970168612191959,0.43476005188067446,0.5652399481193255,0.9072632944228275,0.07496757457846952,0.017769130998702982,297965,2310,7.752588391254006,0.025875522292886748,0.04329004329004329,NA,NA,NA,NA,NA,NA,NA,NA,NA,NA,NA,NA,NA,9,6,NA,TRUE,TRUE,TRUE,NA,46,TRUE,FALSE,FALSE
2024,Basketball,Basketball,Basketball,ASOIF Summer Olympic sports | Military sports/disciplines from Code Signatories | Sports for Athletes with an Impairment | University sports/disciplines from Code Signatories,6922,3729,3193,6560,212,150,61,4,NA,wada_testing_2024_sport_totals.csv,0,TRUE,NA,NA,NA,NA,NA,NA,NA,NA,NA,NA,NA,NA,NA,NA,NA,NA,FALSE,NA,NA,NA,FALSE,8.812481941635365,0.5387171337763652,0.4612828662236348,0.9477029760184917,0.030626986420109796,0.02167003756139844,297965,2310,7.752588391254006,0.02323091638279664,0.026406926406926406,NA,NA,NA,NA,NA,NA,NA,NA,NA,NA,NA,NA,NA,10,11,NA,TRUE,TRUE,TRUE,NA,59,TRUE,FALSE,FALSE
2024,Rowing,Rowing,Rowing,ASOIF Summer Olympic sports | Sports for Athletes with an Impairment,6681,1658,5023,5744,817,120,14,2,NA,wada_testing_2024_sport_totals.csv,0,TRUE,NA,NA,NA,NA,NA,NA,NA,NA,NA,NA,NA,NA,NA,NA,NA,NA,FALSE,NA,NA,NA,FALSE,2.095494686424188,0.24816644214937883,0.7518335578506211,0.8597515342014669,0.12228708277204012,0.01796138302649304,297965,2310,7.752588391254006,0.02242209655496451,0.006060606060606061,NA,NA,NA,NA,NA,NA,NA,NA,NA,NA,NA,NA,NA,11,31,NA,TRUE,TRUE,TRUE,NA,96,TRUE,FALSE,FALSE
2024,Canoe / Kayak,Canoe / Kayak,Canoe,ASOIF Summer Olympic sports | Sports for Athletes with an Impairment | University sports/disciplines from Code Signatories,6107,2227,3880,5473,552,82,39,3,NA,wada_testing_2024_sport_totals.csv,0,TRUE,NA,NA,NA,NA,NA,NA,NA,NA,NA,NA,NA,NA,NA,NA,NA,NA,FALSE,NA,NA,NA,FALSE,6.38611429507123,0.36466350090060584,0.6353364990993942,0.8961847060749959,0.09038807925331586,0.013427214671688227,297965,2310,7.752588391254006,0.020495695803198363,0.016883116883116882,NA,NA,NA,NA,NA,NA,NA,NA,NA,NA,NA,NA,NA,12,16,NA,TRUE,TRUE,TRUE,NA,72,TRUE,FALSE,FALSE
2024,Judo,Judo,Judo,ASOIF Summer Olympic sports | Military sports/disciplines from Code Signatories | Sports for Athletes with an Impairment,6013,2248,3765,5458,452,103,51,3,NA,wada_testing_2024_sport_totals.csv,0,TRUE,NA,NA,NA,NA,NA,NA,NA,NA,NA,NA,NA,NA,NA,NA,NA,NA,FALSE,NA,NA,NA,FALSE,8.48162314984201,0.37385664393813406,0.626143356061866,0.9076999833693664,0.0751704639946782,0.01712955263595543,297965,2310,7.752588391254006,0.020180222509355125,0.02207792207792208,NA,NA,NA,NA,NA,NA,NA,NA,NA,NA,NA,NA,NA,13,12,NA,TRUE,TRUE,TRUE,NA,60,TRUE,FALSE,FALSE
2024,Boxing,Boxing,Boxing,Other sports/disciplines from Code Signatories | Sports/disciplines from Specific Code Signatories | University sports/disciplines from Code Signatories,5943,2129,3814,5321,483,139,89,3,NA,wada_testing_2024_sport_totals.csv,0,TRUE,NA,NA,NA,NA,NA,NA,NA,NA,NA,NA,NA,NA,NA,NA,NA,NA,FALSE,NA,NA,NA,FALSE,14.97560154803971,0.35823658085142185,0.6417634191485782,0.8953390543496551,0.0812720848056537,0.023388860844691235,297965,2310,7.752588391254006,0.019945295588408036,0.03852813852813853,NA,NA,NA,NA,NA,NA,NA,NA,NA,NA,NA,NA,NA,14,8,NA,TRUE,TRUE,TRUE,NA,42,TRUE,FALSE,FALSE
2024,Triathlon,Triathlon,Triathlon,ASOIF Summer Olympic sports | Military sports/disciplines from Code Signatories | Other sports/disciplines from Code Signatories | Sports for Athletes with an Impairment,5877,2701,3176,4963,798,116,18,4,NA,wada_testing_2024_sport_totals.csv,0,TRUE,NA,NA,NA,NA,NA,NA,NA,NA,NA,NA,NA,NA,NA,NA,NA,NA,FALSE,NA,NA,NA,FALSE,3.0627871362940278,0.45958822528500937,0.5404117747149907,0.8444784754126254,0.13578356304236855,0.019737961545005955,297965,2310,7.752588391254006,0.019723793062943633,0.007792207792207792,NA,NA,NA,NA,NA,NA,NA,NA,NA,NA,NA,NA,NA,15,27,NA,TRUE,TRUE,TRUE,NA,89,TRUE,FALSE,FALSE
2024,Para-Athletics,Para-Athletics,Para-Athletics,Paralympic sports/discipline,5086,1926,3160,4652,382,52,66,1,NA,wada_testing_2024_sport_totals.csv,0,TRUE,NA,NA,NA,NA,NA,NA,NA,NA,NA,NA,NA,NA,NA,NA,NA,NA,FALSE,NA,NA,NA,FALSE,12.976799056232796,0.3786865906409752,0.6213134093590248,0.9146677152968934,0.07510813999213527,0.010224144710971293,297965,2310,7.752588391254006,0.017069118856241506,0.02857142857142857,NA,NA,NA,NA,NA,NA,NA,NA,NA,NA,NA,NA,NA,16,9,NA,TRUE,TRUE,TRUE,NA,45,TRUE,FALSE,FALSE
2024,Handball,Handball,Handball,ASOIF Summer Olympic sports | Sports for Athletes with an Impairment | University sports/disciplines from Code Signatories,5061,2588,2473,4785,176,100,41,3,NA,wada_testing_2024_sport_totals.csv,0,TRUE,NA,NA,NA,NA,NA,NA,NA,NA,NA,NA,NA,NA,NA,NA,NA,NA,FALSE,NA,NA,NA,FALSE,8.101165777514327,0.5113613910294408,0.48863860897055916,0.945465323058684,0.0347757360205493,0.019758940920766646,297965,2310,7.752588391254006,0.016985216384474686,0.01774891774891775,NA,NA,NA,NA,NA,NA,NA,NA,NA,NA,NA,NA,NA,17,15,NA,TRUE,TRUE,TRUE,NA,66,TRUE,FALSE,FALSE
2024,Skating,Skating,Skating,Military sports/disciplines from Code Signatories | University sports/disciplines from Code Signatories | WOF Winter Olympic sports,4951,1954,2997,4331,515,105,13,3,NA,wada_testing_2024_sport_totals.csv,0,TRUE,NA,NA,NA,NA,NA,NA,NA,NA,NA,NA,NA,NA,NA,NA,NA,NA,FALSE,NA,NA,NA,FALSE,2.6257321753181175,0.3946677438901232,0.6053322561098768,0.874772773177136,0.10401939002221773,0.021207836800646335,297965,2310,7.752588391254006,0.016616045508700685,0.005627705627705628,NA,NA,NA,NA,NA,NA,NA,NA,NA,NA,NA,NA,NA,18,33,NA,TRUE,TRUE,TRUE,NA,92,TRUE,FALSE,FALSE
2024,Volleyball,Volleyball,Volleyball,ASOIF Summer Olympic sports | Military sports/disciplines from Code Signatories | Sports for Athletes with an Impairment | University sports/disciplines from Code Signatories,4926,2450,2476,4673,141,112,32,4,NA,wada_testing_2024_sport_totals.csv,0,TRUE,NA,NA,NA,NA,NA,NA,NA,NA,NA,NA,NA,NA,NA,NA,NA,NA,FALSE,NA,NA,NA,FALSE,6.496142915144133,0.4973609419407227,0.5026390580592773,0.9486398700771417,0.028623629719853837,0.022736500203004467,297965,2310,7.752588391254006,0.01653214303693387,0.013852813852813853,NA,NA,NA,NA,NA,NA,NA,NA,NA,NA,NA,NA,NA,19,18,NA,TRUE,TRUE,TRUE,NA,69,TRUE,FALSE,FALSE
2024,Gymnastics,Gymnastics,Gymnastics,ASOIF Summer Olympic sports,4190,1615,2575,3769,302,119,6,1,NA,wada_testing_2024_sport_totals.csv,0,TRUE,NA,NA,NA,NA,NA,NA,NA,NA,NA,NA,NA,NA,NA,NA,NA,NA,FALSE,NA,NA,NA,FALSE,1.431980906921241,0.3854415274463007,0.6145584725536993,0.8995226730310263,0.0720763723150358,0.028400954653937948,297965,2310,7.752588391254006,0.014062054268118738,0.0025974025974025974,NA,NA,NA,NA,NA,NA,NA,NA,NA,NA,NA,NA,NA,20,49,NA,TRUE,TRUE,TRUE,NA,99,TRUE,FALSE,FALSE
2024,Ice Hockey,Ice Hockey,Ice Hockey,Sports for Athletes with an Impairment | University sports/disciplines from Code Signatories | WOF Winter Olympic sports,4140,2084,2056,3625,281,234,34,3,NA,wada_testing_2024_sport_totals.csv,0,TRUE,NA,NA,NA,NA,NA,NA,NA,NA,NA,NA,NA,NA,NA,NA,NA,NA,FALSE,NA,NA,NA,FALSE,8.212560386473431,0.5033816425120773,0.4966183574879227,0.8756038647342995,0.0678743961352657,0.05652173913043478,297965,2310,7.752588391254006,0.013894249324585103,0.01471861471861472,NA,NA,NA,NA,NA,NA,NA,NA,NA,NA,NA,NA,NA,21,17,NA,TRUE,TRUE,TRUE,NA,65,TRUE,FALSE,FALSE
2024,Powerlifting,Powerlifting,Powerlifting,AIMS sports | Sports for Athletes with an Impairment,3873,2617,1256,3270,399,204,110,2,NA,wada_testing_2024_sport_totals.csv,0,TRUE,NA,NA,NA,NA,NA,NA,NA,NA,NA,NA,NA,NA,NA,NA,NA,NA,FALSE,NA,NA,NA,FALSE,28.401755744900594,0.6757035889491351,0.324296411050865,0.8443067389620449,0.10302091402013942,0.052672347017815646,297965,2310,7.752588391254006,0.012998170926115483,0.047619047619047616,NA,NA,NA,NA,NA,NA,NA,NA,NA,NA,NA,NA,NA,22,5,NA,TRUE,TRUE,TRUE,NA,26,TRUE,FALSE,FALSE
2024,Badminton,Badminton,Badminton,ASOIF Summer Olympic sports | Sports for Athletes with an Impairment,2963,1141,1822,2508,405,50,7,2,NA,wada_testing_2024_sport_totals.csv,0,TRUE,NA,NA,NA,NA,NA,NA,NA,NA,NA,NA,NA,NA,NA,NA,NA,NA,FALSE,NA,NA,NA,FALSE,2.362470469119136,0.3850826864664192,0.6149173135335808,0.8464394195072562,0.13668579142760715,0.016874789065136685,297965,2310,7.752588391254006,0.0099441209538033,0.0030303030303030303,NA,NA,NA,NA,NA,NA,NA,NA,NA,NA,NA,NA,NA,23,45,NA,TRUE,TRUE,TRUE,NA,95,TRUE,FALSE,FALSE
2024,Taekwondo,Taekwondo,Taekwondo | Taekwondo ITF-Austria,ASOIF Summer Olympic sports | Military sports/disciplines from Code Signatories | Other sports/disciplines from Code Signatories | Sports for Athletes with an Impairment | Other sports/disciplines from Code Signatories,2953,1235,1718,2797,128,28,15,5,NA,wada_testing_2024_sport_totals.csv,0,TRUE,NA,NA,NA,NA,NA,NA,NA,NA,NA,NA,NA,NA,NA,NA,NA,NA,FALSE,NA,NA,NA,FALSE,5.079580088046055,0.4182187605824585,0.5817812394175415,0.9471723670843211,0.04334575008465967,0.009481882831019302,297965,2310,7.752588391254006,0.009910559965096571,0.006493506493506494,NA,NA,NA,NA,NA,NA,NA,NA,NA,NA,NA,NA,NA,24,28,NA,TRUE,TRUE,TRUE,NA,77,TRUE,FALSE,FALSE
2024,Biathlon,Biathlon,Biathlon,Sports for Athletes with an Impairment | WOF Winter Olympic sports,2748,1054,1694,2324,399,25,5,2,NA,wada_testing_2024_sport_totals.csv,0,TRUE,NA,NA,NA,NA,NA,NA,NA,NA,NA,NA,NA,NA,NA,NA,NA,NA,FALSE,NA,NA,NA,FALSE,1.8195050946142648,0.38355167394468703,0.616448326055313,0.8457059679767104,0.14519650655021835,0.009097525473071324,297965,2310,7.752588391254006,0.009222559696608661,0.0021645021645021645,NA,NA,NA,NA,NA,NA,NA,NA,NA,NA,NA,NA,NA,25,53,NA,TRUE,TRUE,TRUE,NA,98,TRUE,FALSE,FALSE
2024,Para-Swimming,Para-Swimming,Para-Swimming,Paralympic sports/discipline,2675,1091,1584,2437,208,30,30,1,NA,wada_testing_2024_sport_totals.csv,0,TRUE,NA,NA,NA,NA,NA,NA,NA,NA,NA,NA,NA,NA,NA,NA,NA,NA,FALSE,NA,NA,NA,FALSE,11.214953271028037,0.40785046728971963,0.5921495327102804,0.9110280373831776,0.0777570093457944,0.011214953271028037,297965,2310,7.752588391254006,0.008977564479049552,0.012987012987012988,NA,NA,NA,NA,NA,NA,NA,NA,NA,NA,NA,NA,NA,26,19,NA,TRUE,TRUE,TRUE,NA,51,TRUE,FALSE,FALSE
2024,Fencing,Fencing,Fencing,ASOIF Summer Olympic sports | Sports for Athletes with an Impairment | University sports/disciplines from Code Signatories,2616,1203,1413,2545,53,18,8,3,NA,wada_testing_2024_sport_totals.csv,0,TRUE,NA,NA,NA,NA,NA,NA,NA,NA,NA,NA,NA,NA,NA,NA,NA,NA,FALSE,NA,NA,NA,FALSE,3.058103975535168,0.4598623853211009,0.5401376146788991,0.9728593272171254,0.020259938837920488,0.006880733944954129,297965,2310,7.752588391254006,0.008779554645679862,0.003463203463203463,NA,NA,NA,NA,NA,NA,NA,NA,NA,NA,NA,NA,NA,27,42,NA,TRUE,TRUE,TRUE,NA,90,TRUE,FALSE,FALSE
2024,Field Hockey,Field Hockey,Field Hockey,ASOIF Summer Olympic sports | Sports for Athletes with an Impairment | University sports/disciplines from Code Signatories,2176,896,1280,1949,97,130,11,3,NA,wada_testing_2024_sport_totals.csv,0,TRUE,NA,NA,NA,NA,NA,NA,NA,NA,NA,NA,NA,NA,NA,NA,NA,NA,FALSE,NA,NA,NA,FALSE,5.05514705882353,0.4117647058823529,0.5882352941176471,0.8956801470588235,0.04457720588235294,0.05974264705882353,297965,2310,7.752588391254006,0.00730287114258386,0.004761904761904762,NA,NA,NA,NA,NA,NA,NA,NA,NA,NA,NA,NA,NA,28,36,NA,TRUE,TRUE,TRUE,NA,78,TRUE,FALSE,FALSE
2024,Shooting,Shooting,Shooting,ASOIF Summer Olympic sports | Sports for Athletes with an Impairment,2061,1082,979,2039,1,21,9,2,NA,wada_testing_2024_sport_totals.csv,0,TRUE,NA,NA,NA,NA,NA,NA,NA,NA,NA,NA,NA,NA,NA,NA,NA,NA,FALSE,NA,NA,NA,FALSE,4.366812227074235,0.5249878699660359,0.4750121300339641,0.9893255701115963,4.8520135856380397e-4,0.010189228529839884,297965,2310,7.752588391254006,0.006916919772456497,0.003896103896103896,NA,NA,NA,NA,NA,NA,NA,NA,NA,NA,NA,NA,NA,29,39,NA,TRUE,TRUE,TRUE,NA,80,TRUE,FALSE,FALSE
2024,Rugby League,Rugby League,Rugby League,Military sports/disciplines from Code Signatories | Other sports/disciplines from Code Signatories,1861,667,1194,1679,174,8,12,2,NA,wada_testing_2024_sport_totals.csv,0,TRUE,NA,NA,NA,NA,NA,NA,NA,NA,NA,NA,NA,NA,NA,NA,NA,NA,FALSE,NA,NA,NA,FALSE,6.448146157979581,0.3584094572810317,0.6415905427189683,0.9022031166039763,0.09349811929070392,0.004298764105319721,297965,2310,7.752588391254006,0.006245699998321951,0.005194805194805195,NA,NA,NA,NA,NA,NA,NA,NA,NA,NA,NA,NA,NA,30,34,NA,TRUE,TRUE,TRUE,NA,71,TRUE,FALSE,FALSE
2024,Table Tennis,Table Tennis,Table Tennis,ASOIF Summer Olympic sports | Sports for Athletes with an Impairment,1818,647,1171,1705,73,40,8,2,NA,wada_testing_2024_sport_totals.csv,0,TRUE,NA,NA,NA,NA,NA,NA,NA,NA,NA,NA,NA,NA,NA,NA,NA,NA,FALSE,NA,NA,NA,FALSE,4.4004400440044,0.3558855885588559,0.6441144114411441,0.9378437843784379,0.040154015401540157,0.022002200220022004,297965,2310,7.752588391254006,0.006101387746883023,0.003463203463203463,NA,NA,NA,NA,NA,NA,NA,NA,NA,NA,NA,NA,NA,31,42,NA,TRUE,TRUE,TRUE,NA,79,TRUE,FALSE,FALSE
2024,Para-Powerlifting,Para-Powerlifting,Para-Powerlifting,Paralympic sports/discipline,1692,691,1001,1365,263,64,21,1,NA,wada_testing_2024_sport_totals.csv,0,TRUE,NA,NA,NA,NA,NA,NA,NA,NA,NA,NA,NA,NA,NA,NA,NA,NA,FALSE,NA,NA,NA,FALSE,12.411347517730498,0.4083924349881797,0.5916075650118203,0.8067375886524822,0.1554373522458629,0.037825059101654845,297965,2310,7.752588391254006,0.005678519289178259,0.00909090909090909,NA,NA,NA,NA,NA,NA,NA,NA,NA,NA,NA,NA,NA,32,24,NA,TRUE,TRUE,TRUE,NA,49,TRUE,FALSE,FALSE
2024,Cricket,Cricket,Cricket,ARISF recognized sports,1548,650,898,1441,89,18,5,1,NA,wada_testing_2024_sport_totals.csv,0,TRUE,NA,NA,NA,NA,NA,NA,NA,NA,NA,NA,NA,NA,NA,NA,NA,NA,FALSE,NA,NA,NA,FALSE,3.229974160206718,0.4198966408268734,0.5801033591731266,0.9308785529715762,0.05749354005167959,0.011627906976744186,297965,2310,7.752588391254006,0.005195241051801386,0.0021645021645021645,NA,NA,NA,NA,NA,NA,NA,NA,NA,NA,NA,NA,NA,33,53,NA,TRUE,TRUE,TRUE,NA,84,TRUE,FALSE,FALSE
2024,Bobsleigh,Bobsleigh,Bobsleigh,Sports for Athletes with an Impairment | WOF Winter Olympic sports,1447,441,1006,1269,164,14,6,2,NA,wada_testing_2024_sport_totals.csv,0,TRUE,NA,NA,NA,NA,NA,NA,NA,NA,NA,NA,NA,NA,NA,NA,NA,NA,FALSE,NA,NA,NA,FALSE,4.14651002073255,0.3047684865238424,0.6952315134761575,0.8769868693849343,0.11333794056668971,0.009675190048375951,297965,2310,7.752588391254006,0.004856275065863441,0.0025974025974025974,NA,NA,NA,NA,NA,NA,NA,NA,NA,NA,NA,NA,NA,34,49,NA,TRUE,TRUE,TRUE,NA,81,TRUE,FALSE,FALSE
2024,Archery,Archery,Archery,ASOIF Summer Olympic sports | Military sports/disciplines from Code Signatories | Sports for Athletes with an Impairment,1432,669,763,1417,8,7,9,3,NA,wada_testing_2024_sport_totals.csv,0,TRUE,NA,NA,NA,NA,NA,NA,NA,NA,NA,NA,NA,NA,NA,NA,NA,NA,FALSE,NA,NA,NA,FALSE,6.284916201117319,0.46717877094972066,0.5328212290502793,0.9895251396648045,0.00558659217877095,0.004888268156424581,297965,2310,7.752588391254006,0.004805933582803349,0.003896103896103896,NA,NA,NA,NA,NA,NA,NA,NA,NA,NA,NA,NA,NA,35,39,NA,TRUE,TRUE,TRUE,NA,73,TRUE,FALSE,FALSE
2024,Karate,Karate,Karate,ARISF recognized sports | Other sports/disciplines from Code Signatories | Sports for Athletes with an Impairment,1284,688,596,1220,49,15,4,3,NA,wada_testing_2024_sport_totals.csv,0,TRUE,NA,NA,NA,NA,NA,NA,NA,NA,NA,NA,NA,NA,NA,NA,NA,NA,FALSE,NA,NA,NA,FALSE,3.115264797507788,0.5358255451713395,0.46417445482866043,0.9501557632398754,0.0381619937694704,0.011682242990654205,297965,2310,7.752588391254006,0.004309230949943785,0.0017316017316017316,NA,NA,NA,NA,NA,NA,NA,NA,NA,NA,NA,NA,NA,36,58,NA,TRUE,TRUE,TRUE,NA,85,TRUE,FALSE,FALSE
2024,Baseball / Softball,Baseball / Softball,Baseball / Softball,ARISF recognized sports,1269,753,516,1166,52,51,43,1,NA,wada_testing_2024_sport_totals.csv,0,TRUE,NA,NA,NA,NA,NA,NA,NA,NA,NA,NA,NA,NA,NA,NA,NA,NA,FALSE,NA,NA,NA,FALSE,33.8849487785658,0.5933806146572104,0.4066193853427896,0.9188337273443656,0.04097714736012608,0.04018912529550828,297965,2310,7.752588391254006,0.004258889466883694,0.018614718614718615,NA,NA,NA,NA,NA,NA,NA,NA,NA,NA,NA,NA,NA,37,14,NA,TRUE,TRUE,TRUE,NA,21,TRUE,FALSE,FALSE
2024,American Football,American Football,American Football,ARISF recognized sports | University sports/disciplines from Code Signatories,1262,563,699,1143,57,62,29,2,NA,wada_testing_2024_sport_totals.csv,0,TRUE,NA,NA,NA,NA,NA,NA,NA,NA,NA,NA,NA,NA,NA,NA,NA,NA,FALSE,NA,NA,NA,FALSE,22.979397781299525,0.4461172741679873,0.5538827258320127,0.9057052297939778,0.045166402535657686,0.0491283676703645,297965,2310,7.752588391254006,0.004235396774788985,0.012554112554112554,NA,NA,NA,NA,NA,NA,NA,NA,NA,NA,NA,NA,NA,38,20,NA,TRUE,TRUE,TRUE,NA,32,TRUE,FALSE,FALSE
2024,Bodybuilding,Bodybuilding,Bodybuilding,AIMS sports | Sports/disciplines from Specific Code Signatories,1246,709,537,980,137,129,165,2,NA,wada_testing_2024_sport_totals.csv,0,TRUE,NA,NA,NA,NA,NA,NA,NA,NA,NA,NA,NA,NA,NA,NA,NA,NA,FALSE,NA,NA,NA,FALSE,132.42375601926162,0.5690208667736758,0.43097913322632425,0.7865168539325843,0.10995184590690209,0.10353130016051364,297965,2310,7.752588391254006,0.004181699192858221,0.07142857142857142,NA,NA,NA,NA,NA,NA,NA,NA,NA,NA,NA,NA,NA,39,3,NA,TRUE,TRUE,TRUE,NA,6,TRUE,FALSE,FALSE
2024,Sport Climbing,Sport Climbing,Sport Climbing,ASOIF Summer Olympic sports | Military sports/disciplines from Code Signatories | Sports for Athletes with an Impairment | University sports/disciplines from Code Signatories,1161,590,571,1081,66,14,11,4,NA,wada_testing_2024_sport_totals.csv,0,TRUE,NA,NA,NA,NA,NA,NA,NA,NA,NA,NA,NA,NA,NA,NA,NA,NA,FALSE,NA,NA,NA,FALSE,9.474590869939707,0.508182601205857,0.491817398794143,0.9310938845822567,0.056847545219638244,0.012058570198105082,297965,2310,7.752588391254006,0.0038964307888510394,0.004761904761904762,NA,NA,NA,NA,NA,NA,NA,NA,NA,NA,NA,NA,NA,40,36,NA,TRUE,TRUE,TRUE,NA,57,TRUE,FALSE,FALSE
2024,Roller Sports,Roller Sports,Roller,ASOIF Summer Olympic sports,1079,635,444,977,94,8,4,1,NA,wada_testing_2024_sport_totals.csv,0,TRUE,NA,NA,NA,NA,NA,NA,NA,NA,NA,NA,NA,NA,NA,NA,NA,NA,FALSE,NA,NA,NA,FALSE,3.7071362372567194,0.5885078776645042,0.4114921223354958,0.9054680259499537,0.0871177015755329,0.0074142724745134385,297965,2310,7.752588391254006,0.0036212306814558757,0.0017316017316017316,NA,NA,NA,NA,NA,NA,NA,NA,NA,NA,NA,NA,NA,41,58,NA,TRUE,TRUE,TRUE,NA,82,TRUE,FALSE,FALSE
2024,Sailing,Sailing,Sailing,ASOIF Summer Olympic sports | Military sports/disciplines from Code Signatories | Sports for Athletes with an Impairment,1056,292,764,975,33,48,2,3,NA,wada_testing_2024_sport_totals.csv,0,TRUE,NA,NA,NA,NA,NA,NA,NA,NA,NA,NA,NA,NA,NA,NA,NA,NA,FALSE,NA,NA,NA,FALSE,1.893939393939394,0.2765151515151515,0.7234848484848485,0.9232954545454546,0.03125,0.045454545454545456,297965,2310,7.752588391254006,0.003544040407430403,8.658008658008658e-4,NA,NA,NA,NA,NA,NA,NA,NA,NA,NA,NA,NA,NA,42,72,NA,TRUE,TRUE,TRUE,NA,97,TRUE,FALSE,FALSE
2024,Equestrian,Equestrian,Equestrian,ASOIF Summer Olympic sports | Military sports/disciplines from Code Signatories | Sports for Athletes with an Impairment,1049,541,508,1019,18,12,15,3,NA,wada_testing_2024_sport_totals.csv,0,TRUE,NA,NA,NA,NA,NA,NA,NA,NA,NA,NA,NA,NA,NA,NA,NA,NA,FALSE,NA,NA,NA,FALSE,14.299332697807436,0.5157292659675882,0.48427073403241183,0.9714013346043852,0.017159199237368923,0.011439466158245948,297965,2310,7.752588391254006,0.0035205477153356936,0.006493506493506494,NA,NA,NA,NA,NA,NA,NA,NA,NA,NA,NA,NA,NA,43,28,NA,TRUE,TRUE,TRUE,NA,43,TRUE,FALSE,FALSE
2024,Modern Pentathlon,Modern Pentathlon,Modern Pentathlon,ASOIF Summer Olympic sports,862,317,545,814,32,16,0,1,NA,wada_testing_2024_sport_totals.csv,0,TRUE,NA,NA,NA,NA,NA,NA,NA,NA,NA,NA,NA,NA,NA,NA,NA,NA,FALSE,NA,NA,NA,FALSE,0,0.3677494199535963,0.6322505800464037,0.9443155452436195,0.037122969837587005,0.018561484918793503,297965,2310,7.752588391254006,0.0028929572265198934,0,NA,NA,NA,NA,NA,NA,NA,NA,NA,NA,NA,NA,NA,44,100,NA,TRUE,TRUE,FALSE,NA,100,TRUE,FALSE,FALSE
2024,Wushu,Wushu,Wushu,ARISF recognized sports,654,210,444,638,16,0,7,1,NA,wada_testing_2024_sport_totals.csv,0,TRUE,NA,NA,NA,NA,NA,NA,NA,NA,NA,NA,NA,NA,NA,NA,NA,NA,FALSE,NA,NA,NA,FALSE,10.703363914373089,0.3211009174311927,0.6788990825688074,0.9755351681957186,0.024464831804281346,0,297965,2310,7.752588391254006,0.0021948886614199655,0.0030303030303030303,NA,NA,NA,NA,NA,NA,NA,NA,NA,NA,NA,NA,NA,45,45,NA,TRUE,TRUE,FALSE,NA,54,TRUE,FALSE,FALSE
2024,Sambo,Sambo,Sambo,ARISF recognized sports,647,414,233,624,23,0,14,1,NA,wada_testing_2024_sport_totals.csv,0,TRUE,NA,NA,NA,NA,NA,NA,NA,NA,NA,NA,NA,NA,NA,NA,NA,NA,FALSE,NA,NA,NA,FALSE,21.638330757341574,0.6398763523956723,0.3601236476043277,0.964451313755796,0.03554868624420402,0,297965,2310,7.752588391254006,0.0021713959693252564,0.006060606060606061,NA,NA,NA,NA,NA,NA,NA,NA,NA,NA,NA,NA,NA,46,31,NA,TRUE,TRUE,FALSE,NA,33,TRUE,FALSE,FALSE
2024,Luge,Luge,Luge,WOF Winter Olympic sports,646,179,467,567,69,10,2,1,NA,wada_testing_2024_sport_totals.csv,0,TRUE,NA,NA,NA,NA,NA,NA,NA,NA,NA,NA,NA,NA,NA,NA,NA,NA,FALSE,NA,NA,NA,FALSE,3.0959752321981426,0.2770897832817337,0.7229102167182663,0.8777089783281734,0.10681114551083591,0.015479876160990712,297965,2310,7.752588391254006,0.0021680398704545835,8.658008658008658e-4,NA,NA,NA,NA,NA,NA,NA,NA,NA,NA,NA,NA,NA,47,72,NA,TRUE,TRUE,FALSE,NA,86,TRUE,FALSE,FALSE
2024,Curling,Curling,Curling,Sports for Athletes with an Impairment | WOF Winter Olympic sports,594,250,344,578,0,16,5,2,NA,wada_testing_2024_sport_totals.csv,0,TRUE,NA,NA,NA,NA,NA,NA,NA,NA,NA,NA,NA,NA,NA,NA,NA,NA,FALSE,NA,NA,NA,FALSE,8.417508417508417,0.4208754208754209,0.5791245791245792,0.9730639730639731,0,0.026936026936026935,297965,2310,7.752588391254006,0.0019935227291796014,0.0021645021645021645,NA,NA,NA,NA,NA,NA,NA,NA,NA,NA,NA,NA,NA,48,53,NA,TRUE,TRUE,FALSE,NA,61,TRUE,FALSE,FALSE
2024,Kickboxing,Kickboxing,Kickboxing,ARISF recognized sports,580,293,287,557,23,0,20,1,NA,wada_testing_2024_sport_totals.csv,0,TRUE,NA,NA,NA,NA,NA,NA,NA,NA,NA,NA,NA,NA,NA,NA,NA,NA,FALSE,NA,NA,NA,FALSE,34.48275862068965,0.5051724137931034,0.49482758620689654,0.9603448275862069,0.039655172413793106,0,297965,2310,7.752588391254006,0.0019465373449901835,0.008658008658008658,NA,NA,NA,NA,NA,NA,NA,NA,NA,NA,NA,NA,NA,49,25,NA,TRUE,TRUE,FALSE,NA,20,TRUE,FALSE,FALSE
2024,Go,Go,Go,AIMS sports,530,357,173,488,13,29,15,1,NA,wada_testing_2024_sport_totals.csv,0,TRUE,NA,NA,NA,NA,NA,NA,NA,NA,NA,NA,NA,NA,NA,NA,NA,NA,FALSE,NA,NA,NA,FALSE,28.30188679245283,0.6735849056603773,0.3264150943396226,0.9207547169811321,0.024528301886792454,0.05471698113207547,297965,2310,7.752588391254006,0.001778732401456547,0.006493506493506494,NA,NA,NA,NA,NA,NA,NA,NA,NA,NA,NA,NA,NA,50,28,NA,TRUE,TRUE,FALSE,NA,27,TRUE,FALSE,FALSE
2024,Golf,Golf,Golf,ASOIF Summer Olympic sports | Military sports/disciplines from Code Signatories | University sports/disciplines from Code Signatories,510,305,205,494,6,10,3,3,NA,wada_testing_2024_sport_totals.csv,0,TRUE,NA,NA,NA,NA,NA,NA,NA,NA,NA,NA,NA,NA,NA,NA,NA,NA,FALSE,NA,NA,NA,FALSE,5.88235294117647,0.5980392156862745,0.4019607843137255,0.9686274509803922,0.011764705882352941,0.0196078431372549,297965,2310,7.752588391254006,0.0017116104240430922,0.0012987012987012987,NA,NA,NA,NA,NA,NA,NA,NA,NA,NA,NA,NA,NA,51,64,NA,TRUE,TRUE,FALSE,NA,75,TRUE,FALSE,FALSE
2024,Mixed Martial Arts,Mixed Martial Arts,Mixed Martial Arts,Other sports/disciplines from Code Signatories,465,352,113,442,10,13,22,1,NA,wada_testing_2024_sport_totals.csv,0,TRUE,NA,NA,NA,NA,NA,NA,NA,NA,NA,NA,NA,NA,NA,NA,NA,NA,FALSE,NA,NA,NA,FALSE,47.31182795698925,0.7569892473118279,0.24301075268817204,0.9505376344086022,0.021505376344086023,0.02795698924731183,297965,2310,7.752588391254006,0.0015605859748628196,0.009523809523809525,NA,NA,NA,NA,NA,NA,NA,NA,NA,NA,NA,NA,NA,52,23,NA,TRUE,FALSE,FALSE,NA,14,TRUE,FALSE,FALSE
2024,Underwater Sports,Underwater Sports,Underwater,ARISF recognized sports,429,320,109,421,8,0,4,1,NA,wada_testing_2024_sport_totals.csv,0,TRUE,NA,NA,NA,NA,NA,NA,NA,NA,NA,NA,NA,NA,NA,NA,NA,NA,FALSE,NA,NA,NA,FALSE,9.324009324009324,0.745920745920746,0.2540792540792541,0.9813519813519813,0.018648018648018648,0,297965,2310,7.752588391254006,0.0014397664155186012,0.0017316017316017316,NA,NA,NA,NA,NA,NA,NA,NA,NA,NA,NA,NA,NA,53,58,NA,TRUE,FALSE,FALSE,NA,58,TRUE,FALSE,FALSE
2024,Motorcycling,Motorcycling,Motorcycling,ARISF recognized sports,410,373,37,408,2,0,8,1,NA,wada_testing_2024_sport_totals.csv,0,TRUE,NA,NA,NA,NA,NA,NA,NA,NA,NA,NA,NA,NA,NA,NA,NA,NA,FALSE,NA,NA,NA,FALSE,19.51219512195122,0.9097560975609756,0.09024390243902439,0.9951219512195122,0.004878048780487805,0,297965,2310,7.752588391254006,0.0013760005369758193,0.003463203463203463,NA,NA,NA,NA,NA,NA,NA,NA,NA,NA,NA,NA,NA,54,42,NA,TRUE,FALSE,FALSE,NA,34,TRUE,FALSE,FALSE
2024,Squash,Squash,Squash,ARISF recognized sports,391,264,127,378,13,0,3,1,NA,wada_testing_2024_sport_totals.csv,0,TRUE,NA,NA,NA,NA,NA,NA,NA,NA,NA,NA,NA,NA,NA,NA,NA,NA,FALSE,NA,NA,NA,FALSE,7.672634271099745,0.6751918158567775,0.3248081841432225,0.9667519181585678,0.03324808184143223,0,297965,2310,7.752588391254006,0.0013122346584330375,0.0012987012987012987,NA,NA,NA,NA,NA,NA,NA,NA,NA,NA,NA,NA,NA,55,64,NA,TRUE,FALSE,FALSE,NA,67,TRUE,FALSE,FALSE
2024,Ski Mountaineering,Ski Mountaineering,Ski Mountaineering,ARISF recognized sports,378,114,264,349,27,2,0,1,NA,wada_testing_2024_sport_totals.csv,0,TRUE,NA,NA,NA,NA,NA,NA,NA,NA,NA,NA,NA,NA,NA,NA,NA,NA,FALSE,NA,NA,NA,FALSE,0,0.30158730158730157,0.6984126984126984,0.9232804232804233,0.07142857142857142,0.005291005291005291,297965,2310,7.752588391254006,0.001268605373114292,0,NA,NA,NA,NA,NA,NA,NA,NA,NA,NA,NA,NA,NA,56,100,NA,TRUE,FALSE,FALSE,NA,100,TRUE,FALSE,FALSE
2024,DanceSport,DanceSport,DanceSport,ARISF recognized sports,365,221,144,353,6,6,6,1,NA,wada_testing_2024_sport_totals.csv,0,TRUE,NA,NA,NA,NA,NA,NA,NA,NA,NA,NA,NA,NA,NA,NA,NA,NA,FALSE,NA,NA,NA,FALSE,16.43835616438356,0.6054794520547945,0.39452054794520547,0.9671232876712329,0.01643835616438356,0.01643835616438356,297965,2310,7.752588391254006,0.0012249760877955465,0.0025974025974025974,NA,NA,NA,NA,NA,NA,NA,NA,NA,NA,NA,NA,NA,57,49,NA,TRUE,FALSE,FALSE,NA,38,TRUE,FALSE,FALSE
2024,Floorball,Floorball,Floorball,ARISF recognized sports,365,255,110,353,0,12,3,1,NA,wada_testing_2024_sport_totals.csv,0,TRUE,NA,NA,NA,NA,NA,NA,NA,NA,NA,NA,NA,NA,NA,NA,NA,NA,FALSE,NA,NA,NA,FALSE,8.21917808219178,0.6986301369863014,0.3013698630136986,0.9671232876712329,0,0.03287671232876712,297965,2310,7.752588391254006,0.0012249760877955465,0.0012987012987012987,NA,NA,NA,NA,NA,NA,NA,NA,NA,NA,NA,NA,NA,57,64,NA,TRUE,FALSE,FALSE,NA,64,TRUE,FALSE,FALSE
2024,Muaythai,Muaythai,Muaythai,ARISF recognized sports,344,229,115,328,16,0,12,1,NA,wada_testing_2024_sport_totals.csv,0,TRUE,NA,NA,NA,NA,NA,NA,NA,NA,NA,NA,NA,NA,NA,NA,NA,NA,FALSE,NA,NA,NA,FALSE,34.883720930232556,0.6656976744186046,0.33430232558139533,0.9534883720930233,0.046511627906976744,0,297965,2310,7.752588391254006,0.001154498011511419,0.005194805194805195,NA,NA,NA,NA,NA,NA,NA,NA,NA,NA,NA,NA,NA,59,34,NA,TRUE,FALSE,FALSE,NA,19,TRUE,FALSE,FALSE
2024,Surfing,Surfing,Surfing,ASOIF Summer Olympic sports,340,154,186,314,17,9,2,1,NA,wada_testing_2024_sport_totals.csv,0,TRUE,NA,NA,NA,NA,NA,NA,NA,NA,NA,NA,NA,NA,NA,NA,NA,NA,FALSE,NA,NA,NA,FALSE,5.88235294117647,0.45294117647058824,0.5470588235294118,0.9235294117647059,0.05,0.026470588235294117,297965,2310,7.752588391254006,0.0011410736160287283,8.658008658008658e-4,NA,NA,NA,NA,NA,NA,NA,NA,NA,NA,NA,NA,NA,60,72,NA,TRUE,FALSE,FALSE,NA,75,TRUE,FALSE,FALSE
2024,Shooting Para Sport,Shooting Para Sport,Shooting Para Sport,Paralympic sports/discipline,328,154,174,328,0,0,2,1,NA,wada_testing_2024_sport_totals.csv,0,TRUE,NA,NA,NA,NA,NA,NA,NA,NA,NA,NA,NA,NA,NA,NA,NA,NA,FALSE,NA,NA,NA,FALSE,6.097560975609756,0.4695121951219512,0.5304878048780488,1,0,0,297965,2310,7.752588391254006,0.0011008004295806554,8.658008658008658e-4,NA,NA,NA,NA,NA,NA,NA,NA,NA,NA,NA,NA,NA,61,72,NA,TRUE,FALSE,FALSE,NA,74,TRUE,FALSE,FALSE
2024,Orienteering,Orienteering,Orienteering,ARISF recognized sports | Military sports/disciplines from Code Signatories | University sports/disciplines from Code Signatories,325,168,157,306,6,13,1,3,NA,wada_testing_2024_sport_totals.csv,0,TRUE,NA,NA,NA,NA,NA,NA,NA,NA,NA,NA,NA,NA,NA,NA,NA,NA,FALSE,NA,NA,NA,FALSE,3.076923076923077,0.5169230769230769,0.48307692307692307,0.9415384615384615,0.018461538461538463,0.04,297965,2310,7.752588391254006,0.0010907321329686373,4.329004329004329e-4,NA,NA,NA,NA,NA,NA,NA,NA,NA,NA,NA,NA,NA,62,82,NA,TRUE,FALSE,FALSE,NA,88,TRUE,FALSE,FALSE
2024,Australian Rules Football,Australian Rules Football,Australian Rules Football,Other sports/disciplines from Code Signatories,322,167,155,322,0,0,4,1,NA,wada_testing_2024_sport_totals.csv,0,TRUE,NA,NA,NA,NA,NA,NA,NA,NA,NA,NA,NA,NA,NA,NA,NA,NA,FALSE,NA,NA,NA,FALSE,12.422360248447204,0.5186335403726708,0.4813664596273292,1,0,0,297965,2310,7.752588391254006,0.001080663836356619,0.0017316017316017316,NA,NA,NA,NA,NA,NA,NA,NA,NA,NA,NA,NA,NA,63,58,NA,TRUE,FALSE,FALSE,NA,48,TRUE,FALSE,FALSE
2024,Sitting Volleyball,Sitting Volleyball,ParaVolley,Sports for Athletes with an Impairment,309,57,252,307,2,0,1,1,NA,wada_testing_2024_sport_totals.csv,0,TRUE,NA,NA,NA,NA,NA,NA,NA,NA,NA,NA,NA,NA,NA,NA,NA,NA,FALSE,NA,NA,NA,FALSE,3.236245954692557,0.18446601941747573,0.8155339805825242,0.9935275080906149,0.006472491909385114,0,297965,2310,7.752588391254006,0.0010370345510378736,4.329004329004329e-4,NA,NA,NA,NA,NA,NA,NA,NA,NA,NA,NA,NA,NA,64,82,NA,TRUE,FALSE,FALSE,NA,83,TRUE,FALSE,FALSE
2024,Automobile Sports,Automobile Sports,Automobile,ARISF recognized sports,299,246,53,299,0,0,9,1,NA,wada_testing_2024_sport_totals.csv,0,TRUE,NA,NA,NA,NA,NA,NA,NA,NA,NA,NA,NA,NA,NA,NA,NA,NA,FALSE,NA,NA,NA,FALSE,30.100334448160535,0.822742474916388,0.17725752508361203,1,0,0,297965,2310,7.752588391254006,0.0010034735623311462,0.003896103896103896,NA,NA,NA,NA,NA,NA,NA,NA,NA,NA,NA,NA,NA,65,39,NA,TRUE,FALSE,FALSE,NA,25,TRUE,FALSE,FALSE
2024,Life Saving,Life Saving,Life Saving | Lifesaving,ARISF recognized sports | Military sports/disciplines from Code Signatories,282,198,84,260,10,12,0,2,NA,wada_testing_2024_sport_totals.csv,0,TRUE,NA,NA,NA,NA,NA,NA,NA,NA,NA,NA,NA,NA,NA,NA,NA,NA,FALSE,NA,NA,NA,FALSE,0,0.7021276595744681,0.2978723404255319,0.9219858156028369,0.03546099290780142,0.0425531914893617,297965,2310,7.752588391254006,9.464198815297099e-4,0,NA,NA,NA,NA,NA,NA,NA,NA,NA,NA,NA,NA,NA,66,100,NA,TRUE,FALSE,FALSE,NA,100,TRUE,FALSE,FALSE
2024,Arm Wrestling,Arm Wrestling,Arm Wrestling,AIMS sports | Sports for Athletes with an Impairment,272,202,70,265,7,0,24,2,NA,wada_testing_2024_sport_totals.csv,0,TRUE,NA,NA,NA,NA,NA,NA,NA,NA,NA,NA,NA,NA,NA,NA,NA,NA,FALSE,NA,NA,NA,FALSE,88.23529411764706,0.7426470588235294,0.25735294117647056,0.9742647058823529,0.025735294117647058,0,297965,2310,7.752588391254006,9.128588928229825e-4,0.01038961038961039,NA,NA,NA,NA,NA,NA,NA,NA,NA,NA,NA,NA,NA,67,22,NA,TRUE,FALSE,FALSE,NA,8,TRUE,FALSE,FALSE
2024,Kabaddi,Kabaddi,Kabaddi,Sports/disciplines from Specific Code Signatories,251,199,52,237,0,14,10,1,NA,wada_testing_2024_sport_totals.csv,0,TRUE,NA,NA,NA,NA,NA,NA,NA,NA,NA,NA,NA,NA,NA,NA,NA,NA,FALSE,NA,NA,NA,FALSE,39.8406374501992,0.7928286852589641,0.20717131474103587,0.9442231075697212,0,0.055776892430278883,297965,2310,7.752588391254006,8.423808165388552e-4,0.004329004329004329,NA,NA,NA,NA,NA,NA,NA,NA,NA,NA,NA,NA,NA,68,38,NA,TRUE,FALSE,FALSE,NA,18,TRUE,FALSE,FALSE
2024,Rugby,Rugby,Rugby,Sports for Athletes with an Impairment | University sports/disciplines from Code Signatories,241,91,150,223,6,12,6,2,NA,wada_testing_2024_sport_totals.csv,0,TRUE,NA,NA,NA,NA,NA,NA,NA,NA,NA,NA,NA,NA,NA,NA,NA,NA,FALSE,NA,NA,NA,FALSE,24.896265560165972,0.3775933609958506,0.6224066390041494,0.9253112033195021,0.024896265560165973,0.04979253112033195,297965,2310,7.752588391254006,8.088198278321279e-4,0.0025974025974025974,NA,NA,NA,NA,NA,NA,NA,NA,NA,NA,NA,NA,NA,69,49,NA,TRUE,FALSE,FALSE,NA,30,TRUE,FALSE,FALSE
2024,Boccia,Boccia,Boccia,Sports for Athletes with an Impairment,235,84,151,228,0,7,4,1,NA,wada_testing_2024_sport_totals.csv,0,TRUE,NA,NA,NA,NA,NA,NA,NA,NA,NA,NA,NA,NA,NA,NA,NA,NA,FALSE,NA,NA,NA,FALSE,17.02127659574468,0.3574468085106383,0.6425531914893617,0.9702127659574468,0,0.029787234042553193,297965,2310,7.752588391254006,7.886832346080915e-4,0.0017316017316017316,NA,NA,NA,NA,NA,NA,NA,NA,NA,NA,NA,NA,NA,70,58,NA,TRUE,FALSE,FALSE,NA,35,TRUE,FALSE,FALSE
2024,Gaelic Games,Gaelic Games,Gaelic Games,Sports/disciplines from Specific Code Signatories,218,66,152,150,28,40,0,1,NA,wada_testing_2024_sport_totals.csv,0,TRUE,NA,NA,NA,NA,NA,NA,NA,NA,NA,NA,NA,NA,NA,NA,NA,NA,FALSE,NA,NA,NA,FALSE,0,0.30275229357798167,0.6972477064220184,0.6880733944954128,0.12844036697247707,0.1834862385321101,297965,2310,7.752588391254006,7.316295538066552e-4,0,NA,NA,NA,NA,NA,NA,NA,NA,NA,NA,NA,NA,NA,71,100,NA,TRUE,FALSE,FALSE,NA,100,TRUE,FALSE,FALSE
2024,Goalball,Goalball,Goalball,Sports for Athletes with an Impairment,217,98,119,215,2,0,7,1,NA,wada_testing_2024_sport_totals.csv,0,TRUE,NA,NA,NA,NA,NA,NA,NA,NA,NA,NA,NA,NA,NA,NA,NA,NA,FALSE,NA,NA,NA,FALSE,32.25806451612903,0.45161290322580644,0.5483870967741935,0.9907834101382489,0.009216589861751152,0,297965,2310,7.752588391254006,7.282734549359824e-4,0.0030303030303030303,NA,NA,NA,NA,NA,NA,NA,NA,NA,NA,NA,NA,NA,72,45,NA,TRUE,FALSE,FALSE,NA,23,TRUE,FALSE,FALSE
2024,Netball,Netball,Netball,ARISF recognized sports,191,104,87,165,3,23,2,1,NA,wada_testing_2024_sport_totals.csv,0,TRUE,NA,NA,NA,NA,NA,NA,NA,NA,NA,NA,NA,NA,NA,NA,NA,NA,FALSE,NA,NA,NA,FALSE,10.471204188481677,0.5445026178010471,0.45549738219895286,0.8638743455497382,0.015706806282722512,0.12041884816753927,297965,2310,7.752588391254006,6.410148842984914e-4,8.658008658008658e-4,NA,NA,NA,NA,NA,NA,NA,NA,NA,NA,NA,NA,NA,73,72,NA,TRUE,FALSE,FALSE,NA,55,TRUE,FALSE,FALSE
2024,Blind Football,Blind Football,Blind Football,Sports for Athletes with an Impairment,188,65,123,183,5,0,3,1,NA,wada_testing_2024_sport_totals.csv,0,TRUE,NA,NA,NA,NA,NA,NA,NA,NA,NA,NA,NA,NA,NA,NA,NA,NA,FALSE,NA,NA,NA,FALSE,15.957446808510637,0.34574468085106386,0.6542553191489362,0.973404255319149,0.026595744680851064,0,297965,2310,7.752588391254006,6.309465876864732e-4,0.0012987012987012987,NA,NA,NA,NA,NA,NA,NA,NA,NA,NA,NA,NA,NA,74,64,NA,TRUE,FALSE,FALSE,NA,40,TRUE,FALSE,FALSE
2024,Cheer,Cheer,Cheer | Cheerleading,ARISF recognized sports | Other sports/disciplines from Code Signatories,178,110,68,164,14,0,5,2,NA,wada_testing_2024_sport_totals.csv,0,TRUE,NA,NA,NA,NA,NA,NA,NA,NA,NA,NA,NA,NA,NA,NA,NA,NA,FALSE,NA,NA,NA,FALSE,28.089887640449437,0.6179775280898876,0.38202247191011235,0.9213483146067416,0.07865168539325842,0,297965,2310,7.752588391254006,5.97385598979746e-4,0.0021645021645021645,NA,NA,NA,NA,NA,NA,NA,NA,NA,NA,NA,NA,NA,75,53,NA,TRUE,FALSE,FALSE,NA,28,TRUE,FALSE,FALSE
2024,Functional Fitness,Functional Fitness,Functional Fitness,Sports/disciplines from Specific Code Signatories,163,119,44,86,1,76,5,1,NA,wada_testing_2024_sport_totals.csv,0,TRUE,NA,NA,NA,NA,NA,NA,NA,NA,NA,NA,NA,NA,NA,NA,NA,NA,FALSE,NA,NA,NA,FALSE,30.67484662576687,0.7300613496932515,0.26993865030674846,0.5276073619631901,0.006134969325153374,0.4662576687116564,297965,2310,7.752588391254006,5.47044115919655e-4,0.0021645021645021645,NA,NA,NA,NA,NA,NA,NA,NA,NA,NA,NA,NA,NA,76,53,NA,TRUE,FALSE,FALSE,NA,24,TRUE,FALSE,FALSE
2024,Billiards,Billiards,Billiards,ARISF recognized sports,143,112,31,137,0,6,4,1,NA,wada_testing_2024_sport_totals.csv,0,TRUE,NA,NA,NA,NA,NA,NA,NA,NA,NA,NA,NA,NA,NA,NA,NA,NA,FALSE,NA,NA,NA,FALSE,27.972027972027973,0.7832167832167832,0.21678321678321677,0.958041958041958,0,0.04195804195804196,297965,2310,7.752588391254006,4.799221385062004e-4,0.0017316017316017316,NA,NA,NA,NA,NA,NA,NA,NA,NA,NA,NA,NA,NA,77,58,NA,TRUE,FALSE,FALSE,NA,29,TRUE,FALSE,FALSE
2024,Para-Ice Hockey,Para-Ice Hockey,Para-Ice Hockey,Paralympic sports/discipline,129,59,70,125,4,0,0,1,NA,wada_testing_2024_sport_totals.csv,0,TRUE,NA,NA,NA,NA,NA,NA,NA,NA,NA,NA,NA,NA,NA,NA,NA,NA,FALSE,NA,NA,NA,FALSE,0,0.4573643410852713,0.5426356589147286,0.9689922480620154,0.031007751937984496,0,297965,2310,7.752588391254006,4.329367543167822e-4,0,NA,NA,NA,NA,NA,NA,NA,NA,NA,NA,NA,NA,NA,78,100,NA,TRUE,FALSE,FALSE,NA,100,TRUE,FALSE,FALSE
2024,Sepaktakraw,Sepaktakraw,Sepaktakraw,AIMS sports,125,77,48,125,0,0,0,1,NA,wada_testing_2024_sport_totals.csv,0,TRUE,NA,NA,NA,NA,NA,NA,NA,NA,NA,NA,NA,NA,NA,NA,NA,NA,FALSE,NA,NA,NA,FALSE,0,0.616,0.384,1,0,0,297965,2310,7.752588391254006,4.1951235883409127e-4,0,NA,NA,NA,NA,NA,NA,NA,NA,NA,NA,NA,NA,NA,79,100,NA,TRUE,FALSE,FALSE,NA,100,TRUE,FALSE,FALSE
2024,Lacrosse,Lacrosse,Lacrosse,ARISF recognized sports,121,43,78,107,14,0,3,1,NA,wada_testing_2024_sport_totals.csv,0,TRUE,NA,NA,NA,NA,NA,NA,NA,NA,NA,NA,NA,NA,NA,NA,NA,NA,FALSE,NA,NA,NA,FALSE,24.793388429752067,0.35537190082644626,0.6446280991735537,0.8842975206611571,0.11570247933884298,0,297965,2310,7.752588391254006,4.0608796335140035e-4,0.0012987012987012987,NA,NA,NA,NA,NA,NA,NA,NA,NA,NA,NA,NA,NA,80,64,NA,TRUE,FALSE,FALSE,NA,31,TRUE,FALSE,FALSE
2024,Bandy,Bandy,Bandy,ARISF recognized sports | University sports/disciplines from Code Signatories,119,89,30,119,0,0,1,2,NA,wada_testing_2024_sport_totals.csv,0,TRUE,NA,NA,NA,NA,NA,NA,NA,NA,NA,NA,NA,NA,NA,NA,NA,NA,FALSE,NA,NA,NA,FALSE,8.403361344537815,0.7478991596638656,0.25210084033613445,1,0,0,297965,2310,7.752588391254006,3.993757656100549e-4,4.329004329004329e-4,NA,NA,NA,NA,NA,NA,NA,NA,NA,NA,NA,NA,NA,81,82,NA,TRUE,FALSE,FALSE,NA,62,TRUE,FALSE,FALSE
2024,Tug of War,Tug of War,Tug of War,ARISF recognized sports,119,78,41,97,4,18,0,1,NA,wada_testing_2024_sport_totals.csv,0,TRUE,NA,NA,NA,NA,NA,NA,NA,NA,NA,NA,NA,NA,NA,NA,NA,NA,FALSE,NA,NA,NA,FALSE,0,0.6554621848739496,0.3445378151260504,0.8151260504201681,0.03361344537815126,0.15126050420168066,297965,2310,7.752588391254006,3.993757656100549e-4,0,NA,NA,NA,NA,NA,NA,NA,NA,NA,NA,NA,NA,NA,81,100,NA,TRUE,FALSE,FALSE,NA,100,TRUE,FALSE,FALSE
2024,Kurash,Kurash,Kurash,Other sports/disciplines from Code Signatories,109,74,35,109,0,0,7,1,NA,wada_testing_2024_sport_totals.csv,0,TRUE,NA,NA,NA,NA,NA,NA,NA,NA,NA,NA,NA,NA,NA,NA,NA,NA,FALSE,NA,NA,NA,FALSE,64.22018348623854,0.6788990825688074,0.3211009174311927,1,0,0,297965,2310,7.752588391254006,3.658147769033276e-4,0.0030303030303030303,NA,NA,NA,NA,NA,NA,NA,NA,NA,NA,NA,NA,NA,83,45,NA,TRUE,FALSE,FALSE,NA,11,TRUE,FALSE,FALSE
2024,Water Skiing,Water Skiing,Water Skiing,ARISF recognized sports,103,103,0,101,0,2,1,1,NA,wada_testing_2024_sport_totals.csv,0,TRUE,NA,NA,NA,NA,NA,NA,NA,NA,NA,NA,NA,NA,NA,NA,NA,NA,FALSE,NA,NA,NA,FALSE,9.70873786407767,1,0,0.9805825242718447,0,0.019417475728155338,297965,2310,7.752588391254006,3.456781836792912e-4,4.329004329004329e-4,NA,NA,NA,NA,NA,NA,NA,NA,NA,NA,NA,NA,NA,84,82,NA,TRUE,FALSE,FALSE,NA,56,TRUE,FALSE,FALSE
2024,Pencak Silat,Pencak Silat,Pensak Silat,Sports/disciplines from Specific Code Signatories,93,60,33,93,0,0,1,1,NA,wada_testing_2024_sport_totals.csv,0,TRUE,NA,NA,NA,NA,NA,NA,NA,NA,NA,NA,NA,NA,NA,NA,NA,NA,FALSE,NA,NA,NA,FALSE,10.752688172043012,0.6451612903225806,0.3548387096774194,1,0,0,297965,2310,7.752588391254006,3.121171949725639e-4,4.329004329004329e-4,NA,NA,NA,NA,NA,NA,NA,NA,NA,NA,NA,NA,NA,85,82,NA,FALSE,FALSE,FALSE,NA,NA,TRUE,FALSE,FALSE
2024,Para-Nordic Skiing,Para-Nordic Skiing,Para-Nordic Skiing,Sports for Athletes with an Impairment,91,43,48,87,4,0,1,1,NA,wada_testing_2024_sport_totals.csv,0,TRUE,NA,NA,NA,NA,NA,NA,NA,NA,NA,NA,NA,NA,NA,NA,NA,NA,FALSE,NA,NA,NA,FALSE,10.989010989010989,0.4725274725274725,0.5274725274725275,0.9560439560439561,0.04395604395604396,0,297965,2310,7.752588391254006,3.0540499723121845e-4,4.329004329004329e-4,NA,NA,NA,NA,NA,NA,NA,NA,NA,NA,NA,NA,NA,86,82,NA,FALSE,FALSE,FALSE,NA,NA,TRUE,FALSE,FALSE
2024,Soft Tennis,Soft Tennis,Soft Tennis,AIMS sports,88,65,23,87,1,0,0,1,NA,wada_testing_2024_sport_totals.csv,0,TRUE,NA,NA,NA,NA,NA,NA,NA,NA,NA,NA,NA,NA,NA,NA,NA,NA,FALSE,NA,NA,NA,FALSE,0,0.7386363636363636,0.26136363636363635,0.9886363636363636,0.011363636363636364,0,297965,2310,7.752588391254006,2.9533670061920024e-4,0,NA,NA,NA,NA,NA,NA,NA,NA,NA,NA,NA,NA,NA,87,100,NA,FALSE,FALSE,FALSE,NA,NA,TRUE,FALSE,FALSE
2024,Bowling,Bowling,Bowling,ARISF recognized sports | Sports for Athletes with an Impairment,87,58,29,87,0,0,0,2,NA,wada_testing_2024_sport_totals.csv,0,TRUE,NA,NA,NA,NA,NA,NA,NA,NA,NA,NA,NA,NA,NA,NA,NA,NA,FALSE,NA,NA,NA,FALSE,0,0.6666666666666666,0.3333333333333333,1,0,0,297965,2310,7.752588391254006,2.9198060174852753e-4,0,NA,NA,NA,NA,NA,NA,NA,NA,NA,NA,NA,NA,NA,88,100,NA,FALSE,FALSE,FALSE,NA,NA,TRUE,FALSE,FALSE
2024,Chess,Chess,Chess,ARISF recognized sports | Sports for Athletes with an Impairment,80,57,23,80,0,0,1,2,NA,wada_testing_2024_sport_totals.csv,0,TRUE,NA,NA,NA,NA,NA,NA,NA,NA,NA,NA,NA,NA,NA,NA,NA,NA,FALSE,NA,NA,NA,FALSE,12.5,0.7125,0.2875,1,0,0,297965,2310,7.752588391254006,2.684879096538184e-4,4.329004329004329e-4,NA,NA,NA,NA,NA,NA,NA,NA,NA,NA,NA,NA,NA,89,82,NA,FALSE,FALSE,FALSE,NA,NA,TRUE,FALSE,FALSE
2024,Korfball,Korfball,Korfball,ARISF recognized sports,77,71,6,72,5,0,1,1,NA,wada_testing_2024_sport_totals.csv,0,TRUE,NA,NA,NA,NA,NA,NA,NA,NA,NA,NA,NA,NA,NA,NA,NA,NA,FALSE,NA,NA,NA,FALSE,12.987012987012989,0.922077922077922,0.07792207792207792,0.935064935064935,0.06493506493506493,0,297965,2310,7.752588391254006,2.5841961304180023e-4,4.329004329004329e-4,NA,NA,NA,NA,NA,NA,NA,NA,NA,NA,NA,NA,NA,90,82,NA,FALSE,FALSE,FALSE,NA,NA,TRUE,FALSE,FALSE
2024,College,College,College,Sports/disciplines from Specific Code Signatories,70,70,0,70,0,0,0,1,NA,wada_testing_2024_sport_totals.csv,0,TRUE,NA,NA,NA,NA,NA,NA,NA,NA,NA,NA,NA,NA,NA,NA,NA,NA,FALSE,NA,NA,NA,FALSE,0,1,0,1,0,0,297965,2310,7.752588391254006,2.349269209470911e-4,0,NA,NA,NA,NA,NA,NA,NA,NA,NA,NA,NA,NA,NA,91,100,NA,FALSE,FALSE,FALSE,NA,NA,TRUE,FALSE,FALSE
2024,Football 7-a-Side,Football 7-a-Side,Football 7-a-Side,Sports for Athletes with an Impairment,69,8,61,65,0,4,0,1,NA,wada_testing_2024_sport_totals.csv,0,TRUE,NA,NA,NA,NA,NA,NA,NA,NA,NA,NA,NA,NA,NA,NA,NA,NA,FALSE,NA,NA,NA,FALSE,0,0.11594202898550725,0.8840579710144928,0.9420289855072463,0,0.057971014492753624,297965,2310,7.752588391254006,2.3157082207641837e-4,0,NA,NA,NA,NA,NA,NA,NA,NA,NA,NA,NA,NA,NA,92,100,NA,FALSE,FALSE,FALSE,NA,NA,TRUE,FALSE,FALSE
2024,Mountaineering and Climbing,Mountaineering and Climbing,Mountaineering and Climbing,ARISF recognized sports,66,54,12,66,0,0,3,1,NA,wada_testing_2024_sport_totals.csv,0,TRUE,NA,NA,NA,NA,NA,NA,NA,NA,NA,NA,NA,NA,NA,NA,NA,NA,FALSE,NA,NA,NA,FALSE,45.45454545454545,0.8181818181818182,0.18181818181818182,1,0,0,297965,2310,7.752588391254006,2.2150252546440018e-4,0.0012987012987012987,NA,NA,NA,NA,NA,NA,NA,NA,NA,NA,NA,NA,NA,93,64,NA,FALSE,FALSE,FALSE,NA,NA,TRUE,FALSE,FALSE
2024,Boules Sports,Boules Sports,Boules,ARISF recognized sports | Sports/disciplines from Specific Code Signatories,64,62,2,64,0,0,1,2,NA,wada_testing_2024_sport_totals.csv,0,TRUE,NA,NA,NA,NA,NA,NA,NA,NA,NA,NA,NA,NA,NA,NA,NA,NA,FALSE,NA,NA,NA,FALSE,15.625,0.96875,0.03125,1,0,0,297965,2310,7.752588391254006,2.1479032772305472e-4,4.329004329004329e-4,NA,NA,NA,NA,NA,NA,NA,NA,NA,NA,NA,NA,NA,94,82,NA,FALSE,FALSE,FALSE,NA,NA,TRUE,FALSE,FALSE
2024,Air Sports,Air Sports,Air,ARISF recognized sports | Military sports/disciplines from Code Signatories,62,24,38,62,0,0,1,2,NA,wada_testing_2024_sport_totals.csv,0,TRUE,NA,NA,NA,NA,NA,NA,NA,NA,NA,NA,NA,NA,NA,NA,NA,NA,FALSE,NA,NA,NA,FALSE,16.129032258064516,0.3870967741935484,0.6129032258064516,1,0,0,297965,2310,7.752588391254006,2.0807812998170926e-4,4.329004329004329e-4,NA,NA,NA,NA,NA,NA,NA,NA,NA,NA,NA,NA,NA,95,82,NA,FALSE,FALSE,FALSE,NA,NA,TRUE,FALSE,FALSE
2024,Dragon Boat,Dragon Boat,Dragon Boat,AIMS sports,59,39,20,59,0,0,0,1,NA,wada_testing_2024_sport_totals.csv,0,TRUE,NA,NA,NA,NA,NA,NA,NA,NA,NA,NA,NA,NA,NA,NA,NA,NA,FALSE,NA,NA,NA,FALSE,0,0.6610169491525424,0.3389830508474576,1,0,0,297965,2310,7.752588391254006,1.9800983336969107e-4,0,NA,NA,NA,NA,NA,NA,NA,NA,NA,NA,NA,NA,NA,96,100,NA,FALSE,FALSE,FALSE,NA,NA,TRUE,FALSE,FALSE
2024,Savate,Savate,Savate,AIMS sports,59,34,25,57,2,0,1,1,NA,wada_testing_2024_sport_totals.csv,0,TRUE,NA,NA,NA,NA,NA,NA,NA,NA,NA,NA,NA,NA,NA,NA,NA,NA,FALSE,NA,NA,NA,FALSE,16.949152542372882,0.576271186440678,0.423728813559322,0.9661016949152542,0.03389830508474576,0,297965,2310,7.752588391254006,1.9800983336969107e-4,4.329004329004329e-4,NA,NA,NA,NA,NA,NA,NA,NA,NA,NA,NA,NA,NA,96,82,NA,FALSE,FALSE,FALSE,NA,NA,TRUE,FALSE,FALSE
2024,School Sports,School Sports,School,Other sports/disciplines from Code Signatories,59,22,37,59,0,0,1,1,NA,wada_testing_2024_sport_totals.csv,0,TRUE,NA,NA,NA,NA,NA,NA,NA,NA,NA,NA,NA,NA,NA,NA,NA,NA,FALSE,NA,NA,NA,FALSE,16.949152542372882,0.3728813559322034,0.6271186440677966,1,0,0,297965,2310,7.752588391254006,1.9800983336969107e-4,4.329004329004329e-4,NA,NA,NA,NA,NA,NA,NA,NA,NA,NA,NA,NA,NA,96,82,NA,FALSE,FALSE,FALSE,NA,NA,TRUE,FALSE,FALSE
2024,Teqball,Teqball,Teqball,AIMS sports,58,39,19,55,3,0,0,1,NA,wada_testing_2024_sport_totals.csv,0,TRUE,NA,NA,NA,NA,NA,NA,NA,NA,NA,NA,NA,NA,NA,NA,NA,NA,FALSE,NA,NA,NA,FALSE,0,0.6724137931034483,0.3275862068965517,0.9482758620689655,0.05172413793103448,0,297965,2310,7.752588391254006,1.9465373449901834e-4,0,NA,NA,NA,NA,NA,NA,NA,NA,NA,NA,NA,NA,NA,99,100,NA,FALSE,FALSE,FALSE,NA,NA,TRUE,FALSE,FALSE
2024,Kettlebell Lifting,Kettlebell Lifting,Kettlebell Lifting,Other sports/disciplines from Code Signatories,54,47,7,54,0,0,0,1,NA,wada_testing_2024_sport_totals.csv,0,TRUE,NA,NA,NA,NA,NA,NA,NA,NA,NA,NA,NA,NA,NA,NA,NA,NA,FALSE,NA,NA,NA,FALSE,0,0.8703703703703703,0.12962962962962962,1,0,0,297965,2310,7.752588391254006,1.8122933901632742e-4,0,NA,NA,NA,NA,NA,NA,NA,NA,NA,NA,NA,NA,NA,100,100,NA,FALSE,FALSE,FALSE,NA,NA,TRUE,FALSE,FALSE
2024,Basque Pelota,Basque Pelota,Basque Pelota,ARISF recognized sports,53,36,17,53,0,0,0,1,NA,wada_testing_2024_sport_totals.csv,0,TRUE,NA,NA,NA,NA,NA,NA,NA,NA,NA,NA,NA,NA,NA,NA,NA,NA,FALSE,NA,NA,NA,FALSE,0,0.6792452830188679,0.32075471698113206,1,0,0,297965,2310,7.752588391254006,1.778732401456547e-4,0,NA,NA,NA,NA,NA,NA,NA,NA,NA,NA,NA,NA,NA,101,100,NA,FALSE,FALSE,FALSE,NA,NA,TRUE,FALSE,FALSE
2024,CrossFit,CrossFit,CrossFit,Sports/disciplines from Specific Code Signatories,53,53,0,6,2,45,0,1,NA,wada_testing_2024_sport_totals.csv,0,TRUE,NA,NA,NA,NA,NA,NA,NA,NA,NA,NA,NA,NA,NA,NA,NA,NA,FALSE,NA,NA,NA,FALSE,0,1,0,0.11320754716981132,0.03773584905660377,0.8490566037735849,297965,2310,7.752588391254006,1.778732401456547e-4,0,NA,NA,NA,NA,NA,NA,NA,NA,NA,NA,NA,NA,NA,101,100,NA,FALSE,FALSE,FALSE,NA,NA,TRUE,FALSE,FALSE
2024,Powerboating,Powerboating,Powerboating,ARISF recognized sports,49,31,18,35,14,0,2,1,NA,wada_testing_2024_sport_totals.csv,0,TRUE,NA,NA,NA,NA,NA,NA,NA,NA,NA,NA,NA,NA,NA,NA,NA,NA,FALSE,NA,NA,NA,FALSE,40.816326530612244,0.6326530612244898,0.3673469387755102,0.7142857142857143,0.2857142857142857,0,297965,2310,7.752588391254006,1.6444884466296377e-4,8.658008658008658e-4,NA,NA,NA,NA,NA,NA,NA,NA,NA,NA,NA,NA,NA,103,72,NA,FALSE,FALSE,FALSE,NA,NA,TRUE,FALSE,FALSE
2024,Sumo,Sumo,Sumo,ARISF recognized sports,40,29,11,40,0,0,0,1,NA,wada_testing_2024_sport_totals.csv,0,TRUE,NA,NA,NA,NA,NA,NA,NA,NA,NA,NA,NA,NA,NA,NA,NA,NA,FALSE,NA,NA,NA,FALSE,0,0.725,0.275,1,0,0,297965,2310,7.752588391254006,1.342439548269092e-4,0,NA,NA,NA,NA,NA,NA,NA,NA,NA,NA,NA,NA,NA,104,100,NA,FALSE,FALSE,FALSE,NA,NA,TRUE,FALSE,FALSE
2024,Racquetball,Racquetball,Racquetball,ARISF recognized sports,39,10,29,39,0,0,0,1,NA,wada_testing_2024_sport_totals.csv,0,TRUE,NA,NA,NA,NA,NA,NA,NA,NA,NA,NA,NA,NA,NA,NA,NA,NA,FALSE,NA,NA,NA,FALSE,0,0.2564102564102564,0.7435897435897436,1,0,0,297965,2310,7.752588391254006,1.3088785595623647e-4,0,NA,NA,NA,NA,NA,NA,NA,NA,NA,NA,NA,NA,NA,105,100,NA,FALSE,FALSE,FALSE,NA,NA,TRUE,FALSE,FALSE
2024,Bridge,Bridge,Bridge,ARISF recognized sports,37,27,10,37,0,0,2,1,NA,wada_testing_2024_sport_totals.csv,0,TRUE,NA,NA,NA,NA,NA,NA,NA,NA,NA,NA,NA,NA,NA,NA,NA,NA,FALSE,NA,NA,NA,FALSE,54.054054054054056,0.7297297297297297,0.2702702702702703,1,0,0,297965,2310,7.752588391254006,1.24175658214891e-4,8.658008658008658e-4,NA,NA,NA,NA,NA,NA,NA,NA,NA,NA,NA,NA,NA,106,72,NA,FALSE,FALSE,FALSE,NA,NA,TRUE,FALSE,FALSE
2024,Electronic Sports,Electronic Sports,Electronic,Other sports/disciplines from Code Signatories,37,29,8,37,0,0,0,1,NA,wada_testing_2024_sport_totals.csv,0,TRUE,NA,NA,NA,NA,NA,NA,NA,NA,NA,NA,NA,NA,NA,NA,NA,NA,FALSE,NA,NA,NA,FALSE,0,0.7837837837837838,0.21621621621621623,1,0,0,297965,2310,7.752588391254006,1.24175658214891e-4,0,NA,NA,NA,NA,NA,NA,NA,NA,NA,NA,NA,NA,NA,106,100,NA,FALSE,FALSE,FALSE,NA,NA,TRUE,FALSE,FALSE
2024,Baseball,Baseball,Baseball,Sports/disciplines from Specific Code Signatories,32,28,4,32,0,0,0,1,NA,wada_testing_2024_sport_totals.csv,0,TRUE,NA,NA,NA,NA,NA,NA,NA,NA,NA,NA,NA,NA,NA,NA,NA,NA,FALSE,NA,NA,NA,FALSE,0,0.875,0.125,1,0,0,297965,2310,7.752588391254006,1.0739516386152736e-4,0,NA,NA,NA,NA,NA,NA,NA,NA,NA,NA,NA,NA,NA,108,100,NA,FALSE,FALSE,FALSE,NA,NA,TRUE,FALSE,FALSE
2024,Camel Racing,Camel Racing,Camel Racing,Sports/disciplines from Specific Code Signatories,30,30,0,30,0,0,1,1,NA,wada_testing_2024_sport_totals.csv,0,TRUE,NA,NA,NA,NA,NA,NA,NA,NA,NA,NA,NA,NA,NA,NA,NA,NA,FALSE,NA,NA,NA,FALSE,33.333333333333336,1,0,1,0,0,297965,2310,7.752588391254006,1.006829661201819e-4,4.329004329004329e-4,NA,NA,NA,NA,NA,NA,NA,NA,NA,NA,NA,NA,NA,109,82,NA,FALSE,FALSE,FALSE,NA,NA,TRUE,FALSE,FALSE
2024,Darts,Darts,Darts,AIMS sports,30,30,0,30,0,0,2,1,NA,wada_testing_2024_sport_totals.csv,0,TRUE,NA,NA,NA,NA,NA,NA,NA,NA,NA,NA,NA,NA,NA,NA,NA,NA,FALSE,NA,NA,NA,FALSE,66.66666666666667,1,0,1,0,0,297965,2310,7.752588391254006,1.006829661201819e-4,8.658008658008658e-4,NA,NA,NA,NA,NA,NA,NA,NA,NA,NA,NA,NA,NA,109,72,NA,FALSE,FALSE,FALSE,NA,NA,TRUE,FALSE,FALSE
2024,Jiu-Jitsu,Jiu-Jitsu,Ju-Jitsu,AIMS sports,30,26,4,30,0,0,0,1,NA,wada_testing_2024_sport_totals.csv,0,TRUE,NA,NA,NA,NA,NA,NA,NA,NA,NA,NA,NA,NA,NA,NA,NA,NA,FALSE,NA,NA,NA,FALSE,0,0.8666666666666667,0.13333333333333333,1,0,0,297965,2310,7.752588391254006,1.006829661201819e-4,0,NA,NA,NA,NA,NA,NA,NA,NA,NA,NA,NA,NA,NA,109,100,NA,FALSE,FALSE,FALSE,NA,NA,TRUE,FALSE,FALSE
2024,Sport Fishing,Sport Fishing,Sport Fishing,AIMS sports,30,28,2,30,0,0,2,1,NA,wada_testing_2024_sport_totals.csv,0,TRUE,NA,NA,NA,NA,NA,NA,NA,NA,NA,NA,NA,NA,NA,NA,NA,NA,FALSE,NA,NA,NA,FALSE,66.66666666666667,0.9333333333333333,0.06666666666666667,1,0,0,297965,2310,7.752588391254006,1.006829661201819e-4,8.658008658008658e-4,NA,NA,NA,NA,NA,NA,NA,NA,NA,NA,NA,NA,NA,109,72,NA,FALSE,FALSE,FALSE,NA,NA,TRUE,FALSE,FALSE
2024,Icestocksport,Icestocksport,Icestocksport,ARISF recognized sports,24,16,8,24,0,0,1,1,NA,wada_testing_2024_sport_totals.csv,0,TRUE,NA,NA,NA,NA,NA,NA,NA,NA,NA,NA,NA,NA,NA,NA,NA,NA,FALSE,NA,NA,NA,FALSE,41.666666666666664,0.6666666666666666,0.3333333333333333,1,0,0,297965,2310,7.752588391254006,8.054637289614552e-5,4.329004329004329e-4,NA,NA,NA,NA,NA,NA,NA,NA,NA,NA,NA,NA,NA,113,82,NA,FALSE,FALSE,FALSE,NA,NA,TRUE,FALSE,FALSE
2024,Kho Kho,Kho Kho,Kho Kho,Sports/disciplines from Specific Code Signatories,24,4,20,24,0,0,0,1,NA,wada_testing_2024_sport_totals.csv,0,TRUE,NA,NA,NA,NA,NA,NA,NA,NA,NA,NA,NA,NA,NA,NA,NA,NA,FALSE,NA,NA,NA,FALSE,0,0.16666666666666666,0.8333333333333334,1,0,0,297965,2310,7.752588391254006,8.054637289614552e-5,0,NA,NA,NA,NA,NA,NA,NA,NA,NA,NA,NA,NA,NA,113,100,NA,FALSE,FALSE,FALSE,NA,NA,TRUE,FALSE,FALSE
2024,Padel,Padel,Padel,Sports/disciplines from Specific Code Signatories,24,17,7,23,1,0,0,1,NA,wada_testing_2024_sport_totals.csv,0,TRUE,NA,NA,NA,NA,NA,NA,NA,NA,NA,NA,NA,NA,NA,NA,NA,NA,FALSE,NA,NA,NA,FALSE,0,0.7083333333333334,0.2916666666666667,0.9583333333333334,0.041666666666666664,0,297965,2310,7.752588391254006,8.054637289614552e-5,0,NA,NA,NA,NA,NA,NA,NA,NA,NA,NA,NA,NA,NA,113,100,NA,FALSE,FALSE,FALSE,NA,NA,TRUE,FALSE,FALSE
2024,Flying Disc,Flying Disc,Flying Disc,ARISF recognized sports,21,21,0,19,2,0,3,1,NA,wada_testing_2024_sport_totals.csv,0,TRUE,NA,NA,NA,NA,NA,NA,NA,NA,NA,NA,NA,NA,NA,NA,NA,NA,FALSE,NA,NA,NA,FALSE,142.85714285714286,1,0,0.9047619047619048,0.09523809523809523,0,297965,2310,7.752588391254006,7.047807628412733e-5,0.0012987012987012987,NA,NA,NA,NA,NA,NA,NA,NA,NA,NA,NA,NA,NA,116,64,NA,FALSE,FALSE,FALSE,NA,NA,TRUE,FALSE,FALSE
2024,Kempo,Kempo,Kempo,Sports/disciplines from Specific Code Signatories,20,20,0,20,0,0,0,1,NA,wada_testing_2024_sport_totals.csv,0,TRUE,NA,NA,NA,NA,NA,NA,NA,NA,NA,NA,NA,NA,NA,NA,NA,NA,FALSE,NA,NA,NA,FALSE,0,1,0,1,0,0,297965,2310,7.752588391254006,6.71219774134546e-5,0,NA,NA,NA,NA,NA,NA,NA,NA,NA,NA,NA,NA,NA,117,100,NA,FALSE,FALSE,FALSE,NA,NA,TRUE,FALSE,FALSE
2024,Polo,Polo,Polo,ARISF recognized sports,20,20,0,20,0,0,1,1,NA,wada_testing_2024_sport_totals.csv,0,TRUE,NA,NA,NA,NA,NA,NA,NA,NA,NA,NA,NA,NA,NA,NA,NA,NA,FALSE,NA,NA,NA,FALSE,50,1,0,1,0,0,297965,2310,7.752588391254006,6.71219774134546e-5,4.329004329004329e-4,NA,NA,NA,NA,NA,NA,NA,NA,NA,NA,NA,NA,NA,117,82,NA,FALSE,FALSE,FALSE,NA,NA,TRUE,FALSE,FALSE
2024,Brazilian Jiu-Jitsu,Brazilian Jiu-Jitsu,Brazilian Jiu-Jitsu,Sports/disciplines from Specific Code Signatories,19,18,1,19,0,0,0,1,NA,wada_testing_2024_sport_totals.csv,0,TRUE,NA,NA,NA,NA,NA,NA,NA,NA,NA,NA,NA,NA,NA,NA,NA,NA,FALSE,NA,NA,NA,FALSE,0,0.9473684210526315,0.05263157894736842,1,0,0,297965,2310,7.752588391254006,6.376587854278187e-5,0,NA,NA,NA,NA,NA,NA,NA,NA,NA,NA,NA,NA,NA,119,100,NA,FALSE,FALSE,FALSE,NA,NA,TRUE,FALSE,FALSE
2024,Ringette,Ringette,Ringette,Sports/disciplines from Specific Code Signatories,18,13,5,17,1,0,0,1,NA,wada_testing_2024_sport_totals.csv,0,TRUE,NA,NA,NA,NA,NA,NA,NA,NA,NA,NA,NA,NA,NA,NA,NA,NA,FALSE,NA,NA,NA,FALSE,0,0.7222222222222222,0.2777777777777778,0.9444444444444444,0.05555555555555555,0,297965,2310,7.752588391254006,6.040977967210914e-5,0,NA,NA,NA,NA,NA,NA,NA,NA,NA,NA,NA,NA,NA,120,100,NA,FALSE,FALSE,FALSE,NA,NA,TRUE,FALSE,FALSE
2024,Draughts,Draughts,Draughts,AIMS sports,17,16,1,17,0,0,0,1,NA,wada_testing_2024_sport_totals.csv,0,TRUE,NA,NA,NA,NA,NA,NA,NA,NA,NA,NA,NA,NA,NA,NA,NA,NA,FALSE,NA,NA,NA,FALSE,0,0.9411764705882353,0.058823529411764705,1,0,0,297965,2310,7.752588391254006,5.705368080143641e-5,0,NA,NA,NA,NA,NA,NA,NA,NA,NA,NA,NA,NA,NA,121,100,NA,FALSE,FALSE,FALSE,NA,NA,TRUE,FALSE,FALSE
2024,Jump Rope,Jump Rope,Jump Rope,Other sports/disciplines from Code Signatories,17,17,0,17,0,0,0,1,NA,wada_testing_2024_sport_totals.csv,0,TRUE,NA,NA,NA,NA,NA,NA,NA,NA,NA,NA,NA,NA,NA,NA,NA,NA,FALSE,NA,NA,NA,FALSE,0,1,0,1,0,0,297965,2310,7.752588391254006,5.705368080143641e-5,0,NA,NA,NA,NA,NA,NA,NA,NA,NA,NA,NA,NA,NA,121,100,NA,FALSE,FALSE,FALSE,NA,NA,TRUE,FALSE,FALSE
2024,Pole Sports,Pole Sports,Pole sports,Other sports/disciplines from Code Signatories,16,16,0,16,0,0,0,1,NA,wada_testing_2024_sport_totals.csv,0,TRUE,NA,NA,NA,NA,NA,NA,NA,NA,NA,NA,NA,NA,NA,NA,NA,NA,FALSE,NA,NA,NA,FALSE,0,1,0,1,0,0,297965,2310,7.752588391254006,5.369758193076368e-5,0,NA,NA,NA,NA,NA,NA,NA,NA,NA,NA,NA,NA,NA,123,100,NA,FALSE,FALSE,FALSE,NA,NA,TRUE,FALSE,FALSE
2024,Heavy Events,Heavy Events,Heavy Events,Sports/disciplines from Specific Code Signatories,15,11,4,14,0,1,0,1,NA,wada_testing_2024_sport_totals.csv,0,TRUE,NA,NA,NA,NA,NA,NA,NA,NA,NA,NA,NA,NA,NA,NA,NA,NA,FALSE,NA,NA,NA,FALSE,0,0.7333333333333333,0.26666666666666666,0.9333333333333333,0,0.06666666666666667,297965,2310,7.752588391254006,5.034148306009095e-5,0,NA,NA,NA,NA,NA,NA,NA,NA,NA,NA,NA,NA,NA,124,100,NA,FALSE,FALSE,FALSE,NA,NA,TRUE,FALSE,FALSE
2024,Kudo,Kudo,Kudo,Other sports/disciplines from Code Signatories,15,12,3,15,0,0,2,1,NA,wada_testing_2024_sport_totals.csv,0,TRUE,NA,NA,NA,NA,NA,NA,NA,NA,NA,NA,NA,NA,NA,NA,NA,NA,FALSE,NA,NA,NA,FALSE,133.33333333333334,0.8,0.2,1,0,0,297965,2310,7.752588391254006,5.034148306009095e-5,8.658008658008658e-4,NA,NA,NA,NA,NA,NA,NA,NA,NA,NA,NA,NA,NA,124,72,NA,FALSE,FALSE,FALSE,NA,NA,TRUE,FALSE,FALSE
2024,Nanbudo,Nanbudo,Nanbudo,Sports/disciplines from Specific Code Signatories,15,10,5,15,0,0,0,1,NA,wada_testing_2024_sport_totals.csv,0,TRUE,NA,NA,NA,NA,NA,NA,NA,NA,NA,NA,NA,NA,NA,NA,NA,NA,FALSE,NA,NA,NA,FALSE,0,0.6666666666666666,0.3333333333333333,1,0,0,297965,2310,7.752588391254006,5.034148306009095e-5,0,NA,NA,NA,NA,NA,NA,NA,NA,NA,NA,NA,NA,NA,124,100,NA,FALSE,FALSE,FALSE,NA,NA,TRUE,FALSE,FALSE
2024,Sleddog,Sleddog,Sleddog,AIMS sports,13,13,0,13,0,0,0,1,NA,wada_testing_2024_sport_totals.csv,0,TRUE,NA,NA,NA,NA,NA,NA,NA,NA,NA,NA,NA,NA,NA,NA,NA,NA,FALSE,NA,NA,NA,FALSE,0,1,0,1,0,0,297965,2310,7.752588391254006,4.362928531874549e-5,0,NA,NA,NA,NA,NA,NA,NA,NA,NA,NA,NA,NA,NA,127,100,NA,FALSE,FALSE,FALSE,NA,NA,TRUE,FALSE,FALSE
2024,Strongman,Strongman,Strongest Man,Sports/disciplines from Specific Code Signatories,13,6,7,11,0,2,0,1,NA,wada_testing_2024_sport_totals.csv,0,TRUE,NA,NA,NA,NA,NA,NA,NA,NA,NA,NA,NA,NA,NA,NA,NA,NA,FALSE,NA,NA,NA,FALSE,0,0.46153846153846156,0.5384615384615384,0.8461538461538461,0,0.15384615384615385,297965,2310,7.752588391254006,4.362928531874549e-5,0,NA,NA,NA,NA,NA,NA,NA,NA,NA,NA,NA,NA,NA,127,100,NA,FALSE,FALSE,FALSE,NA,NA,TRUE,FALSE,FALSE
2024,Firefighting and Rescuing,Firefighting and Rescuing,Firefighting and Rescuing,Sports/disciplines from Specific Code Signatories,12,12,0,12,0,0,0,1,NA,wada_testing_2024_sport_totals.csv,0,TRUE,NA,NA,NA,NA,NA,NA,NA,NA,NA,NA,NA,NA,NA,NA,NA,NA,FALSE,NA,NA,NA,FALSE,0,1,0,1,0,0,297965,2310,7.752588391254006,4.027318644807276e-5,0,NA,NA,NA,NA,NA,NA,NA,NA,NA,NA,NA,NA,NA,129,100,NA,FALSE,FALSE,FALSE,NA,NA,TRUE,FALSE,FALSE
2024,Kendo,Kendo,Kendo,AIMS sports,12,12,0,12,0,0,0,1,NA,wada_testing_2024_sport_totals.csv,0,TRUE,NA,NA,NA,NA,NA,NA,NA,NA,NA,NA,NA,NA,NA,NA,NA,NA,FALSE,NA,NA,NA,FALSE,0,1,0,1,0,0,297965,2310,7.752588391254006,4.027318644807276e-5,0,NA,NA,NA,NA,NA,NA,NA,NA,NA,NA,NA,NA,NA,129,100,NA,FALSE,FALSE,FALSE,NA,NA,TRUE,FALSE,FALSE
2024,Power Press,Power Press,Power Press,Sports/disciplines from Specific Code Signatories,12,8,4,10,1,1,0,1,NA,wada_testing_2024_sport_totals.csv,0,TRUE,NA,NA,NA,NA,NA,NA,NA,NA,NA,NA,NA,NA,NA,NA,NA,NA,FALSE,NA,NA,NA,FALSE,0,0.6666666666666666,0.3333333333333333,0.8333333333333334,0.08333333333333333,0.08333333333333333,297965,2310,7.752588391254006,4.027318644807276e-5,0,NA,NA,NA,NA,NA,NA,NA,NA,NA,NA,NA,NA,NA,129,100,NA,FALSE,FALSE,FALSE,NA,NA,TRUE,FALSE,FALSE
2024,Para-DanceSport,Para-DanceSport,Para-DanceSport,Sports for Athletes with an Impairment,11,11,0,11,0,0,1,1,NA,wada_testing_2024_sport_totals.csv,0,TRUE,NA,NA,NA,NA,NA,NA,NA,NA,NA,NA,NA,NA,NA,NA,NA,NA,FALSE,NA,NA,NA,FALSE,90.9090909090909,1,0,1,0,0,297965,2310,7.752588391254006,3.691708757740003e-5,4.329004329004329e-4,NA,NA,NA,NA,NA,NA,NA,NA,NA,NA,NA,NA,NA,132,82,NA,FALSE,FALSE,FALSE,NA,NA,TRUE,FALSE,FALSE
2024,Bowls,Bowls,Bowls,Other sports/disciplines from Code Signatories,9,7,2,9,0,0,0,1,NA,wada_testing_2024_sport_totals.csv,0,TRUE,NA,NA,NA,NA,NA,NA,NA,NA,NA,NA,NA,NA,NA,NA,NA,NA,FALSE,NA,NA,NA,FALSE,0,0.7777777777777778,0.2222222222222222,1,0,0,297965,2310,7.752588391254006,3.020488983605457e-5,0,NA,NA,NA,NA,NA,NA,NA,NA,NA,NA,NA,NA,NA,133,100,NA,FALSE,FALSE,FALSE,NA,NA,TRUE,FALSE,FALSE
2024,CP Football,CP Football,CP Football,Sports for Athletes with an Impairment,9,9,0,9,0,0,0,1,NA,wada_testing_2024_sport_totals.csv,0,TRUE,NA,NA,NA,NA,NA,NA,NA,NA,NA,NA,NA,NA,NA,NA,NA,NA,FALSE,NA,NA,NA,FALSE,0,1,0,1,0,0,297965,2310,7.752588391254006,3.020488983605457e-5,0,NA,NA,NA,NA,NA,NA,NA,NA,NA,NA,NA,NA,NA,133,100,NA,FALSE,FALSE,FALSE,NA,NA,TRUE,FALSE,FALSE
2024,Chin-up,Chin-up,Chin-up,Sports/disciplines from Specific Code Signatories,9,7,2,9,0,0,0,1,NA,wada_testing_2024_sport_totals.csv,0,TRUE,NA,NA,NA,NA,NA,NA,NA,NA,NA,NA,NA,NA,NA,NA,NA,NA,FALSE,NA,NA,NA,FALSE,0,0.7777777777777778,0.2222222222222222,1,0,0,297965,2310,7.752588391254006,3.020488983605457e-5,0,NA,NA,NA,NA,NA,NA,NA,NA,NA,NA,NA,NA,NA,133,100,NA,FALSE,FALSE,FALSE,NA,NA,TRUE,FALSE,FALSE
2024,Lawn Bowls,Lawn Bowls,Lawn Bowls,Sports/disciplines from Specific Code Signatories,9,0,9,9,0,0,0,1,NA,wada_testing_2024_sport_totals.csv,0,TRUE,NA,NA,NA,NA,NA,NA,NA,NA,NA,NA,NA,NA,NA,NA,NA,NA,FALSE,NA,NA,NA,FALSE,0,0,1,1,0,0,297965,2310,7.752588391254006,3.020488983605457e-5,0,NA,NA,NA,NA,NA,NA,NA,NA,NA,NA,NA,NA,NA,133,100,NA,FALSE,FALSE,FALSE,NA,NA,TRUE,FALSE,FALSE
2024,Silambam,Silambam,Silambam,Sports/disciplines from Specific Code Signatories,9,9,0,9,0,0,0,1,NA,wada_testing_2024_sport_totals.csv,0,TRUE,NA,NA,NA,NA,NA,NA,NA,NA,NA,NA,NA,NA,NA,NA,NA,NA,FALSE,NA,NA,NA,FALSE,0,1,0,1,0,0,297965,2310,7.752588391254006,3.020488983605457e-5,0,NA,NA,NA,NA,NA,NA,NA,NA,NA,NA,NA,NA,NA,133,100,NA,FALSE,FALSE,FALSE,NA,NA,TRUE,FALSE,FALSE
2024,Aikido,Aikido,Aikido,AIMS sports,8,2,6,8,0,0,0,1,NA,wada_testing_2024_sport_totals.csv,0,TRUE,NA,NA,NA,NA,NA,NA,NA,NA,NA,NA,NA,NA,NA,NA,NA,NA,FALSE,NA,NA,NA,FALSE,0,0.25,0.75,1,0,0,297965,2310,7.752588391254006,2.684879096538184e-5,0,NA,NA,NA,NA,NA,NA,NA,NA,NA,NA,NA,NA,NA,138,100,NA,FALSE,FALSE,FALSE,NA,NA,TRUE,FALSE,FALSE
2024,Fistball,Fistball,Fistball,AIMS sports,8,8,0,8,0,0,0,1,NA,wada_testing_2024_sport_totals.csv,0,TRUE,NA,NA,NA,NA,NA,NA,NA,NA,NA,NA,NA,NA,NA,NA,NA,NA,FALSE,NA,NA,NA,FALSE,0,1,0,1,0,0,297965,2310,7.752588391254006,2.684879096538184e-5,0,NA,NA,NA,NA,NA,NA,NA,NA,NA,NA,NA,NA,NA,138,100,NA,FALSE,FALSE,FALSE,NA,NA,TRUE,FALSE,FALSE
2024,Touch Football,Touch Football,Touch Football,Sports/disciplines from Specific Code Signatories,8,4,4,8,0,0,0,1,NA,wada_testing_2024_sport_totals.csv,0,TRUE,NA,NA,NA,NA,NA,NA,NA,NA,NA,NA,NA,NA,NA,NA,NA,NA,FALSE,NA,NA,NA,FALSE,0,0.5,0.5,1,0,0,297965,2310,7.752588391254006,2.684879096538184e-5,0,NA,NA,NA,NA,NA,NA,NA,NA,NA,NA,NA,NA,NA,138,100,NA,FALSE,FALSE,FALSE,NA,NA,TRUE,FALSE,FALSE
2024,Longue Paume,Longue Paume,Longue Paume,Sports/disciplines from Specific Code Signatories,7,7,0,6,1,0,3,1,NA,wada_testing_2024_sport_totals.csv,0,TRUE,NA,NA,NA,NA,NA,NA,NA,NA,NA,NA,NA,NA,NA,NA,NA,NA,FALSE,NA,NA,NA,FALSE,428.57142857142856,1,0,0.8571428571428571,0.14285714285714285,0,297965,2310,7.752588391254006,2.349269209470911e-5,0.0012987012987012987,NA,NA,NA,NA,NA,NA,NA,NA,NA,NA,NA,NA,NA,141,64,NA,FALSE,FALSE,FALSE,NA,NA,TRUE,FALSE,FALSE
2024,Highland Games,Highland Games,Highland Games,Sports/disciplines from Specific Code Signatories,6,6,0,6,0,0,0,1,NA,wada_testing_2024_sport_totals.csv,0,TRUE,NA,NA,NA,NA,NA,NA,NA,NA,NA,NA,NA,NA,NA,NA,NA,NA,FALSE,NA,NA,NA,FALSE,0,1,0,1,0,0,297965,2310,7.752588391254006,2.013659322403638e-5,0,NA,NA,NA,NA,NA,NA,NA,NA,NA,NA,NA,NA,NA,142,100,NA,FALSE,FALSE,FALSE,NA,NA,TRUE,FALSE,FALSE
2024,Military Sport Pentathlon,Military Sport Pentathlon,Military Sport Pentathlon,Military sports/disciplines from Code Signatories,6,6,0,6,0,0,0,1,NA,wada_testing_2024_sport_totals.csv,0,TRUE,NA,NA,NA,NA,NA,NA,NA,NA,NA,NA,NA,NA,NA,NA,NA,NA,FALSE,NA,NA,NA,FALSE,0,1,0,1,0,0,297965,2310,7.752588391254006,2.013659322403638e-5,0,NA,NA,NA,NA,NA,NA,NA,NA,NA,NA,NA,NA,NA,142,100,NA,FALSE,FALSE,FALSE,NA,NA,TRUE,FALSE,FALSE
2024,Aesthetic Group Gymnastics,Aesthetic Group Gymnastics,Aesthetic Group Gymnastics,Sports/disciplines from Specific Code Signatories,5,5,0,5,0,0,0,1,NA,wada_testing_2024_sport_totals.csv,0,TRUE,NA,NA,NA,NA,NA,NA,NA,NA,NA,NA,NA,NA,NA,NA,NA,NA,FALSE,NA,NA,NA,FALSE,0,1,0,1,0,0,297965,2310,7.752588391254006,1.678049435336365e-5,0,NA,NA,NA,NA,NA,NA,NA,NA,NA,NA,NA,NA,NA,144,100,NA,FALSE,FALSE,FALSE,NA,NA,TRUE,FALSE,FALSE
2024,Broomball,Broomball,Broomball,Sports/disciplines from Specific Code Signatories,5,4,1,5,0,0,1,1,NA,wada_testing_2024_sport_totals.csv,0,TRUE,NA,NA,NA,NA,NA,NA,NA,NA,NA,NA,NA,NA,NA,NA,NA,NA,FALSE,NA,NA,NA,FALSE,200,0.8,0.2,1,0,0,297965,2310,7.752588391254006,1.678049435336365e-5,4.329004329004329e-4,NA,NA,NA,NA,NA,NA,NA,NA,NA,NA,NA,NA,NA,144,82,NA,FALSE,FALSE,FALSE,NA,NA,TRUE,FALSE,FALSE
2024,Showdown,Showdown,Showdown,Sports for Athletes with an Impairment,5,5,0,5,0,0,1,1,NA,wada_testing_2024_sport_totals.csv,0,TRUE,NA,NA,NA,NA,NA,NA,NA,NA,NA,NA,NA,NA,NA,NA,NA,NA,FALSE,NA,NA,NA,FALSE,200,1,0,1,0,0,297965,2310,7.752588391254006,1.678049435336365e-5,4.329004329004329e-4,NA,NA,NA,NA,NA,NA,NA,NA,NA,NA,NA,NA,NA,144,82,NA,FALSE,FALSE,FALSE,NA,NA,TRUE,FALSE,FALSE
2024,Rinkball,Rinkball,Rinkball,Sports/disciplines from Specific Code Signatories,4,4,0,4,0,0,0,1,NA,wada_testing_2024_sport_totals.csv,0,TRUE,NA,NA,NA,NA,NA,NA,NA,NA,NA,NA,NA,NA,NA,NA,NA,NA,FALSE,NA,NA,NA,FALSE,0,1,0,1,0,0,297965,2310,7.752588391254006,1.342439548269092e-5,0,NA,NA,NA,NA,NA,NA,NA,NA,NA,NA,NA,NA,NA,147,100,NA,FALSE,FALSE,FALSE,NA,NA,TRUE,FALSE,FALSE
2024,Tchoukball,Tchoukball,Tchoukball,Sports/disciplines from Specific Code Signatories,4,4,0,4,0,0,0,1,NA,wada_testing_2024_sport_totals.csv,0,TRUE,NA,NA,NA,NA,NA,NA,NA,NA,NA,NA,NA,NA,NA,NA,NA,NA,FALSE,NA,NA,NA,FALSE,0,1,0,1,0,0,297965,2310,7.752588391254006,1.342439548269092e-5,0,NA,NA,NA,NA,NA,NA,NA,NA,NA,NA,NA,NA,NA,147,100,NA,FALSE,FALSE,FALSE,NA,NA,TRUE,FALSE,FALSE
2024,Vovinam,Vovinam,Vovinam,Sports/disciplines from Specific Code Signatories,4,0,4,4,0,0,0,1,NA,wada_testing_2024_sport_totals.csv,0,TRUE,NA,NA,NA,NA,NA,NA,NA,NA,NA,NA,NA,NA,NA,NA,NA,NA,FALSE,NA,NA,NA,FALSE,0,0,1,1,0,0,297965,2310,7.752588391254006,1.342439548269092e-5,0,NA,NA,NA,NA,NA,NA,NA,NA,NA,NA,NA,NA,NA,147,100,NA,FALSE,FALSE,FALSE,NA,NA,TRUE,FALSE,FALSE
2024,Casting,Casting,Casting,AIMS sports,3,3,0,3,0,0,0,1,NA,wada_testing_2024_sport_totals.csv,0,TRUE,NA,NA,NA,NA,NA,NA,NA,NA,NA,NA,NA,NA,NA,NA,NA,NA,FALSE,NA,NA,NA,FALSE,0,1,0,1,0,0,297965,2310,7.752588391254006,1.006829661201819e-5,0,NA,NA,NA,NA,NA,NA,NA,NA,NA,NA,NA,NA,NA,150,100,NA,FALSE,FALSE,FALSE,NA,NA,TRUE,FALSE,FALSE
2024,Mas-Wrestling,Mas-Wrestling,Mas-Wrestling,Sports/disciplines from Specific Code Signatories,3,3,0,3,0,0,0,1,NA,wada_testing_2024_sport_totals.csv,0,TRUE,NA,NA,NA,NA,NA,NA,NA,NA,NA,NA,NA,NA,NA,NA,NA,NA,FALSE,NA,NA,NA,FALSE,0,1,0,1,0,0,297965,2310,7.752588391254006,1.006829661201819e-5,0,NA,NA,NA,NA,NA,NA,NA,NA,NA,NA,NA,NA,NA,150,100,NA,FALSE,FALSE,FALSE,NA,NA,TRUE,FALSE,FALSE
2024,Practical Shooting,Practical Shooting,Practical Shooting,AIMS sports,3,3,0,3,0,0,0,1,NA,wada_testing_2024_sport_totals.csv,0,TRUE,NA,NA,NA,NA,NA,NA,NA,NA,NA,NA,NA,NA,NA,NA,NA,NA,FALSE,NA,NA,NA,FALSE,0,1,0,1,0,0,297965,2310,7.752588391254006,1.006829661201819e-5,0,NA,NA,NA,NA,NA,NA,NA,NA,NA,NA,NA,NA,NA,150,100,NA,FALSE,FALSE,FALSE,NA,NA,TRUE,FALSE,FALSE
2024,CISS Sailing,CISS Sailing,CISS Sailing,Sports for Athletes with an Impairment,2,2,0,2,0,0,0,1,NA,wada_testing_2024_sport_totals.csv,0,TRUE,NA,NA,NA,NA,NA,NA,NA,NA,NA,NA,NA,NA,NA,NA,NA,NA,FALSE,NA,NA,NA,FALSE,0,1,0,1,0,0,297965,2310,7.752588391254006,6.71219774134546e-6,0,NA,NA,NA,NA,NA,NA,NA,NA,NA,NA,NA,NA,NA,153,100,NA,FALSE,FALSE,FALSE,NA,NA,TRUE,FALSE,FALSE
2024,Para-Golf,Para-Golf,Para-Golf,Sports/disciplines from Specific Code Signatories,2,2,0,2,0,0,0,1,NA,wada_testing_2024_sport_totals.csv,0,TRUE,NA,NA,NA,NA,NA,NA,NA,NA,NA,NA,NA,NA,NA,NA,NA,NA,FALSE,NA,NA,NA,FALSE,0,1,0,1,0,0,297965,2310,7.752588391254006,6.71219774134546e-6,0,NA,NA,NA,NA,NA,NA,NA,NA,NA,NA,NA,NA,NA,153,100,NA,FALSE,FALSE,FALSE,NA,NA,TRUE,FALSE,FALSE
2024,Dodgeball,Dodgeball,Dodgeball,Other sports/disciplines from Code Signatories,1,1,0,1,0,0,0,1,NA,wada_testing_2024_sport_totals.csv,0,TRUE,NA,NA,NA,NA,NA,NA,NA,NA,NA,NA,NA,NA,NA,NA,NA,NA,FALSE,NA,NA,NA,FALSE,0,1,0,1,0,0,297965,2310,7.752588391254006,3.35609887067273e-6,0,NA,NA,NA,NA,NA,NA,NA,NA,NA,NA,NA,NA,NA,155,100,NA,FALSE,FALSE,FALSE,NA,NA,TRUE,FALSE,FALSE
2024,Shuttlecock,Shuttlecock,Shuttlecock,Sports/disciplines from Specific Code Signatories,1,0,1,1,0,0,0,1,NA,wada_testing_2024_sport_totals.csv,0,TRUE,NA,NA,NA,NA,NA,NA,NA,NA,NA,NA,NA,NA,NA,NA,NA,NA,FALSE,NA,NA,NA,FALSE,0,0,1,1,0,0,297965,2310,7.752588391254006,3.35609887067273e-6,0,NA,NA,NA,NA,NA,NA,NA,NA,NA,NA,NA,NA,NA,155,100,NA,FALSE,FALSE,FALSE,NA,NA,TRUE,FALSE,FALSE
